category,db_id,db_name,db_team,db_dob,sfix_jleague_id,sfix_name,sfix_team,sfix_dob,note
confident,2591,畠中 槙之輔,C大阪,1995-08-25,11247,畠中 槙之輔,Ｃ大阪,1995-08-25,name+dob exact
confident,2603,中島 翔哉,浦和,1994-08-23,11193,中島 翔哉,浦和,1994-08-23,name+dob exact
confident,24939,宮市 亮,横浜FM,1992-12-14,44308,宮市 亮,横浜FM,1992-12-14,name+dob exact
confident,24872,酒井 高徳,神戸,1991-03-14,9080,酒井 高徳,神戸,1991-03-14,name+dob exact
confident,26729,ラザル ロマニッチ,川崎F,1998-03-25,70132,ラザル ロマニッチ,川崎Ｆ,1998-03-25,name+dob exact
confident,32861,紺野 和也,川崎F,1997-07-11,32517,紺野 和也,川崎Ｆ,1997-07-11,name+dob exact
confident,32884,櫛引 一紀,長崎,1993-02-12,11003,櫛引 一紀,長崎,1993-02-12,name+dob exact
confident,91692,池田 樹雷人,福岡,1996-09-17,15777,池田 樹雷人,福岡,1996-09-17,name+dob exact
confident,318059,田部井 涼,岡山,1999-06-25,39401,田部井 涼,岡山,1999-06-25,name+dob exact
confident,473599,末宗 寛士郎,岡山,2007-06-10,60447,末宗 寛士郎,岡山,2007-06-10,name+dob exact
confident,509245,里見 汰福,神戸,2009-04-20,61010,里見 汰福,神戸,2009-04-20,name+dob exact
confident,508073,キム ムンヒョン,福岡,2002-05-17,61974,キム ムンヒョン,福岡,2002-05-17,name+dob exact
confident,491469,ヒル 袈依廉,広島,2002-07-09,59528,ヒル 袈依廉,広島,2002-07-09,name+dob exact
confident,392714,越道 草太,広島,2004-04-03,38021,越道 草太,広島,2004-04-03,name+dob exact
confident,510575,千田 遼,岡山,2007-09-20,61695,千田 遼,岡山,2007-09-20,name+dob exact
confident,491467,小林 志紋,広島,2008-01-23,62127,小林 志紋,広島,2008-01-23,name+dob exact
confident,33463,末吉 塁,岡山,1996-07-26,31513,末吉 塁,岡山,1996-07-26,name+dob exact
confident,33282,田口 泰士,千葉,1991-03-16,10354,田口 泰士,千葉,1991-03-16,name+dob exact
confident,32853,中村 拓海,C大阪,2001-03-16,32331,中村 拓海,Ｃ大阪,2001-03-16,name+dob exact
confident,33035,荒木 隼人,広島,1996-08-07,29558,荒木 隼人,広島,1996-08-07,name+dob exact
confident,32872,永井 謙佑,名古屋,1989-03-05,10534,永井 謙佑,名古屋,1989-03-05,name+dob exact
confident,2595,佐々木 翔,広島,1989-10-02,11125,佐々木 翔,広島,1989-10-02,name+dob exact
confident,25330,大迫 勇也,神戸,1990-05-18,10402,大迫 勇也,神戸,1990-05-18,name+dob exact
confident,32953,登里 享平,C大阪,1990-11-13,10345,登里 享平,Ｃ大阪,1990-11-13,name+dob exact
confident,32959,家長 昭博,川崎F,1986-06-13,7093,家長 昭博,川崎Ｆ,1986-06-13,name+dob exact
confident,33034,大迫 敬介,広島,1999-07-28,19248,大迫 敬介,広島,1999-07-28,name+dob exact
confident,579056,安部 裕葵,浦和,1999-01-28,23190,安部 裕葵,浦和,1999-01-28,name+dob exact
confident,2588,中村 航輔,C大阪,1995-02-27,11369,中村 航輔,Ｃ大阪,1995-02-27,name+dob exact
confident,30931,サミュエル グスタフソン,浦和,1995-01-11,54756,サミュエル グスタフソン,浦和,1995-01-11,name+dob exact
confident,-3,元砂 晏翔仁 ウデンバ,鹿島,2009-03-10,66916,元砂 晏翔仁 ウデンバ,鹿島,2009-03-10,name+dob exact
confident,-33,鈴木 奎吾,清水,2003-07-13,38096,鈴木 奎吾,清水,2003-07-13,name+dob exact
confident,351328,バスケス バイロン,町田,2000-05-16,45014,バスケス バイロン,町田,2000-05-16,name+dob exact
confident,-49,塩尻 哲平,C大阪,2008-04-14,71064,塩尻 哲平,Ｃ大阪,2008-04-14,name+dob exact
confident,507609,古澤 ナベル慈宇,柏,2003-03-28,61707,古澤 ナベル慈宇,柏,2003-03-28,name+dob exact
confident,6849,トーマス デン,横浜FM,1997-03-20,37671,トーマス デン,横浜FM,1997-03-20,name+dob exact
confident,2600,乾 貴士,神戸,1988-06-02,9154,乾 貴士,神戸,1988-06-02,name+dob exact
confident,-59,松田 駿,岡山,2007-05-22,70887,松田 駿,岡山,2007-05-22,name+dob exact
confident,-60,バイゴリア ユウト,岡山,2006-08-18,70161,バイゴリア ユウト,岡山,2006-08-18,name+dob exact
confident,-62,鮎川 峻,広島,2001-09-15,23413,鮎川 峻,広島,2001-09-15,name+dob exact
confident,-63,太田 大翔,広島,2008-04-08,70143,太田 大翔,広島,2008-04-08,name+dob exact
confident,-64,野口 蓮斗,広島,2008-04-20,70144,野口 蓮斗,広島,2008-04-20,name+dob exact
confident,32865,品田 愛斗,千葉,1999-09-19,19681,品田 愛斗,千葉,1999-09-19,name+dob exact
confident,32904,米本 拓司,京都,1990-12-03,10110,米本 拓司,京都,1990-12-03,name+dob exact
confident,32962,大島 僚太,川崎F,1993-01-23,10946,大島 僚太,川崎Ｆ,1993-01-23,name+dob exact
confident,32971,小林 悠,川崎F,1987-09-23,10233,小林 悠,川崎Ｆ,1987-09-23,name+dob exact
confident,33000,菅 大輝,広島,1998-09-10,19461,菅 大輝,広島,1998-09-10,name+dob exact
confident,33004,朴 一圭,横浜FM,1989-12-22,12040,朴 一圭,横浜FM,1989-12-22,name+dob exact
confident,33161,片山 瑛一,浦和,1991-11-30,11962,片山 瑛一,浦和,1991-11-30,name+dob exact
confident,640012,ノ ヒョンジュン,長崎,2007-07-19,70860,ノ ヒョンジュン,長崎,2007-07-19,name+dob exact
confident,33687,梶川 裕嗣,鹿島,1991-07-26,11992,梶川 裕嗣,鹿島,1991-07-26,name+dob exact
confident,33845,鈴木 椋大,千葉,1994-02-10,10604,鈴木 椋大,千葉,1994-02-10,name+dob exact
confident,47017,山口 瑠伊,川崎F,1998-05-28,44764,山口 瑠伊,川崎Ｆ,1998-05-28,name+dob exact
confident,53600,フィリップ ウレモヴィッチ,川崎F,1997-02-11,70133,フィリップ ウレモヴィッチ,川崎Ｆ,1997-02-11,name+dob exact
confident,91684,麻田 将吾,京都,1998-07-06,19513,麻田 将吾,京都,1998-07-06,name+dob exact
confident,91859,牲川 歩見,浦和,1994-05-12,11241,牲川 歩見,浦和,1994-05-12,name+dob exact
confident,500918,吉田 湊海,鹿島,2008-07-15,60465,吉田 湊海,鹿島,2008-07-15,name+dob exact
confident,509261,早川 ウワブライト,水戸,2006-10-29,61741,早川 ウワブライト,水戸,2006-10-29,name+dob exact
confident,-67,松山 健太,福岡,1998-11-17,37954,松山 健太,福岡,1998-11-17,name+dob exact
confident,-68,武本 匠平,福岡,2008-05-26,66914,武本 匠平,福岡,2008-05-26,name+dob exact
confident,-70,名倉 巧,長崎,1998-06-03,23365,名倉 巧,長崎,1998-06-03,name+dob exact
confident,-71,エメルソン,長崎,1999-07-27,61724,エメルソン,長崎,1999-07-27,name+dob exact
confident,-73,中村 慶太,長崎,1993-06-30,15940,中村 慶太,長崎,1993-06-30,name+dob exact
confident,-74,井岡 海都,長崎,1998-04-27,37980,井岡 海都,長崎,1998-04-27,name+dob exact
confident,-75,ルカ ラドティッチ,長崎,2000-07-17,49761,ルカ ラドティッチ,長崎,2000-07-17,name+dob exact
confident,403322,師岡 柊生,鹿島,2000-12-09,49608,師岡 柊生,鹿島,2000-12-09,name+dob exact
confident,-77,洪 怜鎭,長崎,2003-08-26,70861,洪 怜鎭,長崎,2003-08-26,name+dob exact
confident,639511,島谷 義進,水戸,2008-03-23,70883,島谷 義進,水戸,2008-03-23,name+dob exact
confident,639512,上山 海翔,水戸,2007-09-10,58350,上山 海翔,水戸,2007-09-10,name+dob exact
confident,-65,森井 莉人,広島,2009-01-17,70145,森井 莉人,広島,2009-01-17,name+dob exact
confident,9461,グスタボ バヘット,京都,1995-12-10,70148,グスタボ バヘット,京都,1995-12-10,name+dob exact
confident,639515,佐々木 奈琉,長崎,2003-07-13,70116,佐々木 奈琉,長崎,2003-07-13,name+dob exact
confident,33897,馬渡 洋樹,東京V,1994-08-16,23176,馬渡 洋樹,東京Ｖ,1994-08-16,name+dob exact
confident,281946,永田 倖大,京都,2002-09-08,37831,永田 倖大,京都,2002-09-08,name+dob exact
confident,304786,舩橋 佑,鹿島,2002-07-12,37856,舩橋 佑,鹿島,2002-07-12,name+dob exact
confident,315353,早坂 勇希,川崎F,1999-05-22,19318,早坂 勇希,川崎Ｆ,1999-05-22,name+dob exact
confident,-58,大西 湊太,神戸,2007-04-12,70880,大西 湊太,神戸,2007-04-12,name+dob exact
confident,310087,春名 竜聖,水戸,2004-05-01,38044,春名 竜聖,水戸,2004-05-01,name+dob exact
confident,-66,髙橋 成海,広島,2009-05-17,70146,髙橋 成海,広島,2009-05-17,name+dob exact
confident,369479,佐藤 瑠星,浦和,2003-10-24,49378,佐藤 瑠星,浦和,2003-10-24,name+dob exact
confident,509264,川上 航立,水戸,2002-09-07,61767,川上 航立,水戸,2002-09-07,name+dob exact
confident,-69,北浜 琉星,福岡,2004-07-15,44167,北浜 琉星,福岡,2004-07-15,name+dob exact
confident,-78,鍋島 暖歩,長崎,2004-02-21,38924,鍋島 暖歩,長崎,2004-02-21,name+dob exact
confident,-57,宮原 勇太,神戸,2005-04-07,44233,宮原 勇太,神戸,2005-04-07,name+dob exact
confident,109314,吉田 舜,浦和,1996-11-28,23517,吉田 舜,浦和,1996-11-28,name+dob exact
confident,197971,山田 大樹,鹿島,2002-01-08,29373,山田 大樹,鹿島,2002-01-08,name+dob exact
confident,-1,大川 佑梧,鹿島,2007-07-14,60466,大川 佑梧,鹿島,2007-07-14,name+dob exact
confident,-46,村田 康輔,G大阪,2008-05-22,71143,村田 康輔,Ｇ大阪,2008-05-22,name+dob exact
confident,33064,犬飼 智也,柏,1993-05-12,10502,犬飼 智也,柏,1993-05-12,name+dob exact
confident,33176,西川 潤,岡山,2002-02-21,32510,西川 潤,岡山,2002-02-21,name+dob exact
confident,33781,澤田 崇,長崎,1991-05-26,11974,澤田 崇,長崎,1991-05-26,name+dob exact
confident,33812,大内 一生,広島,2000-09-08,19456,大内 一生,広島,2000-09-08,name+dob exact
confident,33862,鳥海 晃司,千葉,1995-05-09,29320,鳥海 晃司,千葉,1995-05-09,name+dob exact
confident,33870,福井 光輝,C大阪,1995-11-04,23311,福井 光輝,Ｃ大阪,1995-11-04,name+dob exact
confident,33908,神谷 優太,岡山,1997-04-24,19179,神谷 優太,岡山,1997-04-24,name+dob exact
confident,351540,坪井 湧也,横浜FM,1999-08-23,19584,坪井 湧也,横浜FM,1999-08-23,name+dob exact
confident,353590,稲見 哲行,東京V,1999-04-05,44232,稲見 哲行,東京Ｖ,1999-04-05,name+dob exact
confident,354511,沼田 駿也,町田,1999-04-19,45036,沼田 駿也,町田,1999-04-19,name+dob exact
confident,356716,鶴野 怜樹,福岡,2001-01-26,44164,鶴野 怜樹,福岡,2001-01-26,name+dob exact
confident,403321,津久井 佳祐,鹿島,2004-05-21,49609,津久井 佳祐,鹿島,2004-05-21,name+dob exact
confident,33613,山田 雄士,柏,2000-05-17,29561,山田 雄士,柏,2000-05-17,name+dob exact
confident,32899,成瀬 竣平,柏,2001-01-17,19388,成瀬 竣平,柏,2001-01-17,name+dob exact
confident,33712,渡井 理己,柏,1999-07-18,29292,渡井 理己,柏,1999-07-18,name+dob exact
confident,33591,猿田 遥己,柏,1999-04-23,23168,猿田 遥己,柏,1999-04-23,name+dob exact
confident,-2,藤井 陽登,鹿島,2003-06-05,70830,藤井 陽登,鹿島,2003-06-05,name+dob exact
confident,33612,手塚 康平,柏,1996-04-06,12136,手塚 康平,柏,1996-04-06,name+dob exact
confident,201063,田中 和樹,千葉,2000-01-13,23394,田中 和樹,千葉,2000-01-13,name+dob exact
confident,-6,ルカ ディドゥリカ,浦和,2007-09-18,70845,ルカ ディドゥリカ,浦和,2007-09-18,name+dob exact
confident,-7,田中 義峯,浦和,2008-04-05,70190,田中 義峯,浦和,2008-04-05,name+dob exact
confident,-8,和田 武士,浦和,2009-06-05,70189,和田 武士,浦和,2009-06-05,name+dob exact
confident,-9,植田 悠太,千葉,2004-07-06,45110,植田 悠太,千葉,2004-07-06,name+dob exact
confident,-11,古谷 柊介,柏,2005-01-26,71175,古谷 柊介,柏,2005-01-26,name+dob exact
confident,-12,岩永 創太,柏,2005-10-07,44197,岩永 創太,柏,2005-10-07,name+dob exact
confident,-13,常藤 奏,柏,2004-07-13,71174,常藤 奏,柏,2004-07-13,name+dob exact
confident,-14,小湊 絆,東京,2004-11-18,61978,小湊 絆,FC東京,2004-11-18,name+dob exact
confident,-15,田中 希和,東京,2007-08-07,70163,田中 希和,FC東京,2007-08-07,name+dob exact
confident,-17,東 廉太,東京,2004-06-17,45093,東 廉太,FC東京,2004-06-17,name+dob exact
confident,-18,渡邊 麻舟,東京,2008-04-24,61983,渡邊 麻舟,FC東京,2008-04-24,name+dob exact
confident,-19,新堀 恵太,東京,2008-09-25,61984,新堀 恵太,FC東京,2008-09-25,name+dob exact
confident,-20,今井 健人,東京V,2007-10-31,62131,今井 健人,東京Ｖ,2007-10-31,name+dob exact
confident,10042,エウベル,鹿島,1992-05-27,38029,エウベル,鹿島,1992-05-27,name+dob exact
confident,-21,大藤 颯太,東京V,2007-08-07,70819,大藤 颯太,東京Ｖ,2007-08-07,name+dob exact
confident,-22,高崎 天史郎,町田,2006-02-13,49914,高崎 天史郎,町田,2006-02-13,name+dob exact
confident,-23,持山 匡佑,川崎F,2003-08-18,69959,持山 匡佑,川崎Ｆ,2003-08-18,name+dob exact
confident,-24,山市 秀翔,川崎F,2004-01-20,63743,山市 秀翔,川崎Ｆ,2004-01-20,name+dob exact
confident,33022,椿 直起,千葉,2000-06-23,19562,椿 直起,千葉,2000-06-23,name+dob exact
confident,457160,藤井 葉大,岡山,2006-01-16,50478,藤井 葉大,岡山,2006-01-16,name+dob exact
confident,655320,デイビッジ シルバ,京都,2008-02-26,71425,デイビッジ シルバ,京都,2008-02-26,name+dob exact
confident,555906,佐々木 輝大,水戸,2003-09-29,70185,佐々木 輝大,水戸,2003-09-29,name+dob exact
confident,-25,由井 航太,川崎F,2005-06-10,49747,由井 航太,川崎Ｆ,2005-06-10,name+dob exact
confident,-26,関 德晴,川崎F,2007-04-11,70142,関 德晴,川崎Ｆ,2007-04-11,name+dob exact
confident,-29,三井寺 眞,横浜FM,2010-04-02,71427,三井寺 眞,横浜FM,2010-04-02,name+dob exact
confident,-31,オム ジュヨン,清水,2007-07-17,70829,オム ジュヨン,清水,2007-07-17,name+dob exact
confident,-32,石川 慧,清水,1992-09-30,10988,石川 慧,清水,1992-09-30,name+dob exact
confident,350846,土屋 巧,柏,2003-10-25,44950,土屋 巧,柏,2003-10-25,name+dob exact
confident,-39,山本 楓大,京都,2004-08-23,70893,山本 楓大,京都,2004-08-23,name+dob exact
confident,-40,吉原 優輝,G大阪,2004-07-19,45132,吉原 優輝,Ｇ大阪,2004-07-19,name+dob exact
confident,-41,横井 佑弥,G大阪,2008-04-15,63154,横井 佑弥,Ｇ大阪,2008-04-15,name+dob exact
confident,-42,當野 泰生,G大阪,2007-06-02,70150,當野 泰生,Ｇ大阪,2007-06-02,name+dob exact
confident,-43,中積 爲,G大阪,2007-12-19,62295,中積 爲,Ｇ大阪,2007-12-19,name+dob exact
confident,-44,野畑 優真,G大阪,2008-07-13,70202,野畑 優真,Ｇ大阪,2008-07-13,name+dob exact
confident,352468,薄井 覇斗,千葉,1999-07-11,44989,薄井 覇斗,千葉,1999-07-11,name+dob exact
confident,-45,丸岡 海太,G大阪,2008-12-03,71142,丸岡 海太,Ｇ大阪,2008-12-03,name+dob exact
confident,489927,神橋 良汰,川崎F,2002-06-16,61004,神橋 良汰,川崎Ｆ,2002-06-16,name+dob exact
confident,565693,中村 圭佑,東京V,2005-04-27,54774,中村 圭佑,東京Ｖ,2005-04-27,name+dob exact
confident,581815,田中 雄大,横浜FM,2002-10-11,70153,田中 雄大,横浜FM,2002-10-11,name+dob exact
confident,606828,長南 開史,柏,2009-04-07,64347,長南 開史,柏,2009-04-07,name+dob exact
confident,620836,林 駿佑,川崎F,2007-05-29,70131,林 駿佑,川崎Ｆ,2007-05-29,name+dob exact
confident,637809,猪狩 祐真,千葉,2003-03-03,60353,猪狩 祐真,千葉,2003-03-03,name+dob exact
confident,639314,松村 拓実,千葉,2004-01-03,70785,松村 拓実,千葉,2004-01-03,name+dob exact
confident,639501,福島 和毅,福岡,2007-04-27,70821,福島 和毅,福岡,2007-04-27,name+dob exact
confident,639504,菅原 悠太,東京,2007-09-07,70164,菅原 悠太,FC東京,2007-09-07,name+dob exact
confident,639506,角田 惠風,柏,2003-08-18,38909,角田 惠風,柏,2003-08-18,name+dob exact
confident,639510,山下 翔大,水戸,2008-02-29,70835,山下 翔大,水戸,2008-02-29,name+dob exact
confident,639514,松永 颯汰,浦和,2003-10-05,70847,松永 颯汰,浦和,2003-10-05,name+dob exact
confident,-47,藤本 祥輝,G大阪,2009-04-02,71144,藤本 祥輝,Ｇ大阪,2009-04-02,name+dob exact
confident,-50,イシボウ 拳,C大阪,2007-08-29,55409,イシボウ 拳,Ｃ大阪,2007-08-29,name+dob exact
confident,-51,鷹啄 トラビス,C大阪,2001-09-17,61768,鷹啄 トラビス,Ｃ大阪,2001-09-17,name+dob exact
confident,-52,浦 十藏,神戸,2004-05-21,49605,浦 十藏,神戸,2004-05-21,name+dob exact
confident,-53,髙山 汐生,神戸,2001-06-13,54818,髙山 汐生,神戸,2001-06-13,name+dob exact
confident,-54,本間 ジャスティン,神戸,2005-08-26,50489,本間 ジャスティン,神戸,2005-08-26,name+dob exact
confident,455195,熊坂 光希,柏,2001-04-15,49377,熊坂 光希,柏,2001-04-15,name+dob exact
confident,364593,土肥 幹太,東京,2004-11-10,45094,土肥 幹太,FC東京,2004-11-10,name+dob exact
confident,352444,坂田 大樹,柏,1994-09-11,44973,坂田 大樹,柏,1994-09-11,name+dob exact
confident,369098,鈴木 陽人,名古屋,2005-05-17,38943,鈴木 陽人,名古屋,2005-05-17,name+dob exact
confident,381676,松村 晃助,横浜FM,2004-05-02,40852,松村 晃助,横浜FM,2004-05-02,name+dob exact
confident,368277,榊原 杏太,名古屋,2001-10-20,44619,榊原 杏太,名古屋,2001-10-20,name+dob exact
confident,458573,西原 源樹,清水,2006-12-16,45205,西原 源樹,清水,2006-12-16,name+dob exact
confident,33575,福岡 慎平,京都,2000-06-27,29356,福岡 慎平,京都,2000-06-27,name+dob exact
confident,581810,久保 瑛史,C大阪,2007-09-02,70157,久保 瑛史,Ｃ大阪,2007-09-02,name+dob exact
confident,32986,キム ミンテ,町田,1993-11-26,15784,キム ミンテ,町田,1993-11-26,name+dob exact
confident,334584,吉田 温紀,名古屋,2003-04-29,38092,吉田 温紀,名古屋,2003-04-29,name+dob exact
confident,628022,池谷 銀姿郎,G大阪,2004-06-19,45305,池谷 銀姿郎,Ｇ大阪,2004-06-19,name+dob exact
confident,639507,長 璃喜,川崎F,2007-10-13,70839,長 璃喜,川崎Ｆ,2007-10-13,name+dob exact
confident,648012,島野 怜,柏,2004-01-07,69827,島野 怜,柏,2004-01-07,name+dob exact
confident,32964,下田 北斗,町田,1991-11-07,11943,下田 北斗,町田,1991-11-07,name+dob exact
confident,508075,佐々木 智太郎,清水,2007-03-23,61744,佐々木 智太郎,清水,2007-03-23,name+dob exact
confident,455404,張 奥林,G大阪,2005-04-25,49740,張 奥林,Ｇ大阪,2005-04-25,name+dob exact
confident,355472,荒井 悠汰,東京,2004-06-13,45092,荒井 悠汰,FC東京,2004-06-13,name+dob exact
confident,33577,小屋松 知哉,名古屋,1995-04-24,11963,小屋松 知哉,名古屋,1995-04-24,name+dob exact
confident,506388,カウン ゼン マラ,町田,2002-11-11,37795,カウン ゼン マラ,町田,2002-11-11,name+dob exact
confident,33096,岩波 拓也,神戸,1994-06-18,11080,岩波 拓也,神戸,1994-06-18,name+dob exact
confident,33989,菊池 流帆,町田,1996-12-09,32029,菊池 流帆,町田,1996-12-09,name+dob exact
confident,403457,大迫 塁,C大阪,2004-10-13,49648,大迫 塁,Ｃ大阪,2004-10-13,name+dob exact
confident,33418,村上 昌謙,京都,1992-08-07,15859,村上 昌謙,京都,1992-08-07,name+dob exact
confident,33201,今井 智基,町田,1990-11-29,9011,今井 智基,町田,1990-11-29,name+dob exact
confident,33394,高橋 祐治,清水,1993-04-11,10654,高橋 祐治,清水,1993-04-11,name+dob exact
confident,206917,ファンティーニ 燦,京都,1998-05-24,23382,ファンティーニ 燦,京都,1998-05-24,name+dob exact
confident,511265,北原 槙,東京,2009-07-07,61982,北原 槙,FC東京,2009-07-07,name+dob exact
confident,500913,瀬口 大翔,神戸,2008-01-10,61861,瀬口 大翔,神戸,2008-01-10,name+dob exact
confident,371233,俵積田 晃太,東京,2004-05-14,45141,俵積田 晃太,FC東京,2004-05-14,name+dob exact
confident,377929,冨永 虹七,神戸,2004-07-18,37903,冨永 虹七,神戸,2004-07-18,name+dob exact
confident,32859,東 慶悟,東京,1990-07-20,8948,東 慶悟,FC東京,1990-07-20,name+dob exact
confident,33684,上門 知樹,C大阪,1997-04-27,19183,上門 知樹,Ｃ大阪,1997-04-27,name+dob exact
confident,33632,渡邊 泰基,横浜FM,1999-04-22,29342,渡邊 泰基,横浜FM,1999-04-22,name+dob exact
confident,33140,鈴木 冬一,横浜FM,2000-05-30,23494,鈴木 冬一,横浜FM,2000-05-30,name+dob exact
confident,268144,小柏 剛,東京,1998-07-09,37818,小柏 剛,FC東京,1998-07-09,name+dob exact
confident,33532,新井 栄聡,町田,1995-09-27,23520,新井 栄聡,町田,1995-09-27,name+dob exact
confident,199887,植中 朝日,G大阪,2001-11-01,37631,植中 朝日,Ｇ大阪,2001-11-01,name+dob exact
confident,305749,橋本 陸斗,神戸,2005-04-02,38049,橋本 陸斗,神戸,2005-04-02,name+dob exact
confident,33012,松原 健,横浜FM,1993-02-16,9887,松原 健,横浜FM,1993-02-16,name+dob exact
confident,423695,チャ ジェフン,町田,2006-05-03,61671,チャ ジェフン,町田,2006-05-03,name+dob exact
confident,33003,飯倉 大樹,横浜FM,1986-06-01,7076,飯倉 大樹,横浜FM,1986-06-01,name+dob exact
confident,484688,真也加 チュイ 大夢,町田,2006-08-11,60953,真也加 チュイ 大夢,町田,2006-08-11,name+dob exact
confident,32944,新井 章太,神戸,1988-11-01,11014,新井 章太,神戸,1988-11-01,name+dob exact
confident,33719,一森 純,G大阪,1991-07-02,9200,一森 純,Ｇ大阪,1991-07-02,name+dob exact
confident,509246,渡辺 隼斗,神戸,2007-04-06,61007,渡辺 隼斗,神戸,2007-04-06,name+dob exact
confident,-55,相澤 デイビッド,神戸,2003-08-02,70878,相澤 デイビッド,神戸,2003-08-02,name+dob exact
confident,-56,伊藤 湊太,神戸,2007-09-24,70879,伊藤 湊太,神戸,2007-09-24,name+dob exact
confident,506565,ウボングリチャードマンデー,神戸,2005-10-01,61708,ウボングリチャードマンデー,神戸,2005-10-01,name+dob exact
confident,32996,ルーカス フェルナンデス,C大阪,1994-04-24,32453,ルーカス フェルナンデス,Ｃ大阪,1994-04-24,name+dob exact
confident,32907,マテウス カストロ,名古屋,1994-09-11,12173,マテウス カストロ,名古屋,1994-09-11,name+dob exact
confident,130231,林 大地,G大阪,1997-05-23,32697,林 大地,Ｇ大阪,1997-05-23,name+dob exact
confident,11342,アフメド アフメドフ,清水,1995-03-04,61742,アフメド アフメドフ,清水,1995-03-04,name+dob exact
confident,423787,後藤 亘,東京,2006-05-08,49778,後藤 亘,FC東京,2006-05-08,name+dob exact
confident,32868,内田 宅哉,名古屋,1998-06-02,19471,内田 宅哉,名古屋,1998-06-02,name+dob exact
confident,33496,奥抜 侃志,G大阪,1999-08-11,23531,奥抜 侃志,Ｇ大阪,1999-08-11,name+dob exact
confident,9987,ディエゴ ピトゥカ,長崎,1992-08-15,38010,ディエゴ ピトゥカ,長崎,1992-08-15,name+dob exact
confident,9704,エンリケ トレヴィザン,京都,1997-01-20,39337,エンリケ トレヴィザン,京都,1997-01-20,name+dob exact
confident,25292,フィリップ マックス,G大阪,1993-09-30,71379,フィリップ マックス,Ｇ大阪,1993-09-30,name+dob exact
confident,32852,森重 真人,東京,1987-05-21,8603,森重 真人,FC東京,1987-05-21,name+dob exact
confident,32879,武田 洋平,名古屋,1987-06-30,8638,武田 洋平,名古屋,1987-06-30,name+dob exact
confident,479272,浅田 大翔,横浜FM,2008-01-16,61001,浅田 大翔,横浜FM,2008-01-16,name+dob exact
confident,515451,土居 佑至,清水,2007-05-12,62995,土居 佑至,清水,2007-05-12,name+dob exact
confident,8517,木下 康介,広島,1994-10-03,11234,木下 康介,広島,1994-10-03,name+dob exact
confident,13209,ジェイソン キニョーネス,横浜FM,1997-08-17,61955,ジェイソン キニョーネス,横浜FM,1997-08-17,name+dob exact
confident,522581,前田 陽輝,福岡,2008-10-25,66913,前田 陽輝,福岡,2008-10-25,name+dob exact
confident,413167,前田 一翔,福岡,2006-06-16,49746,前田 一翔,福岡,2006-06-16,name+dob exact
confident,33948,城後 寿,福岡,1986-04-16,8096,城後 寿,福岡,1986-04-16,name+dob exact
confident,491468,小川 煌,広島,2007-06-24,62128,小川 煌,広島,2007-06-24,name+dob exact
confident,525248,入江 羚介,神戸,2004-11-05,70003,入江 羚介,神戸,2004-11-05,name+dob exact
confident,33425,志知 孝明,広島,1993-12-27,15908,志知 孝明,広島,1993-12-27,name+dob exact
confident,33588,一美 和成,岡山,1997-11-10,15890,一美 和成,岡山,1997-11-10,name+dob exact
confident,440,長友 佑都,東京,1986-09-12,9420,長友 佑都,FC東京,1986-09-12,name+dob exact
confident,33398,原川 力,柏,1993-08-18,10659,原川 力,柏,1993-08-18,name+dob exact
confident,33511,湯澤 聖人,福岡,1993-10-10,15912,湯澤 聖人,福岡,1993-10-10,name+dob exact
confident,33555,垣田 裕暉,柏,1997-07-14,19240,垣田 裕暉,柏,1997-07-14,name+dob exact
confident,33853,茶島 雄介,広島,1991-07-20,9322,茶島 雄介,広島,1991-07-20,name+dob exact
confident,32933,高畑 奎汰,長崎,2000-09-16,32319,高畑 奎汰,長崎,2000-09-16,name+dob exact
confident,33642,戸嶋 祥郎,柏,1995-09-26,29340,戸嶋 祥郎,柏,1995-09-26,name+dob exact
confident,33933,三國 ケネディエブス,名古屋,2000-06-23,32364,三國 ケネディエブス,名古屋,2000-06-23,name+dob exact
confident,33692,福岡 将太,G大阪,1995-10-24,12001,福岡 将太,Ｇ大阪,1995-10-24,name+dob exact
confident,1353,トルガイ アルスラン,広島,1990-08-16,60956,トルガイ アルスラン,広島,1990-08-16,name+dob exact
confident,33736,仲間 隼斗,柏,1992-05-16,9758,仲間 隼斗,柏,1992-05-16,name+dob exact
confident,33940,喜田 陽,C大阪,2000-07-04,23273,喜田 陽,Ｃ大阪,2000-07-04,name+dob exact
confident,33977,粟飯原 尚平,水戸,1996-05-26,32351,粟飯原 尚平,水戸,1996-05-26,name+dob exact
confident,41961,ダニーロ ボザ,浦和,1998-05-06,61980,ダニーロ ボザ,浦和,1998-05-06,name+dob exact
confident,48494,ナッシム ベン カリファ,福岡,1992-01-13,46808,ナッシム ベン カリファ,福岡,1992-01-13,name+dob exact
confident,639516,樋口 有斗,横浜FM,2005-03-10,70890,樋口 有斗,横浜FM,2005-03-10,name+dob exact
confident,153277,鈴木 海音,東京V,2002-08-25,32479,鈴木 海音,東京Ｖ,2002-08-25,name+dob exact
confident,141184,野澤 零温,東京,2003-07-21,32716,野澤 零温,FC東京,2003-07-21,name+dob exact
confident,166701,ウェルトン,G大阪,1997-08-06,55404,ウェルトン,Ｇ大阪,1997-08-06,name+dob exact
confident,225092,山﨑 大地,広島,2001-01-08,19635,山﨑 大地,広島,2001-01-08,name+dob exact
confident,33069,佐々木 翔悟,G大阪,2000-07-25,32306,佐々木 翔悟,Ｇ大阪,2000-07-25,name+dob exact
confident,109253,奥田 晃也,水戸,1994-10-01,23178,奥田 晃也,水戸,1994-10-01,name+dob exact
confident,111277,ディーン デイビッド,横浜FM,1996-03-14,69961,ディーン デイビッド,横浜FM,1996-03-14,name+dob exact
confident,125669,唐山 翔自,G大阪,2002-09-21,32619,唐山 翔自,Ｇ大阪,2002-09-21,name+dob exact
confident,141156,大久保 智明,柏,1998-07-23,32695,大久保 智明,柏,1998-07-23,name+dob exact
confident,146562,オビ パウエル オビンナ,福岡,1997-12-18,32712,オビ パウエル オビンナ,福岡,1997-12-18,name+dob exact
confident,153645,イェンギ クシニ,C大阪,1999-01-15,70921,イェンギ クシニ,Ｃ大阪,1999-01-15,name+dob exact
confident,32926,小塚 和季,清水,1994-08-02,11225,小塚 和季,清水,1994-08-02,name+dob exact
confident,33061,沖 悠哉,清水,1999-08-22,19650,沖 悠哉,清水,1999-08-22,name+dob exact
confident,33070,関川 郁万,鹿島,2000-09-13,32399,関川 郁万,鹿島,2000-09-13,name+dob exact
confident,33115,汰木 康也,柏,1995-07-03,11426,汰木 康也,柏,1995-07-03,name+dob exact
confident,33596,小池 龍太,鹿島,1995-08-29,15724,小池 龍太,鹿島,1995-08-29,name+dob exact
confident,109292,中原 輝,清水,1996-07-08,32300,中原 輝,清水,1996-07-08,name+dob exact
confident,33104,山中 亮輔,名古屋,1993-04-20,10479,山中 亮輔,名古屋,1993-04-20,name+dob exact
confident,225085,福田 心之助,京都,2000-09-04,29423,福田 心之助,京都,2000-09-04,name+dob exact
confident,199845,松崎 快,清水,1997-11-22,37547,松崎 快,清水,1997-11-22,name+dob exact
confident,2587,東口 順昭,G大阪,1986-05-12,10139,東口 順昭,Ｇ大阪,1986-05-12,name+dob exact
confident,18905,武藤 嘉紀,神戸,1992-07-15,9851,武藤 嘉紀,神戸,1992-07-15,name+dob exact
confident,206933,原田 亘,柏,1996-07-22,37618,原田 亘,柏,1996-07-22,name+dob exact
confident,206955,宮城 天,川崎F,2001-06-02,32722,宮城 天,川崎Ｆ,2001-06-02,name+dob exact
confident,206967,髙橋 利樹,清水,1998-01-20,37596,髙橋 利樹,清水,1998-01-20,name+dob exact
confident,238554,ダニーロ,水戸,1997-03-27,61779,ダニーロ,水戸,1997-03-27,name+dob exact
confident,24878,伊藤 達哉,川崎F,1997-06-26,61773,伊藤 達哉,川崎Ｆ,1997-06-26,name+dob exact
confident,32894,和泉 竜司,名古屋,1993-11-06,18988,和泉 竜司,名古屋,1993-11-06,name+dob exact
confident,33131,杉岡 大暉,柏,1998-09-08,23179,杉岡 大暉,柏,1998-09-08,name+dob exact
confident,32898,宮原 和也,東京V,1996-03-22,11408,宮原 和也,東京Ｖ,1996-03-22,name+dob exact
confident,33491,小野 雅史,名古屋,1996-08-09,29535,小野 雅史,名古屋,1996-08-09,name+dob exact
confident,33533,後藤 雅明,長崎,1994-05-24,23181,後藤 雅明,長崎,1994-05-24,name+dob exact
confident,65,ディオン クールズ,C大阪,1996-06-04,69799,ディオン クールズ,Ｃ大阪,1996-06-04,name+dob exact
confident,24968,奥川 雅也,京都,1996-04-14,12112,奥川 雅也,京都,1996-04-14,name+dob exact
confident,25153,井手口 陽介,神戸,1996-08-23,11434,井手口 陽介,神戸,1996-08-23,name+dob exact
confident,32860,平川 怜,東京V,2000-04-20,19689,平川 怜,東京Ｖ,2000-04-20,name+dob exact
confident,32886,中谷 進之介,G大阪,1996-03-24,11462,中谷 進之介,Ｇ大阪,1996-03-24,name+dob exact
confident,32902,相馬 勇紀,町田,1997-02-25,29538,相馬 勇紀,町田,1997-02-25,name+dob exact
confident,32920,鈴木 義宜,京都,1992-09-11,12090,鈴木 義宜,京都,1992-09-11,name+dob exact
confident,33047,松本 泰志,広島,1998-08-22,19671,松本 泰志,広島,1998-08-22,name+dob exact
confident,9896,ラファエル エリアス,京都,1999-04-12,60454,ラファエル エリアス,京都,1999-04-12,name+dob exact
confident,33432,前 寛之,町田,1995-08-01,11978,前 寛之,町田,1995-08-01,name+dob exact
confident,33048,森島 司,名古屋,1997-04-25,15913,森島 司,名古屋,1997-04-25,name+dob exact
confident,33424,ンドカ ボニフェイス,神戸,1996-02-15,29286,ンドカ ボニフェイス,神戸,1996-02-15,name+dob exact
confident,33456,井出 遥也,神戸,1994-03-25,10715,井出 遥也,神戸,1994-03-25,name+dob exact
confident,80392,マテウス,東京V,1993-04-10,37620,マテウス,東京Ｖ,1993-04-10,name+dob exact
confident,370128,寺沼 星文,東京V,2001-03-08,49318,寺沼 星文,東京Ｖ,2001-03-08,name+dob exact
confident,237202,中野 伸哉,G大阪,2003-08-17,37785,中野 伸哉,Ｇ大阪,2003-08-17,name+dob exact
confident,309778,満田 誠,G大阪,1999-07-20,19416,満田 誠,神戸,1999-07-20,name+dob exact
confident,318860,二田 理央,浦和,2003-04-10,44162,二田 理央,浦和,2003-04-10,name+dob exact
confident,846,西村 拓真,町田,1996-10-22,15808,西村 拓真,町田,1996-10-22,name+dob exact
confident,288918,小森 飛絢,浦和,2000-08-06,49306,小森 飛絢,浦和,2000-08-06,name+dob exact
confident,111266,ネタ ラヴィ,町田,1996-08-25,49703,ネタ ラヴィ,町田,1996-08-25,name+dob exact
confident,2596,昌子 源,町田,1992-12-11,11010,昌子 源,町田,1992-12-11,name+dob exact
confident,2892,キム スンギュ,東京,1990-09-30,19267,キム スンギュ,FC東京,1990-09-30,name+dob exact
confident,2908,ナ サンホ,町田,1996-08-12,32462,ナ サンホ,町田,1996-08-12,name+dob exact
confident,33556,小松 蓮,神戸,1998-09-10,19446,小松 蓮,神戸,1998-09-10,name+dob exact
confident,33594,上島 拓巳,福岡,1997-02-05,29555,上島 拓巳,福岡,1997-02-05,name+dob exact
confident,9354,マテウス ブエノ,清水,1998-07-30,61747,マテウス ブエノ,清水,1998-07-30,name+dob exact
confident,109237,飯野 七聖,神戸,1996-10-02,32313,飯野 七聖,神戸,1996-10-02,name+dob exact
confident,33101,荻原 拓也,浦和,1999-11-23,23526,荻原 拓也,浦和,1999-11-23,name+dob exact
confident,33313,奥野 耕平,福岡,2000-04-03,23533,奥野 耕平,福岡,2000-04-03,name+dob exact
confident,153268,中村 帆高,町田,1997-08-12,32719,中村 帆高,町田,1997-08-12,name+dob exact
confident,8670,植田 直通,鹿島,1994-10-24,11308,植田 直通,鹿島,1994-10-24,name+dob exact
confident,268141,橘田 健人,川崎F,1998-05-29,37787,橘田 健人,川崎Ｆ,1998-05-29,name+dob exact
confident,197974,染野 唯月,東京V,2001-09-12,37535,染野 唯月,東京Ｖ,2001-09-12,name+dob exact
confident,988,イサーク キーセ テリン,浦和,1992-06-24,70188,イサーク キーセ テリン,浦和,1992-06-24,name+dob exact
confident,33148,齊藤 未月,京都,1999-01-10,15911,齊藤 未月,京都,1999-01-10,name+dob exact
confident,275124,天笠 泰輝,千葉,2000-05-11,37826,天笠 泰輝,千葉,2000-05-11,name+dob exact
confident,354521,笠柳 翼,長崎,2003-06-24,45032,笠柳 翼,長崎,2003-06-24,name+dob exact
confident,649766,坂井 悠飛,福岡,2004-10-05,70914,坂井 悠飛,福岡,2004-10-05,name+dob exact
confident,33560,若原 智哉,千葉,1999-12-28,19448,若原 智哉,千葉,1999-12-28,name+dob exact
confident,270984,ジョアン ペドロ,京都,1999-09-03,61668,ジョアン ペドロ,京都,1999-09-03,name+dob exact
confident,33137,松田 天馬,京都,1995-06-11,23503,松田 天馬,京都,1995-06-11,name+dob exact
confident,15795,アレクサンダー ショルツ,東京,1992-10-24,44320,アレクサンダー ショルツ,FC東京,1992-10-24,name+dob exact
confident,33393,三丸 拡,柏,1993-07-06,19258,三丸 拡,柏,1993-07-06,name+dob exact
confident,33608,小泉 慶,東京,1995-04-19,11995,小泉 慶,FC東京,1995-04-19,name+dob exact
confident,33294,谷 晃生,町田,2000-11-22,19460,谷 晃生,町田,2000-11-22,name+dob exact
confident,33348,竹内 涼,岡山,1991-03-08,10363,竹内 涼,岡山,1991-03-08,name+dob exact
confident,33355,川浪 吾郎,岡山,1991-04-30,9296,川浪 吾郎,岡山,1991-04-30,name+dob exact
confident,33381,長沢 駿,京都,1988-08-25,7860,長沢 駿,京都,1988-08-25,name+dob exact
confident,33476,河面 旺成,名古屋,1994-05-03,19639,河面 旺成,名古屋,1994-05-03,name+dob exact
confident,352446,日高 大,千葉,1995-03-14,44963,日高 大,千葉,1995-03-14,name+dob exact
confident,409625,熊取谷 一星,東京V,2003-02-14,60354,熊取谷 一星,東京Ｖ,2003-02-14,name+dob exact
confident,417568,久保庭 良太,千葉,2001-10-14,49720,久保庭 良太,千葉,2001-10-14,name+dob exact
confident,369188,辻岡 佑真,福岡,2001-12-09,38088,辻岡 佑真,福岡,2001-12-09,name+dob exact
confident,48414,カルリーニョス ジュニオ,千葉,1994-08-08,37689,カルリーニョス ジュニオ,千葉,1994-08-08,name+dob exact
confident,195738,山川 哲史,神戸,1997-10-01,15892,山川 哲史,神戸,1997-10-01,name+dob exact
confident,61157,チャヴリッチ,鹿島,1994-05-18,54842,チャヴリッチ,鹿島,1994-05-18,name+dob exact
confident,477135,濱﨑 健斗,神戸,2007-06-16,59534,濱﨑 健斗,神戸,2007-06-16,name+dob exact
confident,403477,木村 卓斗,横浜FM,2000-05-16,19555,木村 卓斗,横浜FM,2000-05-16,name+dob exact
confident,33804,渡辺 皓太,横浜FM,1998-10-18,19465,渡辺 皓太,横浜FM,1998-10-18,name+dob exact
confident,455193,望月 ヘンリー海輝,町田,2001-09-20,54780,望月 ヘンリー海輝,町田,2001-09-20,name+dob exact
confident,507700,内田 陽介,東京V,2002-08-20,60471,内田 陽介,東京Ｖ,2002-08-20,name+dob exact
confident,381677,内野 航太郎,神戸,2004-06-19,38914,内野 航太郎,神戸,2004-06-19,name+dob exact
confident,466966,桑山 侃士,町田,2002-11-28,59529,桑山 侃士,町田,2002-11-28,name+dob exact
confident,304787,西川 幸之介,水戸,2002-09-11,37968,西川 幸之介,水戸,2002-09-11,name+dob exact
confident,311885,田中 隼人,C大阪,2003-11-01,37863,田中 隼人,Ｃ大阪,2003-11-01,name+dob exact
confident,199915,松橋 優安,東京V,2001-10-27,37635,松橋 優安,東京Ｖ,2001-10-27,name+dob exact
confident,423791,松本 遥翔,鹿島,2006-09-29,52192,松本 遥翔,鹿島,2006-09-29,name+dob exact
confident,455194,神田 奏真,川崎F,2005-12-29,54813,神田 奏真,川崎Ｆ,2005-12-29,name+dob exact
confident,288013,マルセロ ヒアン,東京,2002-06-08,49249,マルセロ ヒアン,FC東京,2002-06-08,name+dob exact
confident,552647,山之内 佑成,柏,2003-09-01,60449,山之内 佑成,柏,2003-09-01,name+dob exact
confident,639252,林 晴己,鹿島,2003-12-05,66368,林 晴己,鹿島,2003-12-05,name+dob exact
confident,195985,エリソン,川崎F,1999-04-13,54800,エリソン,川崎Ｆ,1999-04-13,name+dob exact
confident,197972,荒木 遼太郎,鹿島,2002-01-29,37537,荒木 遼太郎,鹿島,2002-01-29,name+dob exact
confident,281380,須貝 英大,京都,1998-10-27,37846,須貝 英大,京都,1998-10-27,name+dob exact
confident,304912,小見 洋太,柏,2002-08-11,37948,小見 洋太,柏,2002-08-11,name+dob exact
confident,433907,碓井 聖生,福岡,2001-07-20,52145,碓井 聖生,福岡,2001-07-20,name+dob exact
confident,455835,橋本 悠,福岡,2002-06-07,54843,橋本 悠,福岡,2002-06-07,name+dob exact
confident,640007,萩 裕陽,名古屋,2007-06-12,61976,萩 裕陽,名古屋,2007-06-12,name+dob exact
confident,640008,久保 遥夢,名古屋,2007-06-18,70857,久保 遥夢,名古屋,2007-06-18,name+dob exact
confident,550743,サニブラウン ハナン,福岡,2006-07-03,61735,サニブラウン ハナン,福岡,2006-07-03,name+dob exact
confident,550737,野田 裕人,川崎F,2006-04-05,61770,野田 裕人,川崎Ｆ,2006-04-05,name+dob exact
confident,555714,山下 優人,水戸,1996-05-24,44977,山下 優人,水戸,1996-05-24,name+dob exact
confident,133320,中村 仁郎,G大阪,2003-08-22,32650,中村 仁郎,Ｇ大阪,2003-08-22,name+dob exact
confident,109337,千田 海人,鹿島,1994-10-17,23119,千田 海人,鹿島,1994-10-17,name+dob exact
confident,620831,鈴木 楓,東京,2007-06-05,70165,鈴木 楓,FC東京,2007-06-05,name+dob exact
confident,555884,ホセ スアレス,千葉,1995-12-18,45635,ホセ スアレス,千葉,1995-12-18,name+dob exact
confident,506390,イ クンヒョン,川崎F,2006-05-22,61771,イ クンヒョン,川崎Ｆ,2006-05-22,name+dob exact
confident,520841,エゼモクェ チメヅェ海,C大阪,2009-04-02,65128,エゼモクェ チメヅェ海,Ｃ大阪,2009-04-02,name+dob exact
confident,550757,小林 将天,東京,2005-09-20,45095,小林 将天,FC東京,2005-09-20,name+dob exact
confident,550760,佐古 真礼,東京V,2002-12-02,37794,佐古 真礼,東京Ｖ,2002-12-02,name+dob exact
confident,288914,オナイウ 情滋,横浜FM,2000-11-11,48935,オナイウ 情滋,横浜FM,2000-11-11,name+dob exact
confident,10474,マテウス サヴィオ,浦和,1997-04-15,32651,マテウス サヴィオ,浦和,1997-04-15,name+dob exact
confident,33755,江川 湧清,長崎,2000-10-24,23325,江川 湧清,長崎,2000-10-24,name+dob exact
confident,33846,新井 一耀,長崎,1993-11-08,18990,新井 一耀,長崎,1993-11-08,name+dob exact
confident,33052,吉野 恭平,C大阪,1994-11-08,11192,吉野 恭平,Ｃ大阪,1994-11-08,name+dob exact
confident,33582,仙頭 啓矢,町田,1994-12-29,23193,仙頭 啓矢,町田,1994-12-29,name+dob exact
confident,33615,細谷 真大,柏,2001-09-07,32514,細谷 真大,柏,2001-09-07,name+dob exact
confident,33689,永井 堅梧,柏,1994-11-06,11336,永井 堅梧,柏,1994-11-06,name+dob exact
confident,620844,尾谷 ディヴァインチネドゥ,東京,2007-05-04,60417,尾谷 ディヴァインチネドゥ,FC東京,2007-05-04,name+dob exact
confident,33378,ジャーメイン 良,広島,1995-04-19,23421,ジャーメイン 良,広島,1995-04-19,name+dob exact
confident,639398,五木田 季晋,水戸,2004-07-12,70195,五木田 季晋,水戸,2004-07-12,name+dob exact
confident,639634,針生 涼太,清水,2008-03-07,62996,針生 涼太,清水,2008-03-07,name+dob exact
confident,33694,ジエゴ,神戸,1995-09-21,23157,ジエゴ,神戸,1995-09-21,name+dob exact
confident,41686,ユーリ アラウージョ,横浜FM,1996-04-13,69848,ユーリ アラウージョ,横浜FM,1996-04-13,name+dob exact
confident,33076,平戸 太貴,京都,1997-04-18,12156,平戸 太貴,京都,1997-04-18,name+dob exact
confident,119269,マテウス ブルネッティ,清水,1999-11-18,69197,マテウス ブルネッティ,清水,1999-11-18,name+dob exact
confident,201060,長谷川 元希,長崎,1998-12-10,37780,長谷川 元希,長崎,1998-12-10,name+dob exact
confident,201068,関口 正大,長崎,1998-04-21,37797,関口 正大,長崎,1998-04-21,name+dob exact
confident,2606,山口 蛍,長崎,1990-10-06,8710,山口 蛍,長崎,1990-10-06,name+dob exact
confident,9396,マテウス ジェズス,長崎,1997-04-10,29420,マテウス ジェズス,長崎,1997-04-10,name+dob exact
confident,33602,田上 大地,岡山,1993-06-16,15947,田上 大地,岡山,1993-06-16,name+dob exact
confident,291138,柴山 昌也,C大阪,2002-07-02,37869,柴山 昌也,Ｃ大阪,2002-07-02,name+dob exact
confident,304790,平岡 大陽,京都,2002-09-14,37928,平岡 大陽,京都,2002-09-14,name+dob exact
confident,319021,山見 大登,東京V,1999-08-16,44315,山見 大登,東京Ｖ,1999-08-16,name+dob exact
confident,33155,キム ジンヒョン,C大阪,1987-07-06,10346,キム ジンヒョン,Ｃ大阪,1987-07-06,name+dob exact
confident,325727,新井 晴樹,京都,1998-04-12,44234,新井 晴樹,京都,1998-04-12,name+dob exact
confident,328165,アレックス ソウザ,京都,2001-03-24,70873,アレックス ソウザ,京都,2001-03-24,name+dob exact
confident,351529,溝口 修平,鹿島,2004-02-13,45056,溝口 修平,鹿島,2004-02-13,name+dob exact
confident,355998,中野 就斗,広島,2000-06-27,45089,中野 就斗,広島,2000-06-27,name+dob exact
confident,33771,翁長 聖,長崎,1995-02-23,23266,翁長 聖,長崎,1995-02-23,name+dob exact
confident,33821,北爪 健吾,清水,1992-04-30,15751,北爪 健吾,清水,1992-04-30,name+dob exact
confident,109274,奥田 勇斗,C大阪,2001-04-21,32590,奥田 勇斗,Ｃ大阪,2001-04-21,name+dob exact
confident,153274,大畑 歩夢,C大阪,2001-04-27,32698,大畑 歩夢,Ｃ大阪,2001-04-27,name+dob exact
confident,159853,レオ ガウショ,岡山,2001-08-03,71462,レオ ガウショ,岡山,2001-08-03,name+dob exact
confident,457157,井上 太聖,横浜FM,2002-10-01,54844,井上 太聖,横浜FM,2002-10-01,name+dob exact
confident,542205,山田 海斗,神戸,2006-08-31,50487,山田 海斗,神戸,2006-08-31,name+dob exact
confident,546899,小倉 幸成,岡山,2005-04-09,70920,小倉 幸成,岡山,2005-04-09,name+dob exact
confident,550729,鈴木 喜丈,岡山,1998-07-06,19436,鈴木 喜丈,岡山,1998-07-06,name+dob exact
confident,552401,松本 天夢,長崎,2002-09-28,61002,松本 天夢,長崎,2002-09-28,name+dob exact
confident,552459,米田 隼也,長崎,1995-11-05,29348,米田 隼也,長崎,1995-11-05,name+dob exact
confident,639200,徳村 楓大,町田,2007-11-26,70811,徳村 楓大,町田,2007-11-26,name+dob exact
confident,625861,肥田野 蓮治,浦和,2003-12-01,63006,肥田野 蓮治,浦和,2003-12-01,name+dob exact
confident,639509,安藤 晃希,水戸,2007-09-22,70882,安藤 晃希,水戸,2007-09-22,name+dob exact
confident,642538,尹 星俊,京都,2007-05-04,61050,尹 星俊,京都,2007-05-04,name+dob exact
confident,369713,諏訪間 幸成,横浜FM,2003-06-06,37885,諏訪間 幸成,横浜FM,2003-06-06,name+dob exact
confident,16200,マテウス レイリア,水戸,1995-01-22,44235,マテウス レイリア,水戸,1995-01-22,name+dob exact
confident,33320,食野 亮太郎,G大阪,1998-06-18,19429,食野 亮太郎,Ｇ大阪,1998-06-18,name+dob exact
confident,10425,マルシーニョ,川崎F,1995-05-16,44327,マルシーニョ,川崎Ｆ,1995-05-16,name+dob exact
confident,639387,前田 快,福岡,2004-07-01,70196,前田 快,福岡,2004-07-01,name+dob exact
confident,2605,宇佐美 貴史,G大阪,1992-05-06,9398,宇佐美 貴史,Ｇ大阪,1992-05-06,name+dob exact
confident,33776,呉屋 大翔,千葉,1994-01-02,19198,呉屋 大翔,千葉,1994-01-02,name+dob exact
confident,33839,齋藤 功佑,東京V,1997-06-16,19206,齋藤 功佑,東京Ｖ,1997-06-16,name+dob exact
confident,33799,森田 晃樹,東京V,2000-08-08,32433,森田 晃樹,東京Ｖ,2000-08-08,name+dob exact
confident,2599,橋本 拳人,東京,1993-08-16,10610,橋本 拳人,FC東京,1993-08-16,name+dob exact
confident,10074,エリキ,町田,1994-07-18,32706,エリキ,町田,1994-07-18,name+dob exact
confident,10165,マテウス トゥーレル,神戸,1999-03-10,48989,マテウス トゥーレル,神戸,1999-03-10,name+dob exact
confident,33400,本田 風智,京都,2001-05-10,32584,本田 風智,京都,2001-05-10,name+dob exact
confident,36969,ドレシェヴィッチ,町田,1997-01-24,54778,ドレシェヴィッチ,町田,1997-01-24,name+dob exact
confident,41349,権田 修一,神戸,1989-03-03,7811,権田 修一,神戸,1989-03-03,name+dob exact
confident,54491,ジェアン パトリッキ,神戸,1997-05-14,45629,ジェアン パトリッキ,神戸,1997-05-14,name+dob exact
confident,91871,太田 岳志,京都,1990-12-26,11341,太田 岳志,京都,1990-12-26,name+dob exact
confident,92046,佐々木 大樹,神戸,1999-09-17,19581,佐々木 大樹,神戸,1999-09-17,name+dob exact
confident,109315,岡村 大八,町田,1997-02-15,32310,岡村 大八,町田,1997-02-15,name+dob exact
confident,109385,長沢 祐弥,東京V,1996-07-01,32344,長沢 祐弥,東京Ｖ,1996-07-01,name+dob exact
confident,351532,佐藤 響,京都,2000-03-21,45023,佐藤 響,京都,2000-03-21,name+dob exact
confident,199792,加藤 陸次樹,広島,1997-08-06,12175,加藤 陸次樹,広島,1997-08-06,name+dob exact
confident,9550,レオ セアラ,鹿島,1995-02-03,19209,レオ セアラ,鹿島,1995-02-03,name+dob exact
confident,33112,柴戸 海,浦和,1995-11-24,29256,柴戸 海,浦和,1995-11-24,name+dob exact
confident,34418,キム テヒョン,鹿島,2000-09-17,45209,キム テヒョン,鹿島,2000-09-17,name+dob exact
confident,197973,松村 優太,鹿島,2001-04-13,37536,松村 優太,鹿島,2001-04-13,name+dob exact
confident,33397,原 輝綺,名古屋,1998-07-30,23216,原 輝綺,名古屋,1998-07-30,name+dob exact
confident,33464,髙橋 壱晟,千葉,1998-04-20,23194,髙橋 壱晟,千葉,1998-04-20,name+dob exact
confident,282282,深澤 大輝,東京V,1998-08-21,37684,深澤 大輝,東京Ｖ,1998-08-21,name+dob exact
confident,284784,角田 涼太朗,横浜FM,1999-06-27,37857,角田 涼太朗,横浜FM,1999-06-27,name+dob exact
confident,296645,テテ イェンギ,町田,2000-11-28,70909,テテ イェンギ,町田,2000-11-28,name+dob exact
confident,304783,林 尚輝,東京V,1998-06-09,38003,林 尚輝,東京Ｖ,1998-06-09,name+dob exact
confident,304879,鍬先 祐弥,神戸,1998-05-15,37932,鍬先 祐弥,神戸,1998-05-15,name+dob exact
confident,319007,木村 勇大,名古屋,2001-02-28,44779,木村 勇大,名古屋,2001-02-28,name+dob exact
confident,34060,田代 雅也,福岡,1993-05-01,19274,田代 雅也,福岡,1993-05-01,name+dob exact
confident,33636,本間 至恩,C大阪,2000-08-09,23377,本間 至恩,Ｃ大阪,2000-08-09,name+dob exact
confident,33672,小泉 佳穂,柏,1996-10-05,32404,小泉 佳穂,柏,1996-10-05,name+dob exact
confident,41218,チアゴ サンタナ,長崎,1993-02-04,38034,チアゴ サンタナ,長崎,1993-02-04,name+dob exact
confident,350849,仙波 大志,水戸,1999-08-19,19412,仙波 大志,水戸,1999-08-19,name+dob exact
confident,351537,宮本 優太,浦和,1999-12-15,37873,宮本 優太,浦和,1999-12-15,name+dob exact
confident,33244,増山 朝陽,町田,1997-01-29,15779,増山 朝陽,町田,1997-01-29,name+dob exact
confident,351015,鈴木 章斗,広島,2003-07-30,45061,鈴木 章斗,広島,2003-07-30,name+dob exact
confident,351538,安居 海渡,浦和,2000-02-09,45040,安居 海渡,浦和,2000-02-09,name+dob exact
confident,363322,日髙 光揮,神戸,2003-05-11,45708,日髙 光揮,神戸,2003-05-11,name+dob exact
confident,367572,南野 遥海,G大阪,2004-05-13,45133,南野 遥海,Ｇ大阪,2004-05-13,name+dob exact
confident,369476,木村 凌也,横浜FM,2003-06-10,38903,木村 凌也,横浜FM,2003-06-10,name+dob exact
confident,385243,吉田 泰授,東京V,2000-04-21,48902,吉田 泰授,東京Ｖ,2000-04-21,name+dob exact
confident,403473,林 幸多郎,町田,2000-11-16,49564,林 幸多郎,町田,2000-11-16,name+dob exact
confident,422373,石尾 陸登,千葉,2001-08-07,49760,石尾 陸登,千葉,2001-08-07,name+dob exact
confident,422684,白井 亮丞,東京V,2005-05-17,49950,白井 亮丞,東京Ｖ,2005-05-17,name+dob exact
confident,33016,天野 純,横浜FM,1991-07-19,9360,天野 純,横浜FM,1991-07-19,name+dob exact
confident,33017,遠藤 渓太,東京,1997-11-22,19246,遠藤 渓太,FC東京,1997-11-22,name+dob exact
confident,33399,樋口 雄太,鹿島,1996-10-30,32386,樋口 雄太,鹿島,1996-10-30,name+dob exact
confident,33427,浅野 雄也,名古屋,1997-02-17,32304,浅野 雄也,名古屋,1997-02-17,name+dob exact
confident,33595,古賀 太陽,柏,1998-10-28,19490,古賀 太陽,柏,1998-10-28,name+dob exact
confident,33705,小西 雄大,柏,1998-04-18,19424,小西 雄大,柏,1998-04-18,name+dob exact
confident,33827,中山 克広,名古屋,1996-07-17,32295,中山 克広,名古屋,1996-07-17,name+dob exact
confident,33979,石川 大地,千葉,1996-02-22,29329,石川 大地,千葉,1996-02-22,name+dob exact
confident,32952,奈良 竜樹,福岡,1993-09-19,10697,奈良 竜樹,福岡,1993-09-19,name+dob exact
confident,33605,江坂 任,岡山,1992-05-31,15829,江坂 任,岡山,1992-05-31,name+dob exact
confident,33942,北島 祐二,福岡,2000-08-04,29412,北島 祐二,福岡,2000-08-04,name+dob exact
confident,64280,半田 陸,G大阪,2002-01-01,29444,半田 陸,Ｇ大阪,2002-01-01,name+dob exact
confident,36920,中山 雄太,町田,1997-02-16,11463,中山 雄太,町田,1997-02-16,name+dob exact
confident,44054,塩谷 司,広島,1988-12-05,10936,塩谷 司,広島,1988-12-05,name+dob exact
confident,73856,安部 柊斗,G大阪,1997-12-05,32598,安部 柊斗,Ｇ大阪,1997-12-05,name+dob exact
confident,80315,マルコ トゥーリオ,京都,1998-03-13,54733,マルコ トゥーリオ,京都,1998-03-13,name+dob exact
confident,80534,カエターノ,神戸,1999-06-24,61704,カエターノ,神戸,1999-06-24,name+dob exact
confident,507610,中川 敦瑛,柏,2002-05-15,60459,中川 敦瑛,柏,2002-05-15,name+dob exact
confident,509265,多田 圭佑,水戸,2002-09-27,61769,多田 圭佑,水戸,2002-09-27,name+dob exact
confident,550723,杉浦 駿吾,名古屋,2006-05-14,46821,杉浦 駿吾,名古屋,2006-05-14,name+dob exact
confident,2589,シュミット ダニエル,名古屋,1992-02-03,10923,シュミット ダニエル,名古屋,1992-02-03,name+dob exact
confident,32885,丸山 祐市,川崎F,1989-06-16,11131,丸山 祐市,川崎Ｆ,1989-06-16,name+dob exact
confident,33643,渡邊 凌磨,浦和,1996-10-02,29548,渡邊 凌磨,浦和,1996-10-02,name+dob exact
confident,33624,新井 直人,広島,1996-10-07,32472,新井 直人,広島,1996-10-07,name+dob exact
confident,38777,ジョルディ クルークス,横浜FM,1994-01-15,39400,ジョルディ クルークス,横浜FM,1994-01-15,name+dob exact
confident,33991,前 貴之,千葉,1993-09-16,10677,前 貴之,千葉,1993-09-16,name+dob exact
confident,44497,イッサム ジェバリ,G大阪,1991-12-25,49569,イッサム ジェバリ,Ｇ大阪,1991-12-25,name+dob exact
confident,33714,岸本 武流,G大阪,1997-07-16,19200,岸本 武流,Ｇ大阪,1997-07-16,name+dob exact
confident,33607,小林 祐介,千葉,1994-10-23,11265,小林 祐介,千葉,1994-10-23,name+dob exact
confident,33710,鈴木 徳真,G大阪,1997-03-12,32317,鈴木 徳真,Ｇ大阪,1997-03-12,name+dob exact
confident,33931,石原 広教,浦和,1999-02-26,19514,石原 広教,浦和,1999-02-26,name+dob exact
confident,33610,瀬川 祐輔,柏,1994-02-07,19231,瀬川 祐輔,柏,1994-02-07,name+dob exact
confident,33650,渡邉 新太,水戸,1995-08-05,23519,渡邉 新太,水戸,1995-08-05,name+dob exact
confident,199891,住吉 ジェラニレショーン,清水,1997-10-05,37552,住吉 ジェラニレショーン,清水,1997-10-05,name+dob exact
confident,91864,前嶋 洋太,福岡,1997-08-12,19205,前嶋 洋太,福岡,1997-08-12,name+dob exact
confident,109197,新井 瑞希,水戸,1997-04-14,23562,新井 瑞希,水戸,1997-04-14,name+dob exact
confident,107718,マルクス ヴィニシウス,名古屋,1998-01-24,45632,マルクス ヴィニシウス,名古屋,1998-01-24,name+dob exact
confident,182008,田中 駿汰,C大阪,1997-05-26,32646,田中 駿汰,Ｃ大阪,1997-05-26,name+dob exact
confident,33079,名古 新太郎,福岡,1996-04-17,29529,名古 新太郎,福岡,1996-04-17,name+dob exact
confident,115609,岡 哲平,福岡,2001-09-06,32518,岡 哲平,福岡,2001-09-06,name+dob exact
confident,109379,河野 貴志,千葉,1996-06-17,32320,河野 貴志,千葉,1996-06-17,name+dob exact
confident,199300,津久井 匠海,千葉,2002-04-30,32430,津久井 匠海,千葉,2002-04-30,name+dob exact
confident,199795,山下 諒也,G大阪,1997-10-19,37686,山下 諒也,Ｇ大阪,1997-10-19,name+dob exact
confident,106843,山田 陸,長崎,1998-04-15,23149,山田 陸,長崎,1998-04-15,name+dob exact
confident,153323,河野 孝汰,岡山,2003-08-12,32521,河野 孝汰,岡山,2003-08-12,name+dob exact
confident,109332,井上 黎生人,C大阪,1997-03-09,15862,井上 黎生人,Ｃ大阪,1997-03-09,name+dob exact
confident,115608,常盤 亨太,東京,2002-04-09,32604,常盤 亨太,FC東京,2002-04-09,name+dob exact
confident,119661,見木 友哉,福岡,1998-03-28,32609,見木 友哉,福岡,1998-03-28,name+dob exact
confident,130228,イサカ ゼイン,千葉,1997-05-29,32607,イサカ ゼイン,千葉,1997-05-29,name+dob exact
confident,32875,田川 亨介,鹿島,1999-02-11,19510,田川 亨介,鹿島,1999-02-11,name+dob exact
confident,99186,オ セフン,清水,1999-01-15,45669,オ セフン,清水,1999-01-15,name+dob exact
confident,199156,山本 悠樹,川崎F,1997-11-06,32731,山本 悠樹,川崎Ｆ,1997-11-06,name+dob exact
confident,32940,オナイウ 阿道,浦和,1995-11-08,11977,オナイウ 阿道,浦和,1995-11-08,name+dob exact
confident,33093,西川 周作,浦和,1986-06-18,7493,西川 周作,浦和,1986-06-18,name+dob exact
confident,199899,山田 楓喜,東京,2001-07-10,37561,山田 楓喜,FC東京,2001-07-10,name+dob exact
confident,226300,真瀬 拓海,水戸,1998-05-03,37708,真瀬 拓海,水戸,1998-05-03,name+dob exact
confident,206964,河原 創,川崎F,1998-03-13,37606,河原 創,川崎Ｆ,1998-03-13,name+dob exact
confident,32985,金子 拓郎,浦和,1997-07-30,32507,金子 拓郎,浦和,1997-07-30,name+dob exact
confident,315631,平尾 勇人,東京V,2005-01-06,70114,平尾 勇人,東京Ｖ,2005-01-06,name+dob exact
confident,319006,山田 剛綺,東京V,2000-09-19,49626,山田 剛綺,東京Ｖ,2000-09-19,name+dob exact
confident,353582,濵田 太郎,岡山,2000-02-21,45058,濵田 太郎,岡山,2000-02-21,name+dob exact
confident,33077,三竿 健斗,鹿島,1996-04-16,12129,三竿 健斗,鹿島,1996-04-16,name+dob exact
confident,318365,近藤 友喜,横浜FM,2001-03-21,44159,近藤 友喜,横浜FM,2001-03-21,name+dob exact
confident,319012,美藤 倫,G大阪,2002-02-12,49738,美藤 倫,Ｇ大阪,2002-02-12,name+dob exact
confident,351531,菊地 泰智,名古屋,1999-05-07,45022,菊地 泰智,名古屋,1999-05-07,name+dob exact
confident,381078,松長根 悠仁,川崎F,2004-09-14,48986,松長根 悠仁,川崎Ｆ,2004-09-14,name+dob exact
confident,353587,加藤 蓮,横浜FM,1999-12-28,44656,加藤 蓮,横浜FM,1999-12-28,name+dob exact
confident,404357,井上 竜太,東京V,2000-07-25,49586,井上 竜太,東京Ｖ,2000-07-25,name+dob exact
confident,319019,本山 遥,岡山,1999-06-05,19588,本山 遥,岡山,1999-06-05,name+dob exact
confident,321425,岩井 琢朗,千葉,2002-11-27,60448,岩井 琢朗,千葉,2002-11-27,name+dob exact
confident,340991,小原 基樹,広島,2000-03-09,44750,小原 基樹,広島,2000-03-09,name+dob exact
confident,350845,井上 聖也,水戸,1999-11-09,39187,井上 聖也,水戸,1999-11-09,name+dob exact
confident,351019,千葉 寛汰,清水,2003-06-17,38098,千葉 寛汰,清水,2003-06-17,name+dob exact
confident,356185,早川 隼平,浦和,2005-12-05,39635,早川 隼平,浦和,2005-12-05,name+dob exact
confident,360326,道脇 豊,福岡,2006-04-05,45135,道脇 豊,福岡,2006-04-05,name+dob exact
confident,369603,山脇 樺織,福岡,2000-12-17,49654,山脇 樺織,福岡,2000-12-17,name+dob exact
confident,381079,大関 友翔,川崎F,2005-02-06,48985,大関 友翔,川崎Ｆ,2005-02-06,name+dob exact
confident,403464,名願 斗哉,川崎F,2004-06-29,49681,名願 斗哉,川崎Ｆ,2004-06-29,name+dob exact
confident,410014,中野 瑠馬,京都,2002-10-06,49744,中野 瑠馬,京都,2002-10-06,name+dob exact
confident,416314,高木 践,清水,2002-03-14,49774,高木 践,清水,2002-03-14,name+dob exact
confident,33103,鈴木 大輔,千葉,1990-01-29,9450,鈴木 大輔,千葉,1990-01-29,name+dob exact
confident,41225,アルフレド ステファンス,清水,1994-12-25,70129,アルフレド ステファンス,清水,1994-12-25,name+dob exact
confident,32888,吉田 豊,清水,1990-02-17,9652,吉田 豊,清水,1990-02-17,name+dob exact
confident,33976,山岸 祐也,名古屋,1993-08-29,19230,山岸 祐也,名古屋,1993-08-29,name+dob exact
confident,143657,日髙 華杜,清水,2003-12-11,62132,日髙 華杜,清水,2003-12-11,name+dob exact
confident,33089,鈴木 優磨,鹿島,1996-04-26,12096,鈴木 優磨,鹿島,1996-04-26,name+dob exact
confident,2590,安西 幸輝,鹿島,1995-05-31,11501,安西 幸輝,鹿島,1995-05-31,name+dob exact
confident,48077,デニス ヒュメット,G大阪,1996-09-13,62293,デニス ヒュメット,Ｇ大阪,1996-09-13,name+dob exact
confident,265656,藤本 一輝,福岡,1998-07-29,37786,藤本 一輝,福岡,1998-07-29,name+dob exact
confident,265828,橋本 健人,東京,1999-12-08,37788,橋本 健人,FC東京,1999-12-08,name+dob exact
confident,268142,甲田 英將,名古屋,2003-10-02,37687,甲田 英將,名古屋,2003-10-02,name+dob exact
confident,9617,カピシャーバ,清水,1997-01-09,49691,カピシャーバ,清水,1997-01-09,name+dob exact
confident,33354,北川 航也,清水,1996-07-26,12087,北川 航也,清水,1996-07-26,name+dob exact
confident,146509,パク スンウク,清水,1997-05-07,70827,パク スンウク,清水,1997-05-07,name+dob exact
confident,2604,柴崎 岳,鹿島,1992-05-28,11000,柴崎 岳,鹿島,1992-05-28,name+dob exact
confident,32969,知念 慶,鹿島,1995-03-17,23167,知念 慶,鹿島,1995-03-17,name+dob exact
confident,288011,チアゴ アンドラーデ,C大阪,2000-10-31,61765,チアゴ アンドラーデ,Ｃ大阪,2000-10-31,name+dob exact
confident,289882,山原 怜音,川崎F,1999-06-08,39403,山原 怜音,川崎Ｆ,1999-06-08,name+dob exact
confident,304791,大森 博,岡山,2002-09-10,38028,大森 博,岡山,2002-09-10,name+dob exact
confident,318170,ウェリック ポポ,岡山,2001-10-17,69800,ウェリック ポポ,岡山,2001-10-17,name+dob exact
confident,351084,宇野 禅斗,清水,2003-11-20,45049,宇野 禅斗,清水,2003-11-20,name+dob exact
confident,304782,早川 友基,鹿島,1999-03-03,37999,早川 友基,鹿島,1999-03-03,name+dob exact
confident,304919,大崎 航詩,水戸,1998-06-30,37973,大崎 航詩,水戸,1998-06-30,name+dob exact
confident,317334,長倉 幹樹,東京,1999-10-07,49251,長倉 幹樹,FC東京,1999-10-07,name+dob exact
confident,318654,久保 藤次郎,柏,1999-04-05,44163,久保 藤次郎,柏,1999-04-05,name+dob exact
confident,351498,佐々木 旭,川崎F,2000-01-26,45042,佐々木 旭,川崎Ｆ,2000-01-26,name+dob exact
confident,33242,初瀬 亮,G大阪,1997-07-10,15845,初瀬 亮,Ｇ大阪,1997-07-10,name+dob exact
confident,351542,山根 陸,横浜FM,2003-08-17,37886,山根 陸,横浜FM,2003-08-17,name+dob exact
confident,356370,三浦 颯太,川崎F,2000-09-07,44165,三浦 颯太,川崎Ｆ,2000-09-07,name+dob exact
confident,33153,山﨑 凌吾,長崎,1992-09-20,11499,山﨑 凌吾,長崎,1992-09-20,name+dob exact
confident,354515,大森 渚生,水戸,1999-08-19,45030,大森 渚生,水戸,1999-08-19,name+dob exact
confident,33914,長沼 洋一,浦和,1997-04-14,12176,長沼 洋一,浦和,1997-04-14,name+dob exact
confident,352457,谷村 海那,横浜FM,1998-03-05,44969,谷村 海那,横浜FM,1998-03-05,name+dob exact
confident,33276,松本 昌也,岡山,1995-01-25,11368,松本 昌也,岡山,1995-01-25,name+dob exact
confident,353589,谷口 栄斗,川崎F,1999-09-30,44169,谷口 栄斗,川崎Ｆ,1999-09-30,name+dob exact
confident,33197,エドゥアルド,長崎,1997-02-01,45008,エドゥアルド,千葉,1997-02-01,name+dob exact
confident,33185,中島 元彦,C大阪,1999-04-18,19484,中島 元彦,Ｃ大阪,1999-04-18,name+dob exact
confident,33192,山根 永遠,岡山,1999-02-05,19405,山根 永遠,岡山,1999-02-05,name+dob exact
confident,352453,宮本 英治,岡山,1998-08-03,44961,宮本 英治,岡山,1998-08-03,name+dob exact
confident,356714,石渡 ネルソン,C大阪,2005-05-10,45104,石渡 ネルソン,Ｃ大阪,2005-05-10,name+dob exact
confident,33337,立田 悠悟,岡山,1998-06-21,23251,立田 悠悟,岡山,1998-06-21,name+dob exact
confident,33332,飯田 貴敬,水戸,1994-08-31,19606,飯田 貴敬,水戸,1994-08-31,name+dob exact
confident,33562,本多 勇喜,清水,1991-01-02,8959,本多 勇喜,清水,1991-01-02,name+dob exact
confident,33620,藤田 和輝,福岡,2001-02-19,31506,藤田 和輝,福岡,2001-02-19,name+dob exact
confident,33364,照山 颯人,長崎,2000-08-28,32380,照山 颯人,長崎,2000-08-28,name+dob exact
confident,8508,関根 貴大,浦和,1995-04-19,12031,関根 貴大,浦和,1995-04-19,name+dob exact
confident,369768,佐藤 恵允,東京,2001-07-11,61958,佐藤 恵允,FC東京,2001-07-11,name+dob exact
confident,370130,山内 日向汰,柏,2001-05-30,49741,山内 日向汰,柏,2001-05-30,name+dob exact
confident,415189,重見 柾斗,福岡,2001-09-20,49769,重見 柾斗,福岡,2001-09-20,name+dob exact
confident,422380,稲村 隼翔,東京,2002-05-06,50494,稲村 隼翔,FC東京,2002-05-06,name+dob exact
confident,441588,根本 健太,浦和,2002-12-13,61036,根本 健太,浦和,2002-12-13,name+dob exact
confident,509262,板倉 健太,水戸,2002-06-15,61759,板倉 健太,水戸,2002-06-15,name+dob exact
confident,455185,濃野 公人,鹿島,2002-03-26,54822,濃野 公人,鹿島,2002-03-26,name+dob exact
confident,542861,佐藤 龍之介,東京,2006-10-16,49722,佐藤 龍之介,FC東京,2006-10-16,name+dob exact
confident,403458,阪田 澪哉,C大阪,2004-05-11,49649,阪田 澪哉,Ｃ大阪,2004-05-11,name+dob exact
confident,550709,ルカオ,岡山,1995-09-22,32703,ルカオ,岡山,1995-09-22,name+dob exact
confident,508070,中村 草太,広島,2002-10-15,61689,中村 草太,広島,2002-10-15,name+dob exact
confident,550711,木村 太哉,岡山,1998-07-08,37917,木村 太哉,岡山,1998-07-08,name+dob exact
confident,550714,嶋本 悠大,清水,2006-10-26,61746,嶋本 悠大,清水,2006-10-26,name+dob exact
confident,2592,三浦 弦太,G大阪,1995-03-01,11385,三浦 弦太,Ｇ大阪,1995-03-01,name+dob exact
confident,2593,室屋 成,東京,1994-04-05,15896,室屋 成,FC東京,1994-04-05,name+dob exact
confident,32855,小川 諒也,鹿島,1996-11-24,15816,小川 諒也,鹿島,1996-11-24,name+dob exact
confident,32967,脇坂 泰斗,川崎F,1995-06-11,23538,脇坂 泰斗,川崎Ｆ,1995-06-11,name+dob exact
confident,32910,小島 亨介,柏,1997-01-30,11490,小島 亨介,柏,1997-01-30,name+dob exact
confident,24918,スベンド ブローダーセン,川崎F,1997-03-22,44316,スベンド ブローダーセン,川崎Ｆ,1997-03-22,name+dob exact
confident,1991,香川 真司,C大阪,1989-03-17,8645,香川 真司,Ｃ大阪,1989-03-17,name+dob exact
confident,32848,波多野 豪,長崎,1998-05-25,15902,波多野 豪,長崎,1998-05-25,name+dob exact
confident,32897,前田 直輝,広島,1994-11-17,11216,前田 直輝,広島,1994-11-17,name+dob exact
confident,32621,ノーマン キャンベル,長崎,1999-11-24,70908,ノーマン キャンベル,長崎,1999-11-24,name+dob exact
confident,32998,岩崎 悠人,長崎,1998-06-11,23192,岩崎 悠人,長崎,1998-06-11,name+dob exact
confident,33018,喜田 拓也,横浜FM,1994-08-23,11179,喜田 拓也,横浜FM,1994-08-23,name+dob exact
confident,32980,進藤 亮佑,長崎,1996-06-07,15787,進藤 亮佑,長崎,1996-06-07,name+dob exact
confident,32882,藤井 陽也,名古屋,2000-12-26,19391,藤井 陽也,名古屋,2000-12-26,name+dob exact
confident,33008,広瀬 陸斗,神戸,1995-09-23,11939,広瀬 陸斗,神戸,1995-09-23,name+dob exact
confident,33013,扇原 貴宏,神戸,1991-10-05,9201,扇原 貴宏,神戸,1991-10-05,name+dob exact
confident,24838,レナート モーザー,岡山,1999-12-06,70881,レナート モーザー,岡山,1999-12-06,name+dob exact
confident,32994,高嶺 朋樹,名古屋,1997-12-29,32538,高嶺 朋樹,名古屋,1997-12-29,name+dob exact
confident,32992,白井 康介,岡山,1994-05-01,12000,白井 康介,岡山,1994-05-01,name+dob exact
confident,33121,松原 修平,水戸,1992-08-11,10672,松原 修平,水戸,1992-08-11,name+dob exact
confident,33132,秋野 央樹,福岡,1994-10-08,11263,秋野 央樹,福岡,1994-10-08,name+dob exact
confident,33154,圍 謙太朗,京都,1991-04-23,12059,圍 謙太朗,京都,1991-04-23,name+dob exact
confident,33162,木本 恭生,東京,1993-08-06,15927,木本 恭生,FC東京,1993-08-06,name+dob exact
confident,33194,守田 達弥,町田,1990-08-03,10305,守田 達弥,町田,1990-08-03,name+dob exact
confident,33213,藤田 息吹,岡山,1991-01-30,11391,藤田 息吹,岡山,1991-01-30,name+dob exact
confident,33237,宮 大樹,福岡,1996-04-01,19684,宮 大樹,福岡,1996-04-01,name+dob exact
confident,33298,松田 陸,東京V,1999-05-03,29236,松田 陸,東京Ｖ,1999-05-03,name+dob exact
confident,33299,野田 裕喜,柏,1997-07-27,12178,野田 裕喜,柏,1997-07-27,name+dob exact
confident,33304,米倉 恒貴,千葉,1988-05-17,9116,米倉 恒貴,千葉,1988-05-17,name+dob exact
confident,33312,倉田 秋,G大阪,1988-11-26,7998,倉田 秋,Ｇ大阪,1988-11-26,name+dob exact
confident,33356,小畑 裕馬,福岡,2001-11-07,23525,小畑 裕馬,福岡,2001-11-07,name+dob exact
confident,33310,高 宇洋,東京,1998-04-20,23137,高 宇洋,FC東京,1998-04-20,name+dob exact
confident,33027,仲川 輝人,東京,1992-07-27,9794,仲川 輝人,FC東京,1992-07-27,name+dob exact
confident,33038,野上 結貴,名古屋,1991-04-20,11215,野上 結貴,名古屋,1991-04-20,name+dob exact
confident,33042,東 俊希,広島,2000-07-28,19629,東 俊希,広島,2000-07-28,name+dob exact
confident,33043,稲垣 祥,名古屋,1991-12-25,11937,稲垣 祥,名古屋,1991-12-25,name+dob exact
confident,33045,川辺 駿,広島,1995-09-08,11405,川辺 駿,広島,1995-09-08,name+dob exact
confident,33088,白崎 凌兵,町田,1993-05-18,11150,白崎 凌兵,町田,1993-05-18,name+dob exact
confident,33230,前川 黛也,神戸,1994-09-08,15955,前川 黛也,神戸,1994-09-08,name+dob exact
confident,33241,郷家 友太,神戸,1999-06-10,29290,郷家 友太,神戸,1999-06-10,name+dob exact
confident,33250,山内 翔,神戸,2002-01-06,32488,山内 翔,神戸,2002-01-06,name+dob exact
confident,33308,福田 湧矢,東京V,1999-04-04,29234,福田 湧矢,東京Ｖ,1999-04-04,name+dob exact
confident,33328,梅田 透吾,清水,2000-07-23,23341,梅田 透吾,清水,2000-07-23,name+dob exact
confident,33362,永戸 勝也,神戸,1995-01-15,23243,永戸 勝也,神戸,1995-01-15,name+dob exact
confident,33024,ブラウン ノア 賢信,岡山,2001-05-27,32428,ブラウン ノア 賢信,岡山,2001-05-27,name+dob exact
confident,33251,安井 拓也,千葉,1998-11-21,19477,安井 拓也,千葉,1998-11-21,name+dob exact
confident,33373,椎橋 慧也,名古屋,1997-06-20,19263,椎橋 慧也,福岡,1997-06-20,name+dob exact
confident,33638,加藤 陸次樹,広島,1997-08-06,12175,加藤 陸次樹,広島,1997-08-06,name+dob exact
confident,33723,阿部 海大,岡山,1999-09-18,29244,阿部 海大,岡山,1999-09-18,name+dob exact
confident,34496,キム ジュソン,広島,2000-12-12,70134,キム ジュソン,広島,2000-12-12,name+dob exact
confident,54359,エドゥアルド,千葉,1997-02-01,45008,エドゥアルド,千葉,1997-02-01,name+dob exact
confident,89712,シャハブ ザヘディ,福岡,1995-08-18,55424,シャハブ ザヘディ,福岡,1995-08-18,name+dob exact
confident,109305,田中 雄大,広島,2002-10-11,70153,田中 雄大,横浜FM,2002-10-11,name+dob exact
confident,109382,バングーナガンデ 佳史扶,東京,2001-09-24,29408,バングーナガンデ 佳史扶,FC東京,2001-09-24,name+dob exact
confident,119662,松尾 佑介,浦和,1997-07-23,32610,松尾 佑介,浦和,1997-07-23,name+dob exact
confident,146585,遠野 大弥,横浜FM,1999-03-14,37533,遠野 大弥,横浜FM,1999-03-14,name+dob exact
confident,199157,松本 健太,柏,1997-05-04,32720,松本 健太,柏,1997-05-04,name+dob exact
confident,199627,井上 健太,清水,1998-07-23,37666,井上 健太,清水,1998-07-23,name+dob exact
confident,199913,馬場 晴也,柏,2001-10-24,32729,馬場 晴也,柏,2001-10-24,name+dob exact
confident,226301,アピアタウィア 久,京都,1998-10-18,37765,アピアタウィア 久,京都,1998-10-18,name+dob exact
confident,268147,根本 凌,水戸,2000-02-03,37770,根本 凌,水戸,2000-02-03,name+dob exact
confident,269554,弓場 将輝,清水,2002-05-13,37668,弓場 将輝,清水,2002-05-13,name+dob exact
confident,304118,佐藤 瑶大,名古屋,1998-09-10,37774,佐藤 瑶大,名古屋,1998-09-10,name+dob exact
confident,304796,加藤 千尋,水戸,1998-12-12,37866,加藤 千尋,水戸,1998-12-12,name+dob exact
confident,304939,鳥海 芳樹,水戸,1998-08-01,37942,鳥海 芳樹,水戸,1998-08-01,name+dob exact
confident,307908,杉山 直宏,千葉,1998-09-07,37998,杉山 直宏,千葉,1998-09-07,name+dob exact
confident,309809,工藤 孝太,岡山,2003-08-13,38053,工藤 孝太,岡山,2003-08-13,name+dob exact
confident,199882,櫻川 ソロモン,C大阪,2001-08-04,37595,櫻川 ソロモン,Ｃ大阪,2001-08-04,name+dob exact
confident,281944,蓮川 壮大,清水,1998-06-27,19508,蓮川 壮大,清水,1998-06-27,name+dob exact
confident,33667,徳元 悠平,名古屋,1995-09-12,29279,徳元 悠平,名古屋,1995-09-12,name+dob exact
confident,304117,田邉 秀斗,東京V,2002-05-05,37976,田邉 秀斗,東京Ｖ,2002-05-05,name+dob exact
confident,109383,大森 理生,東京,2002-07-21,32519,大森 理生,FC東京,2002-07-21,name+dob exact
confident,109400,藤尾 翔太,町田,2001-05-02,29386,藤尾 翔太,町田,2001-05-02,name+dob exact
confident,423796,川村 楽人,東京V,2006-04-06,52144,川村 楽人,東京Ｖ,2006-04-06,name+dob exact
confident,423802,名和田 我空,G大阪,2006-07-29,61657,名和田 我空,Ｇ大阪,2006-07-29,name+dob exact
confident,449198,徳田 誉,鹿島,2007-02-18,52191,徳田 誉,鹿島,2007-02-18,name+dob exact
confident,457167,牛澤 健,水戸,2001-04-11,44618,牛澤 健,水戸,2001-04-11,name+dob exact
confident,457170,山﨑 希一,水戸,2001-10-12,32554,山﨑 希一,水戸,2001-10-12,name+dob exact
confident,457181,郡司 璃来,清水,2005-08-03,54831,郡司 璃来,清水,2005-08-03,name+dob exact
confident,465168,テヴィス,横浜FM,2006-01-28,70904,テヴィス,横浜FM,2006-01-28,name+dob exact
confident,465790,森 壮一朗,名古屋,2007-06-29,55425,森 壮一朗,名古屋,2007-06-29,name+dob exact
confident,470409,山本 隼大,水戸,2003-02-12,60356,山本 隼大,水戸,2003-02-12,name+dob exact
confident,471929,仲山 獅恩,東京V,2007-10-16,60386,仲山 獅恩,東京Ｖ,2007-10-16,name+dob exact
confident,474582,照内 利和,浦和,2006-11-08,60450,照内 利和,浦和,2006-11-08,name+dob exact
confident,519156,佐藤 颯之介,福岡,2003-07-06,63156,佐藤 颯之介,福岡,2003-07-06,name+dob exact
confident,529335,関富 貫太,横浜FM,2005-10-23,70159,関富 貫太,横浜FM,2005-10-23,name+dob exact
confident,544950,テヴィス,横浜FM,2006-01-28,70904,テヴィス,横浜FM,2006-01-28,name+dob exact
confident,546904,横山 夢樹,C大阪,2005-09-23,49782,横山 夢樹,Ｃ大阪,2005-09-23,name+dob exact
confident,550720,藤井 海和,岡山,2003-02-15,61015,藤井 海和,岡山,2003-02-15,name+dob exact
confident,550726,大畑 凜生,清水,2003-11-23,62133,大畑 凜生,清水,2003-11-23,name+dob exact
confident,550736,ディーン デイビッド,横浜FM,1996-03-14,69961,ディーン デイビッド,横浜FM,1996-03-14,name+dob exact
confident,555693,長尾 優斗,水戸,2001-08-31,32499,長尾 優斗,水戸,2001-08-31,name+dob exact
confident,555824,石田 侑資,京都,2002-11-11,37930,石田 侑資,京都,2002-11-11,name+dob exact
confident,555843,フォファナ マリック,水戸,2000-05-02,60462,フォファナ マリック,水戸,2000-05-02,name+dob exact
confident,555873,田中 颯,東京,1999-06-10,45048,田中 颯,FC東京,1999-06-10,name+dob exact
confident,568612,山本 天翔,G大阪,2007-08-24,62294,山本 天翔,Ｇ大阪,2007-08-24,name+dob exact
confident,581809,照内 利和,浦和,2006-11-08,60450,照内 利和,浦和,2006-11-08,name+dob exact
confident,581811,金本 毅騎,C大阪,2004-07-30,66369,金本 毅騎,Ｃ大阪,2004-07-30,name+dob exact
confident,581813,髙橋 旺良,岡山,2006-03-01,70118,髙橋 旺良,岡山,2006-03-01,name+dob exact
confident,639517,村上 慶,横浜FM,2007-04-11,70891,村上 慶,横浜FM,2007-04-11,name+dob exact
confident,648243,齋藤 隼士,千葉,2008-04-12,70903,齋藤 隼士,千葉,2008-04-12,name+dob exact
confident,649121,伊藤 暖,千葉,2009-03-03,70902,伊藤 暖,千葉,2009-03-03,name+dob exact
confident,653498,酒井 滉生,京都,2007-10-07,61860,酒井 滉生,京都,2007-10-07,name+dob exact
confident,422686,山本 丈偉,東京V,2006-05-18,52115,山本 丈偉,東京Ｖ,2006-05-18,name+dob exact
confident,423786,荒木 琉偉,G大阪,2007-10-14,52062,荒木 琉偉,Ｇ大阪,2007-10-14,name+dob exact
confident,423798,中島 洋太朗,広島,2006-04-22,49717,中島 洋太朗,広島,2006-04-22,name+dob exact
confident,604393,姫野 誠,千葉,2008-08-12,70158,姫野 誠,千葉,2008-08-12,name+dob exact
confident,449199,ピサノ アレックス幸冬堀尾,名古屋,2006-01-10,38970,ピサノ アレックス幸冬堀尾,名古屋,2006-01-10,name+dob exact
confident,626225,植木 颯,浦和,2003-10-11,69962,植木 颯,浦和,2003-10-11,name+dob exact
confident,425765,新井 悠太,東京V,2003-03-24,50880,新井 悠太,東京Ｖ,2003-03-24,name+dob exact
name-only,9006395,土佐 陸翼,栃木C,,19557,土佐 陸翼,金沢,2000-04-27,single name match
name-only,9006396,井出 龍志,沼津,,61730,井出 龍志,沼津,2002-06-22,single name match
name-only,9006397,利根 瑠偉,FC大阪,,49661,利根 瑠偉,FC大阪,1993-02-15,single name match
name-only,9006398,吉永 大志,福島,,32423,吉永 大志,福島,1996-10-14,single name match
name-only,9006399,平岡 将豪,栃木C,,12024,平岡 将豪,栃木Ｃ,1995-05-12,single name match
name-only,9006400,イム ジフン,長野,,61716,イム ジフン,長野,2005-03-04,single name match
name-only,9006401,キム ゴンヨン,宮崎,,61651,キム ゴンヨン,宮崎,2003-04-10,single name match
name-only,9006402,ジョアオ,鹿児島,,61684,ジョアオ,鹿児島,2003-02-10,single name match
name-only,9006403,伊川 拓,鳥取,,54743,伊川 拓,鳥取,1997-04-11,single name match
name-only,9006404,成田 安里,琉球,,62999,成田 安里,琉球,2002-12-06,single name match
name-only,9006405,渡邊 星来,宮崎,,60453,渡邊 星来,宮崎,2003-07-10,single name match
name-only,9006406,岩岸 宗志,讃岐,,46816,岩岸 宗志,讃岐,2001-01-19,single name match
name-only,9006407,川井 大地,奈良,,60242,川井 大地,奈良,2006-08-14,single name match
name-only,9006411,高山 梓,栃木C,,61762,高山 梓,栃木Ｃ,2001-06-05,single name match
name-only,9006412,中田 永一,高知,,61419,中田 永一,高知,1996-09-22,single name match
name-only,9006413,ジェフェルソン ジャリ,金沢,,63157,ジェフェルソン ジャリ,金沢,1996-04-10,single name match
name-only,9006414,高橋 尚紀,讃岐,,49567,高橋 尚紀,讃岐,2000-06-11,single name match
name-only,9006415,ピーダーセン 世穏,八戸,,37700,ピーダーセン 世穏,八戸,1997-12-12,single name match
name-only,9006416,ルーカス セナ,沼津,,69199,ルーカス セナ,沼津,2001-03-19,single name match
name-only,9006417,タワットチャイ,奈良,,61727,タワットチャイ,奈良,2003-03-31,single name match
name-only,9006418,小林 洵,高知,,19483,小林 洵,高知,1999-05-07,single name match
name-only,9000459,谷内田 哲平,京都,,32713,谷内田 哲平,大宮,2001-11-01,single name match
name-only,9006419,櫻井 文陽,群馬,,65123,櫻井 文陽,群馬,2003-05-22,single name match
name-only,9006420,川上 航立,松本,,61767,川上 航立,水戸,2002-09-07,single name match
name-only,9006421,中川 真,福島,,54779,中川 真,福島,2001-09-10,single name match
name-only,9006422,ジローン ゲギム,沼津,,62139,ジローン ゲギム,沼津,2004-07-22,single name match
name-only,9006423,エンリック マルティネス,沼津,,69846,エンリック マルティネス,沼津,2000-01-04,single name match
name-only,9006424,ブヴィク ムシティ オコ,岐阜,,70160,ブヴィク ムシティ オコ,岐阜,1995-01-28,single name match
name-only,9006425,小松 拓幹,讃岐,,37507,小松 拓幹,讃岐,1997-04-09,single name match
name-only,9006426,橋本 清太郎,鳥取,,70197,橋本 清太郎,鳥取,2003-07-15,single name match
name-only,9006427,ノ スンギ,讃岐,,61035,ノ スンギ,讃岐,2005-03-25,single name match
name-only,9006428,西田 結平,鳥取,,54747,西田 結平,鳥取,2001-04-02,single name match
name-only,9006429,増田 修斗,栃木C,,61749,増田 修斗,栃木Ｃ,1994-01-17,single name match
name-only,9006430,松本 光平,高知,,8325,松本 光平,高知,1989-05-03,single name match
name-only,9006431,パトリック グスタフソン,奈良,,54838,パトリック グスタフソン,奈良,2001-04-19,single name match
name-only,9006432,國廣 周平,相模原,,49629,國廣 周平,相模原,1997-01-09,single name match
name-only,9006433,下澤 悠太,FC大阪,,37599,下澤 悠太,FC大阪,1997-09-04,single name match
name-only,9006434,田中 直基,FC大阪,,29269,田中 直基,FC大阪,1993-03-29,single name match
name-only,9006435,魚里 直哉,宮崎,,29258,魚里 直哉,宮崎,1995-08-03,single name match
name-only,9006436,長野 星輝,福島,,38017,長野 星輝,福島,2002-05-22,single name match
name-only,9006437,北村 知也,宮崎,,32298,北村 知也,宮崎,1996-09-15,single name match
name-only,9006438,キアッドティフォーンウドム,奈良,,54837,キアッドティフォーンウドム,奈良,2000-06-26,single name match
name-only,9006439,木下 慎之輔,鳥取,,47616,木下 慎之輔,鳥取,2004-05-09,single name match
name-only,9006440,林 賢吾,宮崎,,48685,林 賢吾,宮崎,2005-11-04,single name match
name-only,9006441,キム ジェヨン,盛岡,,58716,キム ジェヨン,岩手,2002-07-04,single name match
name-only,9006442,荒井 悠汰,富山,,45092,荒井 悠汰,FC東京,2004-06-13,single name match
name-only,9006408,森田 礼,宮崎,,61650,森田 礼,宮崎,2001-05-21,single name match
name-only,9001310,端戸 仁,湘南,,8933,端戸 仁,鹿児島,1990-05-31,single name match
name-only,9006409,木原 仁,宮崎,,61656,木原 仁,宮崎,2002-08-02,single name match
name-only,9006410,髙山 汐生,琉球,,54818,髙山 汐生,神戸,2001-06-13,single name match
name-only,9006443,名良橋 拓真,宮崎,,38032,名良橋 拓真,宮崎,1997-05-19,single name match
name-only,9006444,姜 成國,FC大阪,,54830,姜 成國,FC大阪,2005-03-11,single name match
name-only,9006445,ジョアン モウラ,FC大阪,,60463,ジョアン モウラ,FC大阪,1998-02-19,single name match
name-only,9006446,エヴェルトン カネラ,FC大阪,,60467,エヴェルトン カネラ,FC大阪,1996-01-12,single name match
name-only,9006447,道本 大飛,盛岡,,19316,道本 大飛,岩手,1998-12-06,single name match
name-only,9001311,大槻 周平,神戸,,11171,大槻 周平,山口,1989-05-26,single name match
name-only,9006448,趙 榮光,FC大阪,,61021,趙 榮光,FC大阪,2004-03-11,single name match
name-only,9006449,マルコフスキ,FC大阪,,61044,マルコフスキ,FC大阪,1999-03-17,single name match
name-only,9006450,瀬戸 航輝,讃岐,,59526,瀬戸 航輝,讃岐,2006-05-19,single name match
name-only,9006451,アオ チョン,讃岐,,41102,アオ チョン,讃岐,1989-07-11,single name match
name-only,9006452,フォファナ マリック,FC大阪,,60462,フォファナ マリック,水戸,2000-05-02,single name match
name-only,9000131,綱島 悠斗,東京V,,49624,綱島 悠斗,東京Ｖ,2000-08-15,single name match
name-only,9006453,牛田 援,鳥取,,54746,牛田 援,鳥取,2002-01-07,single name match
name-only,9006454,シラス,盛岡,,61061,シラス,岩手,2000-02-03,single name match
name-only,9006455,古賀 貴大,相模原,,32483,古賀 貴大,FC大阪,1999-03-11,single name match
name-only,9006456,橋田 尚希,長野,,54738,橋田 尚希,長野,2001-05-25,single name match
name-only,9006457,松澤 彰,相模原,,37647,松澤 彰,相模原,1997-09-18,single name match
name-only,9006458,佐野 陸人,相模原,,23342,佐野 陸人,相模原,2001-02-21,single name match
name-only,9006459,大久保 優,鳥取,,37515,大久保 優,鳥取,1997-05-17,single name match
name-only,9006460,遊馬 将也,鳥取,,19192,遊馬 将也,鳥取,1993-06-04,single name match
name-only,9006461,谷口 智紀,FC大阪,,23232,谷口 智紀,FC大阪,1992-10-22,single name match
name-only,9006462,岩本 知幸,FC大阪,,49552,岩本 知幸,FC大阪,1989-10-25,single name match
name-only,9006463,澁谷 雅也,FC大阪,,49665,澁谷 雅也,FC大阪,1998-05-04,single name match
name-only,9006464,蔦 颯,八戸,,32478,蔦 颯,八戸,1995-06-07,single name match
name-only,9006465,長谷川 雄介,八戸,,49634,長谷川 雄介,八戸,1997-04-13,single name match
name-only,9006466,渡邊 龍,八戸,,37910,渡邊 龍,八戸,1996-09-24,single name match
name-only,9006467,井原 伸太郎,宮崎,,37911,井原 伸太郎,宮崎,1991-10-21,single name match
name-only,9006468,北村 椋太,宮崎,,19519,北村 椋太,宮崎,1998-06-30,single name match
name-only,9006469,内薗 大貴,宮崎,,19148,内薗 大貴,宮崎,1987-04-27,single name match
name-only,9006470,髙橋 一輝,宮崎,,45078,髙橋 一輝,宮崎,1999-10-02,single name match
name-only,9006471,寺村 浩平,奈良,,49688,寺村 浩平,奈良,2000-09-20,single name match
name-only,9000451,徳元 悠平,東京,,29279,徳元 悠平,名古屋,1995-09-12,single name match
name-only,9006472,片岡 爽,奈良,,10081,片岡 爽,奈良,1992-04-20,single name match
name-only,9006473,平松 遼太郎,奈良,,37617,平松 遼太郎,奈良,1996-04-05,single name match
name-only,9006474,河西 真,福島,,32422,河西 真,福島,1996-06-21,single name match
name-only,9006475,延 祐太,福島,,38016,延 祐太,福島,1998-06-04,single name match
name-only,9006476,山内 彰,岐阜,,44747,山内 彰,岐阜,2000-03-10,single name match
name-only,9006477,鳥飼 椋平,讃岐,,49566,鳥飼 椋平,讃岐,2000-05-22,single name match
name-only,9006479,谷 俊勲,沼津,,10607,谷 俊勲,沼津,1993-08-11,single name match
name-only,9006480,山田 祐樹,FC大阪,,49671,山田 祐樹,FC大阪,2000-05-21,single name match
name-only,9006481,町田 蘭次郎,FC大阪,,49662,町田 蘭次郎,FC大阪,1996-06-22,single name match
name-only,9006482,吉馴 空矢,FC大阪,,32495,吉馴 空矢,FC大阪,2001-06-07,single name match
name-only,9006483,今村 優介,FC大阪,,37577,今村 優介,FC大阪,1997-12-27,single name match
name-only,9006484,原田 虹輝,長野,,32339,原田 虹輝,長野,2000-08-06,single name match
name-only,9006485,市川 侑麻,沼津,,49697,市川 侑麻,沼津,1998-06-29,single name match
name-only,9006486,丹羽 一陽,八戸,,37923,丹羽 一陽,八戸,1998-06-25,single name match
name-only,9006487,江幡 俊介,八戸,,45007,江幡 俊介,八戸,2000-01-16,single name match
name-only,9006488,チョ ウンス,琉球,,49694,チョ ウンス,琉球,2004-03-12,single name match
name-only,9006489,長井 響,鳥取,,44892,長井 響,高知,2000-01-29,single name match
name-only,9006490,向井 颯,福島,,45077,向井 颯,福島,2003-10-01,single name match
name-only,9006491,髙窪 健人,長野,,37946,髙窪 健人,長野,1998-07-17,single name match
name-only,9006492,武下 智哉,讃岐,,32732,武下 智哉,讃岐,2002-05-07,single name match
name-only,9006493,赤塚 怜,奈良,,49603,赤塚 怜,奈良,1997-05-01,single name match
name-only,9006494,柴 圭汰,福島,,38018,柴 圭汰,福島,2002-09-12,single name match
name-only,9006495,ジョアン ヴィクトール,FC大阪,,49742,ジョアン ヴィクトール,FC大阪,2004-04-27,single name match
name-only,9006496,大森 大地,富山,,49596,大森 大地,富山,2000-04-01,single name match
name-only,555752,松田 陸,東京V,,29236,松田 陸,東京Ｖ,1999-05-03,team narrow-down
name-only,9006497,大石 悠介,北九州,,49743,大石 悠介,北九州,2000-07-24,single name match
name-only,9006498,知久 航介,鳥取,,44891,知久 航介,鳥取,1999-02-03,single name match
name-only,9006499,馬場 琢未,鳥取,,44949,馬場 琢未,鳥取,1999-07-17,single name match
name-only,9000748,槙野 智章,神戸,,7525,槙野 智章,神戸,1987-05-11,single name match
name-only,9006500,鯰田 太陽,讃岐,,44746,鯰田 太陽,讃岐,1999-04-13,single name match
name-only,9006501,イゴール ガブリエル,沼津,,49764,イゴール ガブリエル,沼津,2003-02-11,single name match
name-only,9006502,池髙 暢希,北九州,,29448,池髙 暢希,北九州,2000-04-05,single name match
name-only,9006503,松井 治輝,今治,,37986,松井 治輝,今治,2002-04-12,single name match
name-only,9006504,ジャン マリー ドングー,FC大阪,,50481,ジャン マリー ドングー,FC大阪,1995-04-22,single name match
name-only,9006505,ルーカス ヒアン,松本,,49600,ルーカス ヒアン,松本,2000-06-03,single name match
name-only,9006506,ラルフ セウントイェンス,今治,,45711,ラルフ セウントイェンス,今治,1989-04-17,single name match
name-only,9006507,堤 聖司,福島,,38019,堤 聖司,福島,2002-08-04,single name match
name-only,9006508,宮城 和也,FC大阪,,49660,宮城 和也,FC大阪,1998-01-12,single name match
name-only,9006509,ミケル アグ,北九州,,49345,ミケル アグ,北九州,1993-05-27,single name match
name-only,9006510,藤武 剛,宮崎,,38091,藤武 剛,宮崎,1998-11-08,single name match
name-only,9006512,エドゥアルド メロ,北九州,,52147,エドゥアルド メロ,北九州,2001-05-13,single name match
name-only,9006513,野澤 零温,松本,,32716,野澤 零温,FC東京,2003-07-21,single name match
name-only,9006514,エボコ,北九州,,52148,エボコ,北九州,2003-11-24,single name match
name-only,9006515,吉井 佑将,鳥取,,31524,吉井 佑将,鳥取,1995-06-22,single name match
name-only,9006516,上川 琢,福島,,44653,上川 琢,福島,2000-02-23,single name match
name-only,9006517,桜田 凌雅,八戸,,50879,桜田 凌雅,八戸,2006-05-31,single name match
name-only,9006518,ジョン ジワン,琉球,,49695,ジョン ジワン,琉球,2004-05-14,single name match
name-only,9006519,エルヴェルソン,FC大阪,,52206,エルヴェルソン,FC大阪,1998-01-18,single name match
name-only,9006520,土井 智之,藤枝,,44995,土井 智之,藤枝,1997-09-24,single name match
name-only,9001318,ジュリーニョ,札幌,,19283,ジュリーニョ,山口,1986-08-05,single name match
name-only,9006521,秋山 貴嗣,藤枝,,10079,秋山 貴嗣,藤枝,1992-10-07,single name match
name-only,9006522,瓜生 昂勢,沼津,,37990,瓜生 昂勢,沼津,1996-01-08,single name match
name-only,9006523,鬼島 和希,沼津,,38014,鬼島 和希,沼津,1998-08-29,single name match
name-only,9000040,汰木 康也,神戸,,11426,汰木 康也,柏,1995-07-03,single name match
name-only,9000041,齊藤 未月,神戸,,15911,齊藤 未月,京都,1999-01-10,single name match
name-only,9006524,神野 亮太,宮崎,,37907,神野 亮太,宮崎,2001-09-25,single name match
name-only,9006525,宮尾 孝一,八戸,,19164,宮尾 孝一,八戸,1993-06-15,single name match
name-only,9006526,有間 潤,八戸,,37603,有間 潤,八戸,1992-08-06,single name match
name-only,9000039,本多 勇喜,神戸,,8959,本多 勇喜,清水,1991-01-02,single name match
name-only,9006527,小池 大喜,八戸,,32375,小池 大喜,八戸,1996-12-08,single name match
name-only,9006528,武部 洸佑,八戸,,45006,武部 洸佑,八戸,2000-02-09,single name match
name-only,9006529,岡山 和輝,今治,,37614,岡山 和輝,今治,1994-02-16,single name match
name-only,9000011,ヴィトール ブエノ,C大阪,,54789,ヴィトール ブエノ,Ｃ大阪,1994-09-05,single name match
name-only,9006530,日高 大,いわき,,44963,日高 大,千葉,1995-03-14,single name match
name-only,9006531,米澤 哲哉,いわき,,44975,米澤 哲哉,いわき,1998-04-04,single name match
name-only,9006532,伊従 啓太郎,讃岐,,19319,伊従 啓太郎,讃岐,1999-07-02,single name match
name-only,9006533,渡辺 悠雅,讃岐,,32291,渡辺 悠雅,讃岐,1996-05-15,single name match
name-only,9006541,坪井 一真,八戸,,19485,坪井 一真,八戸,1998-12-09,single name match
name-only,9006542,松村 航希,藤枝,,32371,松村 航希,YS横浜,1996-05-24,single name match
name-only,9006543,リュウ ヌグラハ,長野,,32325,リュウ ヌグラハ,長野,2000-04-06,single name match
name-only,9006544,新田 羽海,愛媛,,44923,新田 羽海,愛媛,2005-06-10,single name match
name-only,9006545,濱名 真央,松本,,45634,濱名 真央,松本,2000-09-08,single name match
name-only,9006546,新井 秀明,福島,,19322,新井 秀明,福島,2000-03-07,single name match
name-only,9006547,ブイ ゴック ロン,沼津,,45672,ブイ ゴック ロン,沼津,2001-10-06,single name match
name-only,9006548,神谷 椋士,讃岐,,37508,神谷 椋士,讃岐,1997-06-16,single name match
name-only,9006549,小山 新,岐阜,,37940,小山 新,岐阜,1998-06-14,single name match
name-only,9006550,本石 捺,岐阜,,37941,本石 捺,岐阜,1999-02-03,single name match
name-only,9006551,ルイス エンリケ,富山,,45184,ルイス エンリケ,富山,1998-03-17,single name match
name-only,9006552,ハディ ファイヤッド,沼津,,32401,ハディ ファイヤッド,沼津,2000-01-22,single name match
name-only,9006553,サイモン,福島,,44777,サイモン,福島,2000-04-09,single name match
name-only,9006554,福留 健吾,鳥取,,18991,福留 健吾,鳥取,1987-05-14,single name match
name-only,9006555,八木 大翔,福島,,45076,八木 大翔,福島,2003-04-02,single name match
name-only,9006556,小林 陸玖,鳥取,,44932,小林 陸玖,鳥取,1999-09-30,single name match
name-only,9006557,イ ドヒョン,今治,,37624,イ ドヒョン,今治,2001-10-15,single name match
name-only,9006558,赤松 秀哉,八戸,,37926,赤松 秀哉,八戸,1993-05-19,single name match
name-only,9006559,中村 太一,八戸,,32283,中村 太一,八戸,1993-01-05,single name match
name-only,9006561,廣瀬 智行,八戸,,37927,廣瀬 智行,八戸,1994-09-03,single name match
name-only,9006562,小田垣 旋,鳥取,,44636,小田垣 旋,鳥取,1997-05-23,single name match
name-only,9006563,丸岡 悟,八戸,,37553,丸岡 悟,八戸,1997-12-06,single name match
name-only,9006564,フィリップ ピシュチェク,今治,,48967,フィリップ ピシュチェク,今治,1995-05-26,single name match
name-only,9006565,牧野 寛太,長野,,37524,牧野 寛太,長野,1997-06-02,single name match
name-only,9006566,大槻 智也,今治,,45183,大槻 智也,今治,2006-03-22,single name match
name-only,9006567,前川 智敬,沼津,,19585,前川 智敬,滋賀,1999-04-07,single name match
name-only,9006568,チェン ビンビン,富山,,49315,チェン ビンビン,富山,1998-06-10,single name match
name-only,9006569,小田島 怜,いわき,,32354,小田島 怜,いわき,1996-06-10,team narrow-down
name-only,9006570,石田 皓大,宮崎,,37914,石田 皓大,宮崎,1997-02-13,single name match
name-only,9006571,サミュエル,宮崎,,37916,サミュエル,宮崎,1991-12-19,single name match
name-only,9006511,楠本 羽翼,岐阜,,49556,楠本 羽翼,岐阜,2000-12-17,single name match
name-only,9006534,住永 翔,長野,,37939,住永 翔,長野,1998-10-06,single name match
name-only,9006535,インディオ,今治,,45632,マルクス ヴィニシウス,名古屋,1998-01-24,single name match
name-only,9006536,モハメド アダム,今治,,45631,モハメド アダム,今治,2000-08-05,single name match
name-only,9006537,服部 一輝,八戸,,23151,服部 一輝,FC大阪,1995-03-16,single name match
name-only,9006538,伊藤 稜馬,いわき,,44979,伊藤 稜馬,いわき,1999-05-28,single name match
name-only,9006539,松本 直也,讃岐,,37509,松本 直也,讃岐,1997-09-30,single name match
name-only,9006540,小山 珠里,鳥取,,37929,小山 珠里,鳥取,1999-01-24,single name match
name-only,9006572,有永 一生,盛岡,,11897,有永 一生,岩手,1989-03-03,single name match
name-only,9006573,栗島 健太,盛岡,,38051,栗島 健太,岩手,1997-04-19,single name match
name-only,9006574,岡田 亮太,福島,,11941,岡田 亮太,福島,1988-09-09,single name match
name-only,9006575,梁 賢柱,今治,,38089,梁 賢柱,今治,1998-05-31,single name match
name-only,9006577,田尻 康晴,熊本,,32687,田尻 康晴,高知,2001-06-27,single name match
name-only,9006578,栗田 マークアジェイ,讃岐,,37504,栗田 マークアジェイ,讃岐,1998-03-07,single name match
name-only,9006579,中村 亮,讃岐,,32290,中村 亮,讃岐,1996-12-31,single name match
name-only,9006580,衛藤 幹弥,鹿児島,,29276,衛藤 幹弥,鹿児島,1999-09-29,single name match
name-only,9006581,横山 卓司,八戸,,11890,横山 卓司,八戸,1990-04-19,single name match
name-only,9001100,ルーカス ポドルスキ,神戸,,23488,ルーカス ポドルスキ,神戸,1985-06-04,single name match
name-only,9006582,高見 啓太,八戸,,10759,高見 啓太,八戸,1993-07-30,single name match
name-only,9006583,原山 海里,八戸,,37656,原山 海里,八戸,1997-11-01,single name match
name-only,9006584,後藤 虹介,沼津,,23316,後藤 虹介,沼津,1994-07-23,single name match
name-only,9006585,鈴木 厚太,沼津,,37579,鈴木 厚太,沼津,1997-05-02,single name match
name-only,9006586,小島 圭巽,熊本,,32579,小島 圭巽,熊本,2001-06-21,single name match
name-only,9006587,大桃 海斗,長野,,37526,大桃 海斗,長野,1997-10-28,single name match
name-only,9006588,今川 正樹,今治,,37616,今川 正樹,今治,1993-11-04,single name match
name-only,9006589,藤原 拓也,鳥取,,23225,藤原 拓也,YS横浜,1992-12-18,single name match
name-only,9006590,前田 柊,八戸,,10567,前田 柊,八戸,1993-12-02,single name match
name-only,9006591,上米良 柊人,長野,,32355,上米良 柊人,愛媛,1996-07-02,single name match
name-only,9006592,山川 廉,盛岡,,19576,山川 廉,岩手,1998-07-07,single name match
name-only,9006593,松岡 ジョナタン,讃岐,,19392,松岡 ジョナタン,讃岐,2000-05-27,single name match
name-only,9006594,黒瀬 純哉,宮崎,,37915,黒瀬 純哉,宮崎,1994-07-09,single name match
name-only,9006595,武田 太一,長野,,37555,武田 太一,FC大阪,1997-04-22,single name match
name-only,9006596,平川 元樹,盛岡,,32357,平川 元樹,岩手,1996-07-08,single name match
name-only,9006597,キム ホ,岐阜,,37690,キム ホ,岐阜,1998-03-15,single name match
name-only,9006598,深井 祐希,沼津,,32348,深井 祐希,沼津,1996-09-06,single name match
name-only,9006599,バルデマール,今治,,39610,バルデマール,今治,1997-08-14,single name match
name-only,9006600,ジェルソン,鹿児島,,38011,ジェルソン,鹿児島,1992-01-07,single name match
name-only,9006601,岩﨑 知瑳,鹿児島,,23145,岩﨑 知瑳,鹿児島,1995-01-08,single name match
name-only,9006602,オスカル リントン,今治,,39609,オスカル リントン,今治,1993-01-29,single name match
name-only,9006603,高島 康四郎,八戸,,37921,高島 康四郎,八戸,1998-08-20,single name match
name-only,9000082,パトリック ウィリアム,京都,,61682,パトリック ウィリアム,京都,1997-06-03,single name match
name-only,9000083,宮本 優太,京都,,37873,宮本 優太,浦和,1999-12-15,single name match
name-only,9000084,川﨑 颯太,京都,,32711,川﨑 颯太,京都,2001-07-30,single name match
name-only,9000085,原 大智,京都,,23307,原 大智,京都,1999-05-05,single name match
name-only,9006604,伊藤 龍生,沼津,,37994,伊藤 龍生,沼津,1998-08-20,single name match
name-only,9006605,石津 快,鹿児島,,37989,石津 快,鹿児島,2002-05-13,single name match
name-only,9006606,横川 旦陽,鳥取,,37673,横川 旦陽,鳥取,2002-05-26,single name match
name-only,9006607,町田 ブライト,岐阜,,37588,町田 ブライト,岐阜,1996-10-23,single name match
name-only,9006608,シューラー マテウス,藤枝,,38031,シューラー マテウス,藤枝,1994-01-28,single name match
name-only,9006609,森本 大貴,藤枝,,29262,森本 大貴,藤枝,1995-09-15,single name match
name-only,9000072,波多野 豪,東京,,15902,波多野 豪,長崎,1998-05-25,single name match
name-only,9000460,飯田 陸斗,京都,,49705,飯田 陸斗,京都,2005-08-19,single name match
name-only,9000461,山口 瑠伊,町田,,44764,山口 瑠伊,川崎Ｆ,1998-05-28,single name match
name-only,9000462,中坂 勇哉,神戸,,19270,中坂 勇哉,神戸,1997-08-05,single name match
name-only,9000463,チアゴ アウベス,東京V,,45074,チアゴ アウベス,東京Ｖ,1996-06-19,team narrow-down
name-only,9000470,山田 裕翔,東京V,,54773,山田 裕翔,鹿児島,2001-07-19,single name match
name-only,9000497,古川 真人,東京V,,54775,古川 真人,富山,2001-11-14,single name match
name-only,9000511,芦部 晃生,町田,,23547,芦部 晃生,福島,2001-04-05,single name match
name-only,9000442,長谷川 巧,新潟,,15904,長谷川 巧,秋田,1998-10-06,single name match
name-only,9000443,森 璃太,新潟,,52117,森 璃太,新潟,2001-08-19,single name match
name-only,9006610,青山 景昌,福島,,37638,青山 景昌,福島,1996-10-14,single name match
name-only,9001308,畑尾 大翔,名古屋,,8918,畑尾 大翔,金沢,1990-09-16,single name match
name-only,9006611,佐々木 祐太,盛岡,,37604,佐々木 祐太,岩手,1996-02-10,single name match
name-only,9006612,小谷 光毅,盛岡,,10799,小谷 光毅,岩手,1993-04-25,single name match
name-only,9006613,射庭 康太朗,盛岡,,11235,射庭 康太朗,岩手,1995-12-07,single name match
name-only,9006614,大谷 真史,盛岡,,37591,大谷 真史,岩手,1994-06-14,single name match
name-only,9006615,前山 恭平,秋田,,11954,前山 恭平,秋田,1987-12-10,single name match
name-only,9006616,橋本 拓門,福島,,9292,橋本 拓門,福島,1991-04-11,single name match
name-only,9006617,キム ミンジュン,福島,,32502,キム ミンジュン,福島,2000-01-09,team narrow-down
name-only,9000514,松村 優太,東京V,,37536,松村 優太,鹿島,2001-04-13,single name match
name-only,9000515,ルーカス オリヴェイラ,京都,,60955,ルーカス オリヴェイラ,京都,1996-02-02,single name match
name-only,9000636,アンドレス イニエスタ,神戸,,29540,アンドレス イニエスタ,神戸,1984-05-11,single name match
name-only,9006618,花田 力,八戸,,15806,花田 力,八戸,1993-11-24,single name match
name-only,9000644,三沢 直人,京都,,29308,三沢 直人,山口,1995-07-07,single name match
name-only,9000650,リンコン,神戸,,38035,リンコン,神戸,2000-12-16,team narrow-down
name-only,9000704,ジュニオール サントス,広島,,32654,ジュニオール サントス,広島,1994-10-11,single name match
name-only,9000641,レアンドロ ダミアン,川崎F,,32332,レアンドロ ダミアン,川崎Ｆ,1989-07-22,single name match
name-only,9000656,ブエノ,柏,,12161,ブエノ,柏,1995-08-24,single name match
name-only,9000577,尾崎 優成,神戸,,37828,尾崎 優成,大宮,2003-07-26,single name match
name-only,9000578,泉 柊椰,神戸,,19589,泉 柊椰,大宮,2000-12-02,single name match
name-only,9000579,ステファン ムゴシャ,神戸,,48800,ステファン ムゴシャ,神戸,1992-02-26,single name match
name-only,9006619,河津 良一,八戸,,15867,河津 良一,八戸,1992-05-22,single name match
name-only,9001303,チョン ウヨン,神戸,,10951,チョン ウヨン,富山,1989-12-14,single name match
name-only,9006620,貫名 航世,八戸,,32287,貫名 航世,八戸,1995-04-26,single name match
name-only,9006621,村瀬 勇太,八戸,,11105,村瀬 勇太,八戸,1989-10-28,single name match
name-only,9000132,千田 海人,東京V,,23119,千田 海人,鹿島,1994-10-17,single name match
name-only,9000133,谷口 栄斗,東京V,,44169,谷口 栄斗,川崎Ｆ,1999-09-30,single name match
name-only,9000134,木村 勇大,東京V,,44779,木村 勇大,名古屋,2001-02-28,single name match
name-only,9000135,食野 壮磨,東京V,,32500,食野 壮磨,栃木SC,2001-05-20,single name match
name-only,9000136,翁長 聖,東京V,,23266,翁長 聖,長崎,1995-02-23,single name match
name-only,9000142,オ セフン,町田,,45669,オ セフン,清水,1999-01-15,single name match
name-only,9000143,ミッチェル デューク,町田,,15865,ミッチェル デューク,町田,1991-01-18,single name match
name-only,9000150,松田 陸,神戸,,11446,松田 陸,神戸,1991-07-24,team narrow-down
name-only,9000164,オビ パウエル オビンナ,神戸,,32712,オビ パウエル オビンナ,福岡,1997-12-18,single name match
name-only,9000165,小池 裕太,神戸,,11494,小池 裕太,栃木Ｃ,1996-11-06,single name match
name-only,9000166,本山 遥,神戸,,19588,本山 遥,岡山,1999-06-05,single name match
name-only,9000167,ク ソンユン,京都,,11262,ク ソンユン,京都,1994-06-27,single name match
name-only,9000168,平賀 大空,京都,,45112,平賀 大空,山形,2005-03-02,single name match
name-only,9000190,エリキ,神戸,,32706,エリキ,町田,1994-07-18,single name match
name-only,9000191,宮代 大聖,神戸,,19497,宮代 大聖,神戸,2000-05-26,single name match
name-only,9006622,穂積 諒,八戸,,32286,穂積 諒,八戸,1994-05-30,single name match
name-only,9006623,長沢 祐弥,沼津,,32344,長沢 祐弥,東京Ｖ,1996-07-01,single name match
name-only,9006624,浅田 大樹,藤枝,,11973,浅田 大樹,藤枝,1989-04-05,single name match
name-only,9006625,相澤 祥太,熊本,,37677,相澤 祥太,熊本,1996-04-19,single name match
name-only,9006626,ジョン ガブリエル,鹿児島,,23303,ジョン ガブリエル,鹿児島,1996-02-12,single name match
name-only,9006627,ルーカス ダウベルマン,富山,,29334,ルーカス ダウベルマン,富山,1995-03-18,single name match
name-only,9006628,大城 佑斗,長野,,32336,大城 佑斗,長野,1996-10-19,single name match
name-only,9006629,上松 瑛,鳥取,,29264,上松 瑛,鳥取,1991-09-12,single name match
name-only,9006630,ジョアンデルソン,鳥取,,37654,ジョアンデルソン,鳥取,1996-02-16,single name match
name-only,9006631,柳田 健太,讃岐,,11442,柳田 健太,讃岐,1995-12-27,single name match
name-only,9006632,全 山海,讃岐,,29381,全 山海,讃岐,1999-05-24,single name match
name-only,9006633,片井 巧,今治,,37610,片井 巧,今治,1995-11-14,single name match
name-only,9006634,石渡 旭,福島,,32420,石渡 旭,福島,1996-04-08,single name match
name-only,9006635,馬渡 隼暉,富山,,15815,馬渡 隼暉,富山,1996-10-03,single name match
name-only,9006636,キム ホヨン,讃岐,,37701,キム ホヨン,讃岐,1997-04-26,single name match
name-only,9006637,石ヶ森 荘真,八戸,,32743,石ヶ森 荘真,八戸,2001-07-01,single name match
name-only,9006638,ハム ヨンジュン,岐阜,,32341,ハム ヨンジュン,岐阜,1997-05-04,single name match
name-only,9006639,長島 滉大,今治,,37625,長島 滉大,今治,1998-01-26,single name match
name-only,9000445,中原 輝,鳥栖,,32300,中原 輝,清水,1996-07-08,single name match
name-only,9000447,坪井 湧也,磐田,,19584,坪井 湧也,横浜FM,1999-08-23,single name match
name-only,9001319,加藤 恒平,鳥栖,,9472,加藤 恒平,琉球,1989-06-14,single name match
name-only,9006640,金子 優希,八戸,,32330,金子 優希,八戸,1996-04-21,single name match
name-only,9006641,小林 智光,鳥取,,29265,小林 智光,鳥取,1995-05-30,single name match
name-only,9006642,深井 脩平,八戸,,10523,深井 脩平,八戸,1993-07-20,single name match
name-only,9006643,青島 拓馬,秋田,,19156,青島 拓馬,秋田,1993-04-06,single name match
name-only,9006644,山本 蓮,鳥取,,19452,山本 蓮,鳥取,1997-05-13,single name match
name-only,9006645,中谷 喜代志,八戸,,32280,中谷 喜代志,八戸,1991-05-07,single name match
name-only,9006646,村井 清太,今治,,37612,村井 清太,今治,2000-08-29,single name match
name-only,9006656,垣根 拓也,秋田,,9244,垣根 拓也,秋田,1991-10-03,single name match
name-only,9001404,大山 啓輔,大宮,,11283,大山 啓輔,金沢,1995-05-07,single name match
name-only,9006657,西埜植 颯斗,藤枝,,32365,西埜植 颯斗,藤枝,1996-02-21,single name match
name-only,9001320,木村 裕,長崎,,11264,木村 裕,長野,1994-06-03,single name match
name-only,9000192,グスタボ クリスマン,神戸,,62136,グスタボ クリスマン,神戸,1999-11-23,single name match
name-only,9000200,喜多 壱也,京都,,49704,喜多 壱也,京都,2005-09-16,single name match
name-only,9000212,川﨑 修平,東京V,,32591,川﨑 修平,奈良,2001-04-28,single name match
name-only,9000228,武田 将平,京都,,19659,武田 将平,湘南,1994-04-04,single name match
name-only,9000230,中島 裕希,町田,,7269,中島 裕希,富山,1984-06-16,single name match
name-only,9000309,初瀬 亮,神戸,,15845,初瀬 亮,Ｇ大阪,1997-07-10,single name match
name-only,9000310,山口 蛍,神戸,,8710,山口 蛍,長崎,1990-10-06,single name match
name-only,9000311,菊池 流帆,神戸,,32029,菊池 流帆,町田,1996-12-09,single name match
name-only,9000270,野津田 岳人,広島,,11031,野津田 岳人,広島,1994-06-06,single name match
name-only,9000313,亀川 諒史,福岡,,11173,亀川 諒史,山口,1993-05-28,single name match
name-only,9000354,チャン ミンギュ,町田,,37594,チャン ミンギュ,町田,1999-03-06,single name match
name-only,9006658,西口 諒,長野,,11895,西口 諒,長野,1990-11-04,single name match
name-only,9006659,山田 賢二,八戸,,32279,山田 賢二,八戸,1989-03-15,single name match
name-only,9006660,ペ スヨン,讃岐,,23205,ペ スヨン,讃岐,1998-06-07,single name match
name-only,9006661,ジオヴァンニ,相模原,,32412,ジオヴァンニ,相模原,1993-01-21,single name match
name-only,9006662,アドリエル,鳥取,,32384,アドリエル,鳥取,1997-05-22,single name match
name-only,9006663,ヴィートル ガブリエル,鳥取,,29271,ヴィートル ガブリエル,鳥取,1997-11-23,single name match
name-only,9006664,那須 甚有,鳥取,,23529,那須 甚有,鳥取,1999-07-20,single name match
name-only,9006665,ユリ,鳥取,,32385,ユリ,鳥取,1998-06-12,single name match
name-only,9006666,石堂 圭太,福島,,32476,石堂 圭太,福島,1992-06-04,single name match
name-only,9006667,櫛田 一斗,盛岡,,32358,櫛田 一斗,岩手,1987-01-20,single name match
name-only,9006668,江頭 一輝,盛岡,,19253,江頭 一輝,岩手,1997-05-13,single name match
name-only,9006669,細田 歩夢,鳥取,,15823,細田 歩夢,鳥取,1998-04-14,single name match
name-only,9006670,内山 裕貴,鳥取,,11979,内山 裕貴,鳥取,1995-05-07,single name match
name-only,9006671,熱川 徳政,沼津,,29266,熱川 徳政,沼津,1995-05-31,single name match
name-only,9006672,川森 有真,沼津,,9914,川森 有真,鹿児島,1993-02-01,single name match
name-only,9006673,北原 大奨,秋田,,19641,北原 大奨,秋田,1994-04-04,single name match
name-only,9006674,菅本 岳,盛岡,,23143,菅本 岳,岩手,1994-09-10,single name match
name-only,9006675,石上 将馬,鳥取,,29455,石上 将馬,鳥取,2002-03-30,single name match
name-only,9006676,打越 大樹,北九州,,32321,打越 大樹,北九州,1996-05-22,single name match
name-only,9006677,加納 錬,相模原,,29393,加納 錬,相模原,1994-10-31,single name match
name-only,9006678,堂安 憂,長野,,29248,堂安 憂,長野,1995-12-14,single name match
name-only,9006679,中島 拓真,沼津,,29267,中島 拓真,沼津,1995-04-03,single name match
name-only,9006680,清水 光,沼津,,32346,清水 光,沼津,1996-07-19,single name match
name-only,9006681,酒井 大登,八戸,,32282,酒井 大登,八戸,1989-08-11,single name match
name-only,9006682,山田 満夫,沼津,,11338,山田 満夫,沼津,1994-05-26,single name match
name-only,9006683,金井 隆太,八戸,,32285,金井 隆太,八戸,1989-08-16,single name match
name-only,9006684,藤原 雅斗,沼津,,23161,藤原 雅斗,沼津,1994-04-14,single name match
name-only,9006685,赤星 雄祐,讃岐,,32289,赤星 雄祐,讃岐,1994-05-24,single name match
name-only,9006686,太田 賢吾,盛岡,,29246,太田 賢吾,岩手,1995-11-16,single name match
name-only,9006647,金 弘淵,八戸,,11951,金 弘淵,八戸,1990-06-12,single name match
name-only,9006648,寺前 光太,福島,,29298,寺前 光太,福島,1995-07-09,single name match
name-only,9006649,川中 健太,福島,,32419,川中 健太,福島,1997-11-05,single name match
name-only,9006650,川上 盛司,相模原,,23423,川上 盛司,相模原,1995-06-20,single name match
name-only,9006651,平石 直人,相模原,,15879,平石 直人,相模原,1992-06-23,single name match
name-only,9006652,菊池 将太,盛岡,,32307,菊池 将太,岩手,1993-05-14,single name match
name-only,9001312,オスマル,C大阪,,29400,オスマル,Ｃ大阪,1988-06-05,single name match
name-only,9006653,米原 祐,盛岡,,23274,米原 祐,岩手,1994-08-18,single name match
name-only,9006654,梅内 和磨,盛岡,,9383,梅内 和磨,岩手,1991-06-21,single name match
name-only,9006655,竹下 玲王,長野,,29249,竹下 玲王,長野,1995-10-04,single name match
name-only,9001316,森 勇人,G大阪,,11968,森 勇人,讃岐,1995-04-21,single name match
name-only,9000355,柴戸 海,町田,,29256,柴戸 海,浦和,1995-11-24,single name match
name-only,9000356,平河 悠,町田,,44745,平河 悠,町田,2001-01-03,single name match
name-only,9000357,福井 光輝,町田,,23311,福井 光輝,Ｃ大阪,1995-11-04,single name match
name-only,9000358,池田 樹雷人,町田,,15777,池田 樹雷人,福岡,1996-09-17,single name match
name-only,9000359,藤本 一輝,町田,,37786,藤本 一輝,福岡,1998-07-29,single name match
name-only,9000232,奈良坂 巧,町田,,37847,奈良坂 巧,北九州,2002-07-06,single name match
name-only,9000237,レオ ゴメス,京都,,54771,レオ ゴメス,京都,1997-04-30,single name match
name-only,9000246,山田 楓喜,京都,,37561,山田 楓喜,FC東京,2001-07-10,single name match
name-only,9000255,唐山 翔自,東京V,,32619,唐山 翔自,Ｇ大阪,2002-09-21,single name match
name-only,9000360,ダワン,G大阪,,45024,ダワン,Ｇ大阪,1996-06-03,single name match
name-only,9000251,山口 太陽,東京,,61022,山口 太陽,愛媛,2006-08-18,single name match
name-only,9006687,西村 洋平,藤枝,,19449,西村 洋平,藤枝,1993-06-01,single name match
name-only,9006688,石堂 和人,福島,,11944,石堂 和人,福島,1982-04-01,single name match
name-only,9006689,三橋 秀平,福島,,23313,三橋 秀平,福島,1994-07-18,single name match
name-only,9006690,和田 響稀,福島,,19522,和田 響稀,福島,1999-06-16,single name match
name-only,9006691,岩田 拓也,群馬,,23162,岩田 拓也,群馬,1994-07-14,single name match
name-only,9006692,知念 雄太朗,琉球,,10663,知念 雄太朗,琉球,1993-11-19,single name match
name-only,9006693,新井 幹人,琉球,,23237,新井 幹人,琉球,1994-06-14,single name match
name-only,9006694,屋宮 大地,琉球,,11971,屋宮 大地,琉球,1988-11-27,single name match
name-only,9006695,高柳 昌賢,琉球,,15873,高柳 昌賢,琉球,1994-07-11,single name match
name-only,9006696,朴 利基,琉球,,15878,朴 利基,琉球,1992-07-18,single name match
name-only,9006697,進藤 誠司,富山,,15854,進藤 誠司,沼津,1992-12-12,single name match
name-only,9006698,西 晃佑,富山,,23148,西 晃佑,富山,1998-04-08,single name match
name-only,9006699,前田 央樹,北九州,,23235,前田 央樹,北九州,1994-04-09,single name match
name-only,9006700,浦田 樹,北九州,,12102,浦田 樹,北九州,1997-01-29,single name match
name-only,9006701,サムエル アウベス,相模原,,23302,サムエル アウベス,相模原,1991-06-14,single name match
name-only,9006702,川戸 大樹,相模原,,23247,川戸 大樹,相模原,1994-04-05,single name match
name-only,9006703,チッキーニョ,相模原,,29362,チッキーニョ,相模原,1995-02-26,single name match
name-only,9006704,佐藤 悠希,長野,,11880,佐藤 悠希,長野,1988-02-13,single name match
name-only,9006705,大石 文弥,秋田,,19210,大石 文弥,秋田,1993-04-02,single name match
name-only,9006706,三宅 貴憲,藤枝,,11959,三宅 貴憲,藤枝,1992-02-15,single name match
name-only,9006707,クォン ヨンホ,藤枝,,23314,クォン ヨンホ,藤枝,1992-07-31,single name match
name-only,9006708,三好 洋央,藤枝,,7803,三好 洋央,藤枝,1987-05-17,single name match
name-only,9006709,柿木 亮介,藤枝,,12049,柿木 亮介,藤枝,1991-12-23,single name match
name-only,9006710,濱田 克大,琉球,,10699,濱田 克大,琉球,1991-10-07,single name match
name-only,9006711,今野 太祐,琉球,,15799,今野 太祐,琉球,1992-12-18,single name match
name-only,9006712,カン ジュガン,琉球,,23240,カン ジュガン,琉球,1994-08-17,single name match
name-only,9006713,山内 達朗,琉球,,19182,山内 達朗,琉球,1994-01-23,single name match
name-only,9006714,藤吉 皆二朗,相模原,,12004,藤吉 皆二朗,相模原,1992-01-11,single name match
name-only,9000448,高畑 奎汰,磐田,,32319,高畑 奎汰,長崎,2000-09-16,single name match
name-only,9006715,呉 大陸,相模原,,11151,呉 大陸,相模原,1993-09-03,single name match
name-only,9006716,寄特 直人,相模原,,11295,寄特 直人,相模原,1994-05-12,single name match
name-only,9006717,飯田 涼,相模原,,11143,飯田 涼,相模原,1993-11-05,single name match
name-only,9006718,菅野 哲也,長野,,9688,菅野 哲也,長野,1989-08-30,single name match
name-only,9000675,バーリント ヴェーチェイ,神戸,,52291,バーリント ヴェーチェイ,神戸,1993-07-13,single name match
name-only,9000676,フアン マタ,神戸,,52290,フアン マタ,神戸,1988-04-28,single name match
name-only,9006719,安芸 銀治,秋田,,23120,安芸 銀治,秋田,1994-06-04,single name match
name-only,9006720,西室 隆規,富山,,10576,西室 隆規,富山,1993-06-02,single name match
name-only,9006721,登崎 雅貴,富山,,23150,登崎 雅貴,富山,1994-08-27,single name match
name-only,9006722,田中 舜,沼津,,11882,田中 舜,岩手,1988-03-15,single name match
name-only,9006723,沓掛 勇太,沼津,,9522,沓掛 勇太,沼津,1991-11-12,single name match
name-only,9006724,太田 一輝,沼津,,23230,太田 一輝,沼津,1993-01-27,single name match
name-only,9006725,岡田 大,福島,,11938,岡田 大,福島,1985-01-04,single name match
name-only,9006726,杉野 健斗,福島,,12100,杉野 健斗,福島,1992-02-25,single name match
name-only,9006727,金 功青,福島,,11945,金 功青,福島,1986-09-02,single name match
name-only,9006728,山道 淳司,鳥取,,19418,山道 淳司,鳥取,1994-01-29,single name match
name-only,9006729,磯江 太勢,鳥取,,12139,磯江 太勢,鳥取,1997-04-19,single name match
name-only,9006730,岩元 颯オリビエ,鳥取,,15762,岩元 颯オリビエ,鳥取,1996-04-03,single name match
name-only,9006731,佐々木 雅人,藤枝,,15827,佐々木 雅人,藤枝,1992-04-09,single name match
name-only,9006732,崔 炳吉,琉球,,23241,崔 炳吉,琉球,1994-07-27,single name match
name-only,9006733,イ キョンテ,琉球,,23261,イ キョンテ,川崎Ｆ,1995-03-02,single name match
name-only,9006734,堺 俊暉,秋田,,19167,堺 俊暉,秋田,1993-09-18,single name match
name-only,9006735,大澤 俊太,藤枝,,23388,大澤 俊太,藤枝,1995-09-30,single name match
name-only,9006736,チャン ワタナカ,藤枝,,23271,チャン ワタナカ,藤枝,1994-01-23,single name match
name-only,9006737,山川 デション諒,琉球,,19184,山川 デション諒,琉球,1997-04-21,single name match
name-only,9006738,山田 樹,秋田,,8870,山田 樹,秋田,1990-10-05,single name match
name-only,9006739,橋本 裕貴,福島,,23317,橋本 裕貴,福島,1994-10-20,single name match
name-only,9006740,蓮沼 翔太,福島,,10485,蓮沼 翔太,福島,1993-10-15,single name match
name-only,9006741,鎌田 斗来,秋田,,23306,鎌田 斗来,秋田,1999-05-26,single name match
name-only,9006742,篠原 宏仁,藤枝,,10488,篠原 宏仁,藤枝,1993-11-30,single name match
name-only,9006743,山口 聖矢,相模原,,23246,山口 聖矢,相模原,1993-09-02,single name match
name-only,9006744,石坂 元気,富山,,10403,石坂 元気,富山,1993-07-13,single name match
name-only,9006745,山田 裕也,鹿児島,,19147,山田 裕也,鹿児島,1988-04-12,single name match
name-only,9006746,畑中 槙人,鳥取,,15825,畑中 槙人,鳥取,1996-06-07,single name match
name-only,9006747,添田 隆司,藤枝,,15809,添田 隆司,藤枝,1993-03-15,single name match
name-only,9006748,西嶋 有矢,鳥取,,23135,西嶋 有矢,鳥取,1995-02-21,single name match
name-only,9006749,寺田 匡史,鹿児島,,19152,寺田 匡史,鹿児島,1994-01-10,single name match
name-only,9006750,村岡 拓哉,福島,,11028,村岡 拓哉,福島,1990-07-24,single name match
name-only,9006751,新里 彰平,秋田,,11957,新里 彰平,秋田,1988-05-11,single name match
name-only,9006752,浦島 貴大,秋田,,11972,浦島 貴大,藤枝,1988-05-12,single name match
name-only,9006753,熊谷 達也,秋田,,9754,熊谷 達也,秋田,1992-09-25,single name match
name-only,9006754,山本 大稀,栃木,,12076,山本 大稀,栃木SC,1992-03-25,single name match
name-only,9006755,亀島 周,鳥取,,10404,亀島 周,鳥取,1993-04-21,single name match
name-only,9006756,麻生 瞬,鹿児島,,10473,麻生 瞬,鹿児島,1985-04-23,single name match
name-only,9006757,塚田 翔悟,鹿児島,,19151,塚田 翔悟,鹿児島,1993-05-02,single name match
name-only,9006758,藤井 貴之,鹿児島,,10409,藤井 貴之,鹿児島,1993-06-18,single name match
name-only,9006759,中西 倫也,富山,,15811,中西 倫也,富山,1992-04-12,single name match
name-only,9006760,宮城 晃太,琉球,,19181,宮城 晃太,琉球,1993-10-10,single name match
name-only,9006761,前田 晃一,藤枝,,12056,前田 晃一,藤枝,1991-05-28,single name match
name-only,9006762,橋本 巧,藤枝,,12033,橋本 巧,藤枝,1989-01-05,single name match
name-only,9006763,三橋 拓也,藤枝,,15817,三橋 拓也,藤枝,1992-03-06,single name match
name-only,9000391,金子 大毅,京都,,29375,金子 大毅,磐田,1998-08-28,single name match
name-only,9000392,豊川 雄太,京都,,11307,豊川 雄太,大宮,1994-09-09,single name match
name-only,9000393,ヴァルネル ハーン,京都,,49616,ヴァルネル ハーン,京都,1992-06-15,single name match
name-only,9000394,安齋 悠人,京都,,54734,安齋 悠人,京都,2005-04-25,single name match
name-only,9000395,山﨑 凌吾,京都,,11499,山﨑 凌吾,長崎,1992-09-20,single name match
name-only,9000396,見木 友哉,東京V,,32609,見木 友哉,福岡,1998-03-28,single name match
name-only,9000397,山越 康平,東京V,,19195,山越 康平,徳島,1993-05-04,single name match
name-only,9000398,河村 慶人,東京V,,41110,河村 慶人,鹿児島,1999-09-11,single name match
name-only,9000610,マイケル ウッド,京都,,45028,マイケル ウッド,甲府,1999-01-16,single name match
name-only,9000662,セルジ サンペール,神戸,,32513,セルジ サンペール,神戸,1995-01-20,single name match
name-only,9000666,寺阪 尚悟,神戸,,37892,寺阪 尚悟,金沢,2004-06-06,single name match
name-only,9000695,メンデス,京都,,18985,メンデス,甲府,1995-04-25,single name match
name-only,9000696,武富 孝介,京都,,8784,武富 孝介,甲府,1990-09-23,single name match
name-only,9000697,ピーター ウタカ,京都,,15864,ピーター ウタカ,栃木Ｃ,1984-02-12,single name match
name-only,9000698,長井 一真,京都,,37796,長井 一真,秋田,1998-11-02,single name match
name-only,9000699,マルティノス,京都,,19458,マルティノス,京都,1991-03-07,single name match
name-only,9000700,大前 元紀,京都,,9661,大前 元紀,京都,1989-12-10,single name match
name-only,9000402,白坂 楓馬,横浜FM,,37988,白坂 楓馬,愛媛,1996-12-05,single name match
name-only,9000399,上島 拓巳,横浜FM,,29555,上島 拓巳,福岡,1997-02-05,single name match
name-only,9006764,青木 捷,藤枝,,10519,青木 捷,藤枝,1993-06-24,single name match
name-only,9006765,峯 勇斗,藤枝,,9770,峯 勇斗,藤枝,1992-08-31,single name match
name-only,9000409,安井 拓也,町田,,19477,安井 拓也,千葉,1998-11-21,single name match
name-only,9000420,三竿 雄斗,京都,,9457,三竿 雄斗,大分,1991-04-16,single name match
name-only,9000421,宮吉 拓実,京都,,9856,宮吉 拓実,山口,1992-08-07,single name match
name-only,9000425,奥山 政幸,町田,,10433,奥山 政幸,仙台,1993-07-28,single name match
name-only,9000432,荒木 駿太,町田,,45021,荒木 駿太,仙台,1999-10-24,single name match
name-only,9006766,脇 裕基,藤枝,,19216,脇 裕基,藤枝,1993-02-20,single name match
name-only,9006767,キム ドンウク,大分,,19441,キム ドンウク,大分,1989-08-29,single name match
name-only,9006768,畠中 佑樹,秋田,,19157,畠中 佑樹,藤枝,1993-10-26,single name match
name-only,9006769,佐藤 健,相模原,,11867,佐藤 健,相模原,1988-02-05,single name match
name-only,9006770,牧内 慶太,相模原,,8779,牧内 慶太,相模原,1990-07-24,single name match
name-only,9006771,成田 恭輔,相模原,,9809,成田 恭輔,相模原,1992-05-02,single name match
name-only,9006772,寺田 洋介,相模原,,12003,寺田 洋介,相模原,1987-07-08,single name match
name-only,9006773,平田 拳一朗,琉球,,19462,平田 拳一朗,琉球,1991-06-12,single name match
name-only,9006774,佐藤 昂洋,大分,,15754,佐藤 昂洋,大分,1996-04-14,single name match
name-only,9006775,梅村 晴貴,富山,,11224,梅村 晴貴,富山,1995-05-14,single name match
name-only,9006776,フアン,琉球,,19187,フアン,琉球,1991-01-07,single name match
name-only,9006777,北原 毅之,相模原,,11872,北原 毅之,相模原,1990-10-18,single name match
name-only,9006778,玉城 幸弥,琉球,,19464,玉城 幸弥,琉球,1993-09-10,single name match
name-only,9006779,天野 恒太,相模原,,11868,天野 恒太,相模原,1987-06-22,single name match
name-only,9006780,安藝 正俊,相模原,,11870,安藝 正俊,相模原,1990-07-09,single name match
name-only,9006781,シンバ,相模原,,19467,シンバ,相模原,1987-01-08,single name match
name-only,9006782,船川 琢之介,秋田,,15769,船川 琢之介,秋田,1996-08-11,single name match
name-only,9006783,佐川 亮介,YS横浜,,19277,佐川 亮介,YS横浜,1993-07-17,single name match
name-only,9006784,花房 稔,YS横浜,,32407,花房 稔,YS横浜,1996-07-30,single name match
name-only,9006785,土館 賢人,YS横浜,,19271,土館 賢人,YS横浜,1992-08-23,single name match
name-only,9006786,一宮 憲太,YS横浜,,37963,一宮 憲太,YS横浜,1998-02-24,single name match
name-only,9006787,吉田 明生,YS横浜,,11915,吉田 明生,YS横浜,1986-12-03,single name match
name-only,9006788,大泉 和也,YS横浜,,9579,大泉 和也,YS横浜,1991-06-19,single name match
name-only,9006789,柳園 良太,YS横浜,,37965,柳園 良太,YS横浜,1996-04-12,single name match
name-only,9006790,西山 峻太,YS横浜,,11923,西山 峻太,YS横浜,1989-07-25,single name match
name-only,9006791,古山 蓮,YS横浜,,32396,古山 蓮,YS横浜,1998-11-11,single name match
name-only,9000444,ドウグラス グローリ,福岡,,37699,ドウグラス グローリ,福岡,1989-10-05,single name match
name-only,9006792,菊谷 篤資,YS横浜,,37987,菊谷 篤資,YS横浜,1997-06-18,single name match
name-only,9006793,長澤 卓己,YS横浜,,32387,長澤 卓己,YS横浜,1992-05-27,single name match
name-only,9000003,満田 誠,神戸,,19416,満田 誠,神戸,1999-07-20,single name match
name-only,9000440,松田 佳大,京都,,49322,松田 佳大,徳島,2000-05-17,single name match
name-only,9000418,ヤン ハンビン,C大阪,,49647,ヤン ハンビン,鳥栖,1991-08-30,single name match
name-only,9000533,升掛 友護,柏,,44953,升掛 友護,栃木Ｃ,2003-08-24,single name match
name-only,9000626,山田 陸,名古屋,,23149,山田 陸,長崎,1998-04-15,single name match
name-only,9000749,小林 友希,神戸,,19479,小林 友希,神戸,2000-07-18,single name match
name-only,9000750,廣永 遼太郎,神戸,,8401,廣永 遼太郎,神戸,1990-01-09,single name match
name-only,9000751,ボージャン クルキッチ,神戸,,44326,ボージャン クルキッチ,神戸,1990-08-28,single name match
name-only,9000752,荻原 拓也,京都,,23526,荻原 拓也,浦和,1999-11-23,single name match
name-only,9000753,田中 和樹,京都,,23394,田中 和樹,千葉,2000-01-13,single name match
name-only,9000757,飯倉 大樹,神戸,,7076,飯倉 大樹,横浜FM,1986-06-01,single name match
name-only,9000764,藤本 憲明,神戸,,19146,藤本 憲明,鹿児島,1989-08-19,single name match
name-only,9000765,飯田 貴敬,京都,,19606,飯田 貴敬,水戸,1994-08-31,single name match
name-only,9000779,櫻内 渚,神戸,,11178,櫻内 渚,今治,1989-08-11,single name match
name-only,9000780,イスマイラ,京都,,32587,イスマイラ,八戸,1998-08-04,single name match
name-only,9000781,橋本 拳人,神戸,,10610,橋本 拳人,FC東京,1993-08-16,single name match
name-only,9000789,中野 桂太,京都,,37936,中野 桂太,宮崎,2002-08-27,single name match
name-only,9000722,高丘 陽平,横浜FM,,11449,高丘 陽平,横浜FM,1996-03-16,single name match
name-only,9000808,ジョン マリ,福岡,,39606,ジョン マリ,福岡,1993-03-09,single name match
name-only,9000805,吉田 晃,名古屋,,37581,吉田 晃,名古屋,2001-07-09,single name match
name-only,9000810,アラン カリウス,京都,,48987,アラン カリウス,京都,1997-04-04,single name match
name-only,9000819,旗手 怜央,川崎F,,29576,旗手 怜央,川崎Ｆ,1997-11-21,single name match
name-only,9000817,林 彰洋,東京,,11191,林 彰洋,仙台,1987-05-07,single name match
name-only,9000821,三笘 薫,川崎F,,23540,三笘 薫,川崎Ｆ,1997-05-20,single name match
name-only,9001032,曽ヶ端 準,鹿島,,1484,曽ヶ端 準,鹿島,1979-08-02,single name match
name-only,9001101,ダビド ビジャ,神戸,,32379,ダビド ビジャ,神戸,1981-12-03,single name match
name-only,9006794,和田 幹大,YS横浜,,37503,和田 幹大,YS横浜,1996-09-01,single name match
name-only,9006795,吉野 裕太郎,YS横浜,,37502,吉野 裕太郎,YS横浜,1996-10-18,single name match
name-only,9006796,オニエ オゴチュクウ,YS横浜,,32025,オニエ オゴチュクウ,YS横浜,2002-03-13,single name match
name-only,9006797,宮内 寛斗,YS横浜,,19166,宮内 寛斗,YS横浜,1998-01-23,single name match
name-only,9006798,金子 大晟,YS横浜,,23175,金子 大晟,YS横浜,1998-08-14,single name match
name-only,9006799,田場 ディエゴ,YS横浜,,32620,田場 ディエゴ,YS横浜,1996-05-31,single name match
name-only,9006800,日高 アレクサンドル,YS横浜,,38006,日高 アレクサンドル,YS横浜,2000-04-09,single name match
name-only,9006801,植村 友哉,YS横浜,,32445,植村 友哉,YS横浜,2000-05-19,single name match
name-only,9006802,安彦 考真,YS横浜,,29549,安彦 考真,YS横浜,1978-02-01,single name match
name-only,9006803,尾身 俊哉,YS横浜,,29312,尾身 俊哉,YS横浜,1995-10-10,single name match
name-only,9006804,賀澤 陽友,福島,,37679,賀澤 陽友,福島,2001-04-18,single name match
name-only,9006805,古川 雅人,相模原,,29360,古川 雅人,相模原,1995-09-23,single name match
name-only,9006806,城森 康誉,藤枝,,32369,城森 康誉,藤枝,1994-07-11,single name match
name-only,9006807,古島 圭人,YS横浜,,29314,古島 圭人,YS横浜,1995-09-05,single name match
name-only,9006808,芦野 翔斗,YS横浜,,29319,芦野 翔斗,YS横浜,1992-07-24,single name match
name-only,9006809,上田 航平,YS横浜,,23147,上田 航平,YS横浜,1998-06-26,single name match
name-only,9006810,趙 天賜,YS横浜,,31502,趙 天賜,YS横浜,1995-03-20,single name match
name-only,9006811,リンジェ ジャブラニ アリ,YS横浜,,29414,リンジェ ジャブラニ アリ,YS横浜,1994-11-07,single name match
name-only,9006812,山内 恵太,YS横浜,,29325,山内 恵太,YS横浜,1994-04-16,single name match
name-only,9006813,飛田 裕大,YS横浜,,32392,飛田 裕大,YS横浜,1996-08-15,single name match
name-only,9006814,中西 規真,YS横浜,,12046,中西 規真,YS横浜,1991-04-11,single name match
name-only,9006815,紀藤 隆翔,北九州,,23207,紀藤 隆翔,北九州,1998-08-14,single name match
name-only,9006816,安東 大介,藤枝,,32373,安東 大介,藤枝,1991-07-18,single name match
name-only,9006817,ギリェルミ,相模原,,32701,ギリェルミ,相模原,1991-07-24,single name match
name-only,9006818,澤田 健太,讃岐,,32293,澤田 健太,讃岐,2000-07-26,single name match
name-only,9006819,山田 葵士,YS横浜,,32702,山田 葵士,YS横浜,2000-01-22,single name match
name-only,9006820,ガオ テンイウ,盛岡,,32692,ガオ テンイウ,岩手,2001-01-20,single name match
name-only,9006846,乾 達朗,秋田,,9475,乾 達朗,秋田,1990-01-30,single name match
name-only,9006847,岩崎 知瑳,鹿児島,,23145,岩﨑 知瑳,鹿児島,1995-01-08,single name match
name-only,9006848,松木 政也,相模原,,23515,松木 政也,相模原,1994-06-12,single name match
name-only,9000019,藤田 和輝,新潟,,31506,藤田 和輝,福岡,2001-02-19,single name match
name-only,9000020,藤原 奏哉,新潟,,29307,藤原 奏哉,新潟,1995-09-09,single name match
name-only,9000021,舞行龍ジェームズ,新潟,,9703,舞行龍ジェームズ,新潟,1988-09-17,single name match
name-only,9000022,稲村 隼翔,新潟,,50494,稲村 隼翔,FC東京,2002-05-06,single name match
name-only,9000023,橋本 健人,新潟,,37788,橋本 健人,FC東京,1999-12-08,single name match
name-only,9000024,星 雄次,新潟,,9989,星 雄次,新潟,1992-07-27,single name match
name-only,9000025,宮本 英治,新潟,,44961,宮本 英治,岡山,1998-08-03,single name match
name-only,9000026,太田 修介,新潟,,29336,太田 修介,湘南,1996-02-23,single name match
name-only,9000027,長谷川 元希,新潟,,37780,長谷川 元希,長崎,1998-12-10,single name match
name-only,9000028,奥村 仁,新潟,,47617,奥村 仁,新潟,2001-04-03,single name match
name-only,9000029,谷口 海斗,新潟,,29247,谷口 海斗,新潟,1995-09-07,single name match
name-only,9000030,田代 琉我,新潟,,37997,田代 琉我,新潟,1998-08-27,single name match
name-only,9000031,ジェイソン ゲリア,新潟,,29427,ジェイソン ゲリア,新潟,1993-05-10,single name match
name-only,9000032,堀米 悠斗,新潟,,11325,堀米 悠斗,札幌,1994-09-09,single name match
name-only,9000033,ミゲル シルヴェイラ,新潟,,61957,ミゲル シルヴェイラ,新潟,2003-03-26,single name match
name-only,9000034,新井 泰貴,新潟,,37513,新井 泰貴,新潟,1997-06-19,single name match
name-only,9000035,高木 善朗,新潟,,10015,高木 善朗,新潟,1992-12-09,single name match
name-only,9000036,矢村 健,新潟,,31516,矢村 健,藤枝,1997-06-09,single name match
name-only,9000037,小見 洋太,新潟,,37948,小見 洋太,柏,2002-08-11,single name match
name-only,9000038,若月 大和,新潟,,32508,若月 大和,新潟,2002-01-18,single name match
name-only,9000049,市川 暉記,横浜FC,,23220,市川 暉記,横浜FC,1998-10-19,single name match
name-only,9000050,山﨑 浩介,横浜FC,,29240,山﨑 浩介,磐田,1995-12-30,single name match
name-only,9000051,ンドカ ボニフェイス,横浜FC,,29286,ンドカ ボニフェイス,神戸,1996-02-15,single name match
name-only,9000052,福森 晃斗,横浜FC,,10947,福森 晃斗,札幌,1992-12-16,single name match
name-only,9000053,鈴木 準弥,横浜FC,,32363,鈴木 準弥,横浜FC,1996-01-07,single name match
name-only,9000054,駒井 善成,横浜FC,,9871,駒井 善成,今治,1992-06-06,single name match
name-only,9000055,小倉 陽太,横浜FC,,52189,小倉 陽太,横浜FC,2001-05-03,single name match
name-only,9000056,山根 永遠,横浜FC,,19405,山根 永遠,岡山,1999-02-05,single name match
name-only,9000057,鈴木 武蔵,横浜FC,,11129,鈴木 武蔵,栃木Ｃ,1994-02-11,single name match
name-only,9000058,ジョアン パウロ,横浜FC,,60456,ジョアン パウロ,横浜FC,1996-11-28,single name match
name-only,9000059,櫻川 ソロモン,横浜FC,,37595,櫻川 ソロモン,Ｃ大阪,2001-08-04,single name match
name-only,9000060,フェリペ メギオラーロ,横浜FC,,49721,フェリペ メギオラーロ,横浜FC,1999-02-08,single name match
name-only,9000061,伊藤 槙人,横浜FC,,15866,伊藤 槙人,横浜FC,1992-10-18,single name match
name-only,9000062,新保 海鈴,横浜FC,,37706,新保 海鈴,横浜FC,2002-08-16,single name match
name-only,9006821,渡部 大樹,秋田,,32374,渡部 大樹,秋田,1996-02-16,single name match
name-only,9006822,小澤 光,YS横浜,,11912,小澤 光,YS横浜,1988-03-09,single name match
name-only,9001102,那須 大亮,神戸,,5159,那須 大亮,岩手,1981-10-10,single name match
name-only,9001169,橋本 和,神戸,,10310,橋本 和,岐阜,1986-09-14,single name match
name-only,9001099,田中 亜土夢,C大阪,,8458,田中 亜土夢,Ｃ大阪,1987-10-04,single name match
name-only,9001181,カイオ セザール,川崎F,,29588,カイオ セザール,長崎,1995-07-27,single name match
name-only,9001115,二見 宏志,清水,,11478,二見 宏志,今治,1992-03-20,single name match
name-only,9001206,荻 晃太,神戸,,6816,荻 晃太,神戸,1983-05-05,single name match
name-only,9001243,ハーフナー マイク,神戸,,7671,ハーフナー マイク,甲府,1987-05-20,single name match
name-only,9001244,北本 久仁衛,神戸,,6131,北本 久仁衛,神戸,1981-09-18,single name match
name-only,9001260,玉田 圭司,名古屋,,3127,玉田 圭司,長崎,1980-04-11,single name match
name-only,9001258,佐藤 寿人,名古屋,,2976,佐藤 寿人,千葉,1982-03-12,single name match
name-only,9001280,ユン ソギョン,柏,,23153,ユン ソギョン,柏,1990-02-13,single name match
name-only,9001282,伊東 純也,柏,,13980,伊東 純也,柏,1993-03-09,single name match
name-only,9001352,アフメド ヤセル,神戸,,29575,アフメド ヤセル,神戸,1994-05-17,single name match
name-only,9001369,ニウトン,神戸,,19640,ニウトン,神戸,1987-04-21,single name match
name-only,9001306,菊池 大介,浦和,,9433,菊池 大介,岐阜,1991-04-12,single name match
name-only,9001337,妹尾 直哉,G大阪,,12115,妹尾 直哉,八戸,1996-08-15,single name match
name-only,9001432,ウエスクレイ,神戸,,23262,ウエスクレイ,神戸,1991-10-11,single name match
name-only,9001461,山口 真司,神戸,,12127,山口 真司,長野,1996-04-26,single name match
name-only,9001462,田中 英雄,神戸,,8301,田中 英雄,讃岐,1983-03-01,single name match
name-only,9001466,東 隼也,神戸,,15893,東 隼也,福島,1997-11-13,single name match
name-only,9001451,カヌ,清水,,23279,カヌ,清水,1985-12-29,single name match
name-only,9001475,椋原 健太,広島,,8403,椋原 健太,岡山,1989-07-06,single name match
name-only,9001531,相馬 崇人,神戸,,3165,相馬 崇人,神戸,1981-12-10,single name match
name-only,9001543,松村 亮,神戸,,11230,松村 亮,長野,1994-06-15,single name match
name-only,9001563,田代 容輔,神戸,,11989,田代 容輔,群馬,1995-06-27,single name match
name-only,9001549,グスタボ,名古屋,,12171,グスタボ,仙台,1996-06-25,single name match
name-only,9001572,加賀 健一,浦和,,6802,加賀 健一,秋田,1983-09-30,single name match
name-only,9001639,山本 海人,神戸,,6444,山本 海人,福島,1985-07-10,single name match
name-only,9001640,森岡 亮太,神戸,,10858,森岡 亮太,神戸,1991-04-12,single name match
name-only,9001641,マルキーニョス,神戸,,6765,マルキーニョス,神戸,1976-03-23,team narrow-down
name-only,9001657,フェフージン,神戸,,15842,フェフージン,甲府,1988-03-28,single name match
name-only,9001679,和田 倫季,神戸,,11317,和田 倫季,神戸,1994-10-30,single name match
name-only,9001612,武藤 嘉紀,東京,,9851,武藤 嘉紀,神戸,1992-07-15,single name match
name-only,9001638,船山 貴之,川崎F,,7408,船山 貴之,相模原,1987-05-06,single name match
name-only,9001695,山岸 智,広島,,5968,山岸 智,大分,1983-05-03,single name match
name-only,9001749,茂木 弘人,神戸,,6833,茂木 弘人,福島,1984-03-02,single name match
name-only,9001750,シンプリシオ,神戸,,11258,シンプリシオ,神戸,1979-09-23,single name match
name-only,9001751,橋本 英郎,神戸,,2546,橋本 英郎,今治,1979-05-21,single name match
name-only,9001936,イ グァンソン,神戸,,11114,イ グァンソン,福岡,1989-09-06,single name match
name-only,9001957,林 佳祐,神戸,,7979,林 佳祐,鳥取,1988-07-25,single name match
name-only,9001970,フェルナンド,神戸,,11274,フェルナンド,神戸,1993-01-08,team narrow-down
name-only,9001972,羽田 憲司,神戸,,5956,羽田 憲司,神戸,1981-12-01,single name match
name-only,9001896,李 記帝,清水,,11201,イ キジェ,清水,1991-07-09,single name match
name-only,9002022,紀氏 隆秀,神戸,,7624,紀氏 隆秀,神戸,1987-04-28,single name match
name-only,9002023,宮本 恒靖,神戸,,1441,宮本 恒靖,神戸,1977-02-07,single name match
name-only,9002024,イ ジェミン,神戸,,10920,イ ジェミン,神戸,1987-05-29,single name match
name-only,9002031,ボッティ,神戸,,9135,ボッティ,神戸,1981-02-23,single name match
name-only,9002032,ホジェリーニョ,神戸,,10950,ホジェリーニョ,神戸,1984-12-24,single name match
name-only,9002053,有田 光希,神戸,,10857,有田 光希,鹿児島,1991-09-23,single name match
name-only,9002065,ペ チョンソク,神戸,,11065,ペ チョンソク,神戸,1990-04-27,single name match
name-only,9002070,三島 康平,神戸,,10871,三島 康平,相模原,1987-04-15,single name match
name-only,9001993,ムジリ,広島,,11019,ムジリ,広島,1978-01-02,single name match
name-only,9005366,ジャイルトン パライバ,東京V,,32733,ジャイルトン パライバ,東京Ｖ,1990-10-11,single name match
name-only,9006823,仲村 京雅,YS横浜,,12101,仲村 京雅,YS横浜,1996-04-25,single name match
name-only,9006824,カルボン,琉球,,29401,カルボン,琉球,1992-12-10,single name match
name-only,9006825,福田 愛大,琉球,,23236,福田 愛大,琉球,1994-12-18,single name match
name-only,9006826,松藤 正伸,沼津,,9849,松藤 正伸,沼津,1992-04-27,single name match
name-only,9006827,川上 翔平,福島,,29303,川上 翔平,福島,1995-05-17,single name match
name-only,9006828,前田 悠斗,長野,,23368,前田 悠斗,長野,1994-11-22,single name match
name-only,9006829,リ ジンヒョク,相模原,,29417,リ ジンヒョク,相模原,1995-12-20,single name match
name-only,9006830,大塚 翔,琉球,,29283,大塚 翔,琉球,1995-07-25,single name match
name-only,9006831,髙畑 智也,相模原,,23249,髙畑 智也,相模原,1994-12-02,single name match
name-only,9006832,トロ,相模原,,12165,トロ,相模原,1986-04-13,single name match
name-only,9006849,望月 達也,琉球,,23238,望月 達也,琉球,1994-08-12,single name match
name-only,9006850,小野 敬輔,秋田,,23121,小野 敬輔,秋田,1998-07-30,single name match
name-only,9006851,守山 健二,YS横浜,,9390,守山 健二,YS横浜,1991-06-21,single name match
name-only,9006852,帷 智行,YS横浜,,19278,帷 智行,YS横浜,1993-11-10,single name match
name-only,9006853,郡司 健太朗,YS横浜,,15828,郡司 健太朗,YS横浜,1992-07-06,single name match
name-only,9006854,渡邉 三城,YS横浜,,11904,渡邉 三城,YS横浜,1987-09-06,single name match
name-only,9006855,友澤 貴気,YS横浜,,15920,友澤 貴気,YS横浜,1993-03-06,single name match
name-only,9000063,ユーリ ララ,横浜FC,,32708,ユーリ ララ,横浜FC,1994-04-20,single name match
name-only,9000064,新井 瑞希,横浜FC,,23562,新井 瑞希,水戸,1997-04-14,single name match
name-only,9000065,村田 透馬,横浜FC,,29556,村田 透馬,横浜FC,2000-07-22,single name match
name-only,9006833,李 在根,藤枝,,29370,李 在根,藤枝,1994-02-07,single name match
name-only,9006834,稲垣 雄太,藤枝,,12088,稲垣 雄太,藤枝,1992-01-08,single name match
name-only,9006835,大野 敬介,琉球,,29280,大野 敬介,琉球,1994-04-17,single name match
name-only,9006836,宮内 雄希,琉球,,29282,宮内 雄希,琉球,1995-10-27,single name match
name-only,9006837,角野 翔汰,鹿児島,,9891,角野 翔汰,鹿児島,1992-06-21,single name match
name-only,9006838,フィリップ ウィフマン,YS横浜,,23180,フィリップ ウィフマン,YS横浜,1994-01-30,single name match
name-only,9006839,松田 康佑,YS横浜,,11914,松田 康佑,YS横浜,1986-09-26,single name match
name-only,9006840,山本 真也,YS横浜,,12041,山本 真也,YS横浜,1991-10-23,single name match
name-only,9006841,小笠原 賢聖,YS横浜,,23184,小笠原 賢聖,YS横浜,1995-03-26,single name match
name-only,9006842,岩壁 裕也,YS横浜,,23182,岩壁 裕也,YS横浜,1994-05-17,single name match
name-only,9006843,安田 亘佑,福島,,23419,安田 亘佑,福島,1995-04-15,single name match
name-only,9001317,武岡 優斗,川崎F,,10397,武岡 優斗,山口,1986-06-24,single name match
name-only,9000066,ミシェル リマ,横浜FC,,60470,ミシェル リマ,横浜FC,1997-05-12,single name match
name-only,9000067,小川 慶治朗,横浜FC,,10080,小川 慶治朗,富山,1992-07-14,single name match
name-only,9000068,伊藤 翔,横浜FC,,10914,伊藤 翔,横浜FC,1988-07-24,single name match
name-only,9006844,石垣 徳之,相模原,,19419,石垣 徳之,相模原,1997-11-30,single name match
name-only,9006845,渡邉 志門,沼津,,23231,渡邉 志門,沼津,1990-12-10,single name match
name-only,9006856,工藤 由夢,YS横浜,,11925,工藤 由夢,YS横浜,1990-06-06,single name match
name-only,9006857,望月 竜次,藤枝,,12036,望月 竜次,藤枝,1988-09-06,single name match
name-only,9006858,一井 賢人,YS横浜,,19276,一井 賢人,YS横浜,1993-11-11,single name match
name-only,9006860,佐々木 宏樹,藤枝,,19212,佐々木 宏樹,藤枝,1993-07-17,single name match
name-only,9006861,三浦 雄介,YS横浜,,12044,三浦 雄介,YS横浜,1991-08-27,single name match
name-only,9006862,原口 祐次郎,藤枝,,19215,原口 祐次郎,藤枝,1992-09-30,single name match
name-only,9006863,コンハード,長野,,19662,コンハード,長野,1991-07-18,single name match
name-only,9006864,バルチ ジュニオール,鳥取,,19646,バルチ ジュニオール,鳥取,1987-02-14,single name match
name-only,9000111,上福元 直人,湘南,,11070,上福元 直人,湘南,1989-11-17,single name match
name-only,9000112,キム ミンテ,湘南,,15784,キム ミンテ,町田,1993-11-26,single name match
name-only,9000113,鈴木 淳之介,湘南,,45059,鈴木 淳之介,湘南,2003-07-12,single name match
name-only,9000114,畑 大雅,湘南,,37573,畑 大雅,湘南,2002-01-20,single name match
name-only,9000115,鈴木 雄斗,湘南,,10601,鈴木 雄斗,湘南,1993-12-07,single name match
name-only,9000116,藤井 智也,湘南,,37660,藤井 智也,湘南,1998-12-04,single name match
name-only,9000117,小野瀬 康介,湘南,,11067,小野瀬 康介,湘南,1993-04-22,single name match
name-only,9000118,奥野 耕平,湘南,,23533,奥野 耕平,福岡,2000-04-03,single name match
name-only,9006865,奈良林 寛紀,藤枝,,12030,奈良林 寛紀,藤枝,1988-01-14,single name match
name-only,9006866,藤﨑 将汰,藤枝,,19211,藤﨑 将汰,藤枝,1994-01-10,single name match
name-only,9006867,松尾 昇悟,琉球,,11896,松尾 昇悟,琉球,1987-07-28,single name match
name-only,9006868,川邊 裕紀,琉球,,11877,川邊 裕紀,琉球,1987-04-02,single name match
name-only,9006869,青田 翔,YS横浜,,12093,青田 翔,YS横浜,1986-11-13,single name match
name-only,9006870,平間 直道,YS横浜,,11913,平間 直道,YS横浜,1987-07-06,single name match
name-only,9000464,アルナウ,鳥栖,,49563,アルナウ,高知,1997-12-27,single name match
name-only,9000465,児玉 潤,札幌,,13987,児玉 潤,栃木Ｃ,1997-09-08,single name match
name-only,9000466,長澤 シヴァタファリ,鳥栖,,49775,長澤 シヴァタファリ,鳥栖,2001-12-12,single name match
name-only,9000467,藤田 直之,鳥栖,,10872,藤田 直之,鳥栖,1987-06-22,single name match
name-only,9000468,鹿沼 直生,磐田,,37527,鹿沼 直生,徳島,1997-12-07,single name match
name-only,9000469,山田 直輝,湘南,,8750,山田 直輝,岐阜,1990-07-04,single name match
name-only,9006871,友澤 剛気,YS横浜,,11926,友澤 剛気,YS横浜,1991-02-14,single name match
name-only,9000471,キム ゴンヒ,札幌,,48988,キム ゴンヒ,札幌,1995-02-22,single name match
name-only,9000472,小川 大貴,磐田,,9415,小川 大貴,松本,1991-10-16,single name match
name-only,9000473,石田 雅俊,磐田,,11875,石田 雅俊,磐田,1995-05-04,single name match
name-only,9000496,出間 思努,札幌,,39195,出間 思努,群馬,2005-06-15,single name match
name-only,9006872,服部 大樹,YS横浜,,11911,服部 大樹,YS横浜,1987-10-17,single name match
name-only,9000499,ウェベルトン,磐田,,54776,ウェベルトン,沼津,2002-06-29,single name match
name-only,9000500,大﨑 玲央,札幌,,19201,大﨑 玲央,札幌,1991-08-07,single name match
name-only,9000503,井上 太聖,鳥栖,,54844,井上 太聖,横浜FM,2002-10-01,single name match
name-only,9006873,井上 和馬,YS横浜,,11920,井上 和馬,YS横浜,1990-01-09,single name match
name-only,9006874,大原 卓丈,福島,,10279,大原 卓丈,福島,1986-12-06,single name match
name-only,9006875,内田 和志,藤枝,,12032,内田 和志,藤枝,1987-10-09,single name match
name-only,9006876,田島 昇太,藤枝,,15869,田島 昇太,藤枝,1992-09-29,single name match
name-only,9000508,吉田 新,湘南,,49653,吉田 新,奈良,2000-06-29,single name match
name-only,9000509,ヴィキンタス スリヴカ,鳥栖,,60455,ヴィキンタス スリヴカ,鳥栖,1995-04-29,single name match
name-only,9006877,真野 亮二,藤枝,,9260,真野 亮二,藤枝,1990-10-12,single name match
name-only,9000512,ハッサン ヒル,磐田,,60473,ハッサン ヒル,磐田,1999-11-25,single name match
name-only,9000513,ジョルディ サンチェス,札幌,,60477,ジョルディ サンチェス,札幌,1994-11-11,single name match
name-only,9000516,西矢 健人,鳥栖,,49668,西矢 健人,鳥栖,1999-11-07,single name match
name-only,9000517,イ ユンソン,鳥栖,,54728,イ ユンソン,鳥栖,2005-05-23,single name match
name-only,9000518,楢原 慶輝,鳥栖,,45127,楢原 慶輝,鳥栖,2004-04-07,single name match
name-only,9000519,パク ミンギュ,札幌,,60952,パク ミンギュ,札幌,1995-08-10,single name match
name-only,9000520,白井 陽斗,札幌,,23286,白井 陽斗,札幌,1999-10-23,single name match
name-only,9000521,鈴木 大馳,鳥栖,,49773,鈴木 大馳,鳥栖,2006-11-08,single name match
name-only,9006878,イ ジェウォン,富山,,15856,イ ジェウォン,富山,1992-06-02,single name match
name-only,9000628,吉田 陣平,新潟,,45002,吉田 陣平,福島,2003-05-06,single name match
name-only,9000629,坂本 稀吏也,鳥栖,,44780,坂本 稀吏也,山形,2003-04-23,single name match
name-only,9000630,藤原 悠汰,鳥栖,,44754,藤原 悠汰,愛媛,1999-04-09,single name match
name-only,9006879,斎藤 純平,秋田,,15745,斎藤 純平,秋田,1992-12-27,single name match
name-only,9006880,半田 武嗣,秋田,,6585,半田 武嗣,秋田,1985-06-26,single name match
name-only,9006881,池永 航,山口,,15725,池永 航,山口,1991-11-30,single name match
name-only,9000637,瀬口 拓弥,新潟,,11512,瀬口 拓弥,新潟,1988-11-30,single name match
name-only,9000638,六反 勇治,横浜FC,,8616,六反 勇治,藤枝,1987-04-10,single name match
name-only,9000643,木戸 柊摩,札幌,,37661,木戸 柊摩,札幌,2003-01-02,single name match
name-only,9006882,小石 哲也,鳥取,,12098,小石 哲也,鳥取,1990-09-21,single name match
name-only,9006883,奥村 慶之,鳥取,,15792,奥村 慶之,鳥取,1993-01-21,single name match
name-only,9006884,宮本 龍,鳥取,,15798,宮本 龍,鳥取,1992-08-04,single name match
name-only,9006885,大森 啓生,相模原,,12079,大森 啓生,相模原,1990-07-26,single name match
name-only,9006886,フェアー モービー,相模原,,12005,フェアー モービー,相模原,1994-12-13,single name match
name-only,9006887,レオジーニョ,相模原,,15852,レオジーニョ,相模原,1991-02-24,single name match
name-only,9006888,富井 英司,藤枝,,7666,富井 英司,藤枝,1987-10-07,single name match
name-only,9000652,ルーカス フェルナンデス,札幌,,32453,ルーカス フェルナンデス,Ｃ大阪,1994-04-24,single name match
name-only,9000653,武田 英二郎,横浜FC,,7950,武田 英二郎,横浜FC,1988-07-11,single name match
name-only,9000654,サウロ ミネイロ,横浜FC,,44319,サウロ ミネイロ,横浜FC,1997-06-17,single name match
name-only,9000655,松原 修平,札幌,,10672,松原 修平,水戸,1992-08-11,single name match
name-only,9006889,谷尾 隆博,藤枝,,12037,谷尾 隆博,藤枝,1991-02-26,single name match
name-only,9000657,西村 遥己,新潟,,45105,西村 遥己,熊本,2003-04-19,single name match
name-only,9006890,チェ ジュヨン,山口,,15870,チェ ジュヨン,山口,1996-11-08,single name match
name-only,9000659,立川 小太郎,湘南,,32335,立川 小太郎,今治,1997-01-04,single name match
name-only,9000660,高井 和馬,横浜FC,,23170,高井 和馬,相模原,1994-08-05,single name match
name-only,9000661,ファン ソッコ,鳥栖,,11134,ファン ソッコ,鳥栖,1989-06-27,single name match
name-only,9006891,神谷 駿文,藤枝,,12155,神谷 駿文,藤枝,1991-12-23,single name match
name-only,9000705,飯野 七聖,鳥栖,,32313,飯野 七聖,神戸,1996-10-02,single name match
name-only,9000706,小泉 慶,鳥栖,,11995,小泉 慶,FC東京,1995-04-19,single name match
name-only,9000707,佐藤 響,鳥栖,,45023,佐藤 響,京都,2000-03-21,single name match
name-only,9006892,奥田 大二郎,藤枝,,8381,奥田 大二郎,藤枝,1989-04-23,single name match
name-only,9006893,高野 純一,琉球,,12055,高野 純一,琉球,1992-01-21,single name match
name-only,9006894,上田 陵弥,琉球,,12054,上田 陵弥,琉球,1989-05-02,single name match
name-only,9006895,菊本 侑希,山口,,15723,菊本 侑希,山口,1993-07-10,single name match
name-only,9006896,平井 晋太郎,秋田,,11958,平井 晋太郎,秋田,1984-01-07,single name match
name-only,9006897,泉 宗太郎,YS横浜,,15834,泉 宗太郎,YS横浜,1992-08-05,single name match
name-only,9006898,鈴木 健児,秋田,,8089,鈴木 健児,秋田,1986-09-03,single name match
name-only,9006899,黒田 拓真,山口,,15727,黒田 拓真,山口,1992-02-18,single name match
name-only,9006900,碇野 壱馬,山口,,15726,碇野 壱馬,山口,1986-05-31,single name match
name-only,9006901,アグスティン オルテガ,秋田,,15738,アグスティン オルテガ,秋田,1992-12-29,single name match
name-only,9006902,己浪 学,YS横浜,,11919,己浪 学,YS横浜,1988-02-17,single name match
name-only,9006903,白井 脩平,YS横浜,,11905,白井 脩平,YS横浜,1985-07-19,single name match
name-only,9006904,中村 宏輝,藤枝,,15818,中村 宏輝,藤枝,1992-05-20,single name match
name-only,9006905,石輪 聖人,鳥取,,12140,石輪 聖人,鳥取,1996-05-25,single name match
name-only,9006906,タレス,相模原,,15922,タレス,相模原,1989-03-13,single name match
name-only,9006907,黒氏 啓介,YS横浜,,12015,黒氏 啓介,YS横浜,1991-04-06,single name match
name-only,9006908,吉岡 航平,藤枝,,11893,吉岡 航平,藤枝,1985-04-22,single name match
name-only,9006909,ラドスラフ カミンスキー,藤枝,,15934,ラドスラフ カミンスキー,藤枝,1989-09-28,single name match
name-only,9006910,下村 悠太,琉球,,11898,下村 悠太,琉球,1990-05-01,single name match
name-only,9000119,平岡 大陽,湘南,,37928,平岡 大陽,京都,2002-09-14,single name match
name-only,9000120,福田 翔生,湘南,,37613,福田 翔生,湘南,2001-03-23,single name match
name-only,9000121,鈴木 章斗,湘南,,45061,鈴木 章斗,広島,2003-07-30,single name match
name-only,9000122,永井 建成,湘南,,11975,永井 建成,湘南,1995-07-07,single name match
name-only,9000123,大野 和成,湘南,,8555,大野 和成,湘南,1989-08-04,single name match
name-only,9000124,大岩 一貴,湘南,,11122,大岩 一貴,山口,1989-08-17,single name match
name-only,9000125,松村 晟怜,湘南,,45062,松村 晟怜,湘南,2003-12-03,single name match
name-only,9006911,盛礼良 レオナルド,秋田,,9162,盛礼良 レオナルド,秋田,1986-02-04,single name match
name-only,9000126,髙橋 直也,湘南,,31511,髙橋 直也,湘南,2001-05-28,single name match
name-only,9000127,茨田 陽生,湘南,,9285,茨田 陽生,湘南,1991-05-30,single name match
name-only,9000128,田村 蒼生,湘南,,37860,田村 蒼生,湘南,2002-04-20,single name match
name-only,9006912,南部 健造,富山,,10017,南部 健造,富山,1992-08-22,single name match
name-only,9000129,ルキアン,湘南,,32688,ルキアン,横浜FC,1991-09-21,single name match
name-only,9000130,根本 凌,湘南,,37770,根本 凌,水戸,2000-02-03,single name match
name-only,9006913,中津留 奨吾,藤枝,,7795,中津留 奨吾,藤枝,1987-06-03,single name match
name-only,9001315,オリヴィエ ブマル,横浜FM,,29436,オリヴィエ ブマル,横浜FM,1989-09-17,single name match
name-only,9000538,永井 堅梧,横浜FC,,11336,永井 堅梧,柏,1994-11-06,single name match
name-only,9000539,中村 拓海,横浜FC,,32331,中村 拓海,Ｃ大阪,2001-03-16,single name match
name-only,9000540,ガブリエウ,横浜FC,,44318,ガブリエウ,大宮,1995-03-14,single name match
name-only,9000541,和田 拓也,横浜FC,,9256,和田 拓也,大宮,1990-07-28,single name match
name-only,9000542,三田 啓貴,横浜FC,,8921,三田 啓貴,横浜FC,1990-09-14,single name match
name-only,9000543,坂本 亘基,横浜FC,,19506,坂本 亘基,鳥栖,1999-01-19,single name match
name-only,9000544,小川 航基,横浜FC,,19169,小川 航基,横浜FC,1997-08-08,single name match
name-only,9000545,吉野 恭平,横浜FC,,11192,吉野 恭平,Ｃ大阪,1994-11-08,single name match
name-only,9000546,山下 諒也,横浜FC,,37686,山下 諒也,Ｇ大阪,1997-10-19,single name match
name-only,9000547,カプリーニ,横浜FC,,49635,カプリーニ,大宮,1997-11-11,single name match
name-only,9006952,石川 喬穂,町田,,12064,石川 喬穂,町田,1991-05-30,single name match
name-only,9006953,前田 龍大,C大阪U23,,37702,前田 龍大,Ｃ大阪,2002-05-20,single name match
name-only,9006954,大橋 滉太,C大阪U23,,37722,大橋 滉太,Ｃ大阪,2002-04-09,single name match
name-only,9006955,吉田 有志,C大阪U23,,32738,吉田 有志,Ｃ大阪,2002-04-22,single name match
name-only,9006956,ウェリング ピアス,C大阪U23,,29543,ウェリング ピアス,Ｃ大阪,1998-11-18,single name match
name-only,9006957,タワン,C大阪U23,,32537,タワン,Ｃ大阪,2000-01-23,single name match
name-only,9006958,荻野 元伸,G大阪U23,,37704,荻野 元伸,Ｇ大阪,2002-06-27,single name match
name-only,9006959,伊勢 航,G大阪U23,,32616,伊勢 航,Ｇ大阪,2002-07-17,single name match
name-only,9006960,菅野 隆星,G大阪U23,,37777,菅野 隆星,Ｇ大阪,2002-11-03,single name match
name-only,9006961,永川 寛太,G大阪U23,,37776,永川 寛太,Ｇ大阪,2002-06-20,single name match
name-only,9006962,吉川 直輝,G大阪U23,,29461,吉川 直輝,Ｇ大阪,2002-04-21,single name match
name-only,9000564,田中 駿汰,札幌,,32646,田中 駿汰,Ｃ大阪,1997-05-26,single name match
name-only,9000565,金子 拓郎,札幌,,32507,金子 拓郎,浦和,1997-07-30,single name match
name-only,9000566,西 大伍,札幌,,7485,西 大伍,岩手,1987-08-28,single name match
name-only,9000567,中島 大嘉,札幌,,37840,中島 大嘉,群馬,2002-06-08,single name match
name-only,9006963,村上 景司,G大阪U23,,32649,村上 景司,Ｇ大阪,2002-09-14,single name match
name-only,9006964,大野 榛里,G大阪U23,,32618,大野 榛里,Ｇ大阪,2002-09-26,single name match
name-only,9006965,下中 凌我,C大阪U23,,37705,下中 凌我,Ｃ大阪,2003-06-23,single name match
name-only,9006966,福本 悠,G大阪U23,,37703,福本 悠,Ｇ大阪,2002-07-03,single name match
name-only,9006967,王 暁峰,長野,,37724,王 暁峰,長野,2001-07-01,single name match
name-only,9006968,近藤 蔵波,C大阪U23,,32739,近藤 蔵波,鳥取,2002-07-06,single name match
name-only,9006969,西村 昴,C大阪U23,,37836,西村 昴,Ｃ大阪,2003-06-13,single name match
name-only,9000587,高 宇洋,新潟,,23137,高 宇洋,FC東京,1998-04-20,single name match
name-only,9000588,三戸 舜介,新潟,,37843,三戸 舜介,新潟,2002-09-28,single name match
name-only,9000589,伊藤 涼太郎,新潟,,19203,伊藤 涼太郎,新潟,1998-02-06,single name match
name-only,9000590,シマブク カズヨシ,新潟,,41153,シマブク カズヨシ,新潟,1999-07-29,single name match
name-only,9006970,小河 詩朋,C大阪U23,,37854,小河 詩朋,水戸,2003-05-14,single name match
name-only,9006971,平川 拓斗,G大阪U23,,37841,平川 拓斗,Ｇ大阪,2003-04-23,single name match
name-only,9006972,中埜 航平,C大阪U23,,37853,中埜 航平,Ｃ大阪,2003-04-28,single name match
name-only,9006973,下川 陽輝,C大阪U23,,37865,下川 陽輝,Ｃ大阪,2003-08-20,single name match
name-only,9006974,食野 亮太郎,G大阪U23,,19429,食野 亮太郎,Ｇ大阪,1998-06-18,single name match
name-only,9006975,王 新宇,G大阪U23,,32498,王 新宇,Ｇ大阪,2001-08-07,single name match
name-only,9006976,西村 翔,G大阪U23,,31510,西村 翔,Ｇ大阪,2001-06-07,single name match
name-only,9006977,長尾 優斗,G大阪U23,,32499,長尾 優斗,水戸,2001-08-31,single name match
name-only,9000599,西川 潤,鳥栖,,32510,西川 潤,岡山,2002-02-21,single name match
name-only,9000600,本田 風智,鳥栖,,32584,本田 風智,京都,2001-05-10,single name match
name-only,9006978,野村 天真,C大阪U23,,32503,野村 天真,Ｃ大阪,2001-06-27,single name match
name-only,9006979,折口 輝樹,C大阪U23,,29389,折口 輝樹,岩手,2001-05-21,single name match
name-only,9006980,桃李 理永,C大阪U23,,32505,桃李 理永,Ｃ大阪,2001-09-25,single name match
name-only,9000202,小野 裕二,新潟,,9984,小野 裕二,新潟,1992-12-22,single name match
name-only,9000203,岡本 將成,新潟,,23399,岡本 將成,富山,2000-04-07,single name match
name-only,9000204,早川 史哉,新潟,,10729,早川 史哉,新潟,1994-01-12,single name match
name-only,9006914,鈴木 淳,相模原,,11873,鈴木 淳,沼津,1987-09-12,single name match
name-only,9006915,地頭薗 雅弥,相模原,,9477,地頭薗 雅弥,相模原,1989-09-06,single name match
name-only,9006916,松本 祐樹,相模原,,11871,松本 祐樹,相模原,1989-01-22,single name match
name-only,9006917,吉川 翔梧,金沢,,12018,吉川 翔梧,金沢,1995-04-08,single name match
name-only,9006918,阪本 翔一朗,金沢,,12016,阪本 翔一朗,金沢,1995-08-18,single name match
name-only,9006919,高野 耕平,長野,,6633,高野 耕平,長野,1985-04-03,single name match
name-only,9006920,時崎 塁,福島,,11949,時崎 塁,福島,1982-10-30,single name match
name-only,9006921,益子 義浩,福島,,11946,益子 義浩,岩手,1987-07-12,single name match
name-only,9006922,三田 尚央,YS横浜,,9396,三田 尚央,YS横浜,1991-05-20,single name match
name-only,9006923,安藤 駿冶,藤枝,,9404,安藤 駿冶,藤枝,1991-10-25,single name match
name-only,9006924,水木 将人,藤枝,,12035,水木 将人,藤枝,1991-11-03,single name match
name-only,9006925,丸本 侑平,藤枝,,12034,丸本 侑平,藤枝,1991-05-21,single name match
name-only,9006926,水野 輝,琉球,,12050,水野 輝,琉球,1991-08-02,single name match
name-only,9006927,友利 貴一,琉球,,10750,友利 貴一,琉球,1991-04-22,single name match
name-only,9006928,真栄城 兼哉,琉球,,11970,真栄城 兼哉,琉球,1995-02-07,single name match
name-only,9000152,秋山 裕紀,新潟,,32451,秋山 裕紀,新潟,2000-12-09,single name match
name-only,9000153,千葉 和彦,新潟,,8543,千葉 和彦,琉球,1985-06-21,single name match
name-only,9000154,落合 陸,新潟,,45106,落合 陸,新潟,1999-05-23,single name match
name-only,9006929,チェ ジフン,金沢,,12013,チェ ジフン,金沢,1991-05-11,single name match
name-only,9000158,ルイス フェリッピ,湘南,,48970,ルイス フェリッピ,湘南,1993-09-27,single name match
name-only,9006930,砂川 太志,琉球,,12073,砂川 太志,琉球,1990-01-20,single name match
name-only,9006931,新 裕太朗,福島,,11950,新 裕太朗,福島,1990-03-11,single name match
name-only,9006932,野澤 健一,長野,,8854,野澤 健一,長野,1984-01-27,single name match
name-only,9006933,島崎 恭平,町田,,11238,島崎 恭平,町田,1991-09-04,single name match
name-only,9000169,森 昂大,新潟,,44635,森 昂大,新潟,1999-04-27,single name match
name-only,9000170,ダニーロ ゴメス,新潟,,49679,ダニーロ ゴメス,新潟,1999-02-05,single name match
name-only,9006934,齋藤 翔太,町田,,11953,齋藤 翔太,町田,1994-06-15,single name match
name-only,9000172,石井 久継,湘南,,45228,石井 久継,湘南,2005-07-07,single name match
name-only,9006935,大石 健太,藤枝,,12095,大石 健太,藤枝,1991-05-12,single name match
name-only,9006936,古賀 鯨太朗,琉球,,12048,古賀 鯨太朗,琉球,1991-04-27,single name match
name-only,9000175,吉満 大介,新潟,,15731,吉満 大介,新潟,1993-02-21,single name match
name-only,9006937,牧野 悟,琉球,,12051,牧野 悟,琉球,1990-11-25,single name match
name-only,9000178,遠藤 雅己,横浜FC,,49573,遠藤 雅己,山口,2001-03-01,single name match
name-only,9000179,中野 嘉大,横浜FC,,15744,中野 嘉大,秋田,1993-02-24,single name match
name-only,9000181,山田 康太,横浜FC,,19537,山田 康太,横浜FC,1999-07-10,single name match
name-only,9000184,真田 幸太,湘南,,23384,真田 幸太,湘南,1999-04-21,single name match
name-only,9000185,駒沢 直哉,横浜FC,,61687,駒沢 直哉,横浜FC,2002-05-17,single name match
name-only,9000197,舘 幸希,湘南,,32611,舘 幸希,湘南,1997-12-14,single name match
name-only,9000198,池田 昌生,湘南,,29296,池田 昌生,湘南,1999-07-08,single name match
name-only,9000199,小田 裕太郎,湘南,,32487,小田 裕太郎,湘南,2001-08-12,single name match
name-only,9000205,笠井 佳祐,新潟,,60238,笠井 佳祐,新潟,2002-08-30,single name match
name-only,9006938,大石 明日希,金沢,,12012,大石 明日希,金沢,1991-12-14,single name match
name-only,9006939,石井 雄輔,藤枝,,12052,石井 雄輔,藤枝,1991-06-25,single name match
name-only,9006940,小寺 一生,琉球,,11932,小寺 一生,琉球,1983-07-10,single name match
name-only,9000209,熊倉 弘貴,横浜FC,,61688,熊倉 弘貴,横浜FC,2002-05-16,single name match
name-only,9000210,森 海渡,横浜FC,,44957,森 海渡,横浜FC,2000-06-07,single name match
name-only,9006941,松田 悠佑,琉球,,9194,松田 悠佑,琉球,1991-04-23,single name match
name-only,9006942,清水 純,福島,,11942,清水 純,福島,1985-05-21,single name match
name-only,9006943,小峯 拓也,福島,,7917,小峯 拓也,福島,1988-12-22,single name match
name-only,9000488,石山 青空,新潟,,49273,石山 青空,新潟,2006-01-27,single name match
name-only,9006944,伊池 翔吾,YS横浜,,11910,伊池 翔吾,YS横浜,1988-03-15,single name match
name-only,9006945,島村 麗乃,琉球,,10170,島村 麗乃,琉球,1991-09-17,single name match
name-only,9006946,吉田 実成都,長野,,12002,吉田 実成都,長野,1992-02-17,single name match
name-only,9006947,小野寺 建人,金沢,,12010,小野寺 建人,金沢,1991-07-06,single name match
name-only,9006948,桝田 雄太郎,相模原,,11869,桝田 雄太郎,相模原,1985-03-27,single name match
name-only,9006949,大澤 雄樹,琉球,,11998,大澤 雄樹,琉球,1983-04-07,single name match
name-only,9000495,北島 郁哉,鳥栖,,54729,北島 郁哉,鳥栖,2005-11-20,single name match
name-only,9006950,福田 恭大,琉球,,12057,福田 恭大,琉球,1992-03-13,single name match
name-only,9006951,伊藤 和基,YS横浜,,11916,伊藤 和基,YS横浜,1987-08-08,single name match
name-only,9006981,森田 慎吾,F東京U23,,31520,森田 慎吾,FC東京,2001-07-09,single name match
name-only,9006982,バングーナガンデ 佳史扶,F東京U23,,29408,バングーナガンデ 佳史扶,FC東京,2001-09-24,single name match
name-only,9000314,菅野 孝憲,札幌,,6249,菅野 孝憲,札幌,1984-05-03,single name match
name-only,9000315,馬場 晴也,札幌,,32729,馬場 晴也,柏,2001-10-24,single name match
name-only,9000316,岡村 大八,札幌,,32310,岡村 大八,町田,1997-02-15,single name match
name-only,9006983,金 誠敏,F東京U23,,32509,金 誠敏,FC東京,2001-05-23,single name match
name-only,9006984,駒井 幸弘,G大阪U23,,29415,駒井 幸弘,Ｇ大阪,2001-05-24,single name match
name-only,9006985,飯塚 欣士,F東京U23,,29410,飯塚 欣士,FC東京,2001-05-07,single name match
name-only,9000317,中村 桐耶,札幌,,29421,中村 桐耶,札幌,2000-07-23,single name match
name-only,9006986,ポンラヴィチュ,C大阪U23,,32536,ポンラヴィチュ,Ｃ大阪,2000-10-07,single name match
name-only,9006987,奥田 勇斗,G大阪U23,,32590,奥田 勇斗,Ｃ大阪,2001-04-21,single name match
name-only,9006988,彼島 優,F東京U23,,32532,彼島 優,FC東京,2003-05-05,single name match
name-only,9006989,常盤 亨太,F東京U23,,32604,常盤 亨太,FC東京,2002-04-09,single name match
name-only,9000222,遠藤 貴成,横浜FC,,61018,遠藤 貴成,横浜FC,2002-10-19,single name match
name-only,9006990,湯田 海,C大阪U23,,32614,湯田 海,Ｃ大阪,2003-07-19,single name match
name-only,9006991,古屋 颯眞,F東京U23,,32718,古屋 颯眞,FC東京,2002-04-05,single name match
name-only,9006992,大迫 蒼人,F東京U23,,32717,大迫 蒼人,FC東京,2003-05-23,single name match
name-only,9006993,髙橋 優仁,F東京U23,,32504,髙橋 優仁,FC東京,2001-05-15,single name match
name-only,9006994,清水 敦貴,盛岡,,29530,清水 敦貴,岩手,2000-07-10,single name match
name-only,9006995,中島 宏海,盛岡,,23144,中島 宏海,岩手,1993-08-08,single name match
name-only,9000229,室井 彗佑,横浜FC,,48698,室井 彗佑,横浜FC,2000-04-17,single name match
name-only,9006996,久保 海都,盛岡,,19266,久保 海都,岩手,1993-11-05,single name match
name-only,9006997,草住 晃之介,F東京U23,,23496,草住 晃之介,FC東京,2000-07-12,single name match
name-only,9000233,石橋 瀬凪,湘南,,61774,石橋 瀬凪,湘南,2006-04-22,single name match
name-only,9006998,大本 竜司,F東京U23,,23387,大本 竜司,FC東京,2000-05-01,single name match
name-only,9006999,田中 憧,盛岡,,23118,田中 憧,岩手,1994-11-21,single name match
name-only,9007000,チャウワット,C大阪U23,,29254,チャウワット,Ｃ大阪,1996-06-23,single name match
name-only,9007001,根木 洸希,C大阪U23,,29390,根木 洸希,Ｃ大阪,2000-05-17,single name match
name-only,9007002,安楽 健太,盛岡,,19268,安楽 健太,岩手,1992-10-23,single name match
name-only,9007003,宮地 元貴,沼津,,19669,宮地 元貴,沼津,1994-04-17,single name match
name-only,9007004,渥美 瑛亮,沼津,,29268,渥美 瑛亮,沼津,1995-12-01,single name match
name-only,9007005,高柳 昂平,盛岡,,29245,高柳 昂平,岩手,1994-04-14,single name match
name-only,9007006,鈴木 智也,F東京U23,,29411,鈴木 智也,FC東京,2000-08-19,single name match
name-only,9007007,足立 翼,G大阪U23,,23373,足立 翼,Ｇ大阪,2000-09-06,single name match
name-only,9007008,今村 涼一,F東京U23,,23522,今村 涼一,FC東京,2000-05-08,single name match
name-only,9007009,今関 耕平,盛岡,,23142,今関 耕平,岩手,1994-06-23,single name match
name-only,9007010,室津 颯斗,C大阪U23,,29391,室津 颯斗,Ｃ大阪,2000-04-12,single name match
name-only,9007011,天野 悠貴,F東京U23,,29430,天野 悠貴,FC東京,2000-04-17,single name match
name-only,9007012,陳 運華,盛岡,,29429,陳 運華,岩手,1999-09-14,single name match
name-only,9007013,足立 丈英,G大阪U23,,19431,足立 丈英,Ｇ大阪,1999-04-17,single name match
name-only,9007014,岸田 悠佑,G大阪U23,,23284,岸田 悠佑,Ｇ大阪,1999-07-10,single name match
name-only,9007015,梅津 克貴,G大阪U23,,19432,梅津 克貴,Ｇ大阪,1999-04-03,single name match
name-only,9007016,山下 諒,G大阪U23,,19433,山下 諒,Ｇ大阪,1999-08-23,single name match
name-only,9007017,小林 真鷹,F東京U23,,19682,小林 真鷹,FC東京,1999-07-13,single name match
name-only,9000294,川島 永嗣,磐田,,6476,川島 永嗣,磐田,1983-03-20,single name match
name-only,9000295,リカルド グラッサ,磐田,,45009,リカルド グラッサ,磐田,1997-02-16,single name match
name-only,9000296,松原 后,磐田,,15767,松原 后,磐田,1996-08-30,single name match
name-only,9000297,上原 力也,磐田,,15785,上原 力也,磐田,1996-08-25,single name match
name-only,9000298,松本 昌也,磐田,,11368,松本 昌也,岡山,1995-01-25,single name match
name-only,9000299,山田 大記,磐田,,10908,山田 大記,磐田,1988-12-27,single name match
name-only,9000300,平川 怜,磐田,,19689,平川 怜,東京Ｖ,2000-04-20,single name match
name-only,9000301,ジャーメイン 良,磐田,,23421,ジャーメイン 良,広島,1995-04-19,single name match
name-only,9000302,三浦 龍輝,磐田,,9850,三浦 龍輝,磐田,1992-05-17,single name match
name-only,9000303,鈴木 海音,磐田,,32479,鈴木 海音,東京Ｖ,2002-08-25,single name match
name-only,9000304,西久保 駿介,磐田,,45053,西久保 駿介,磐田,2003-07-30,single name match
name-only,9000306,古川 陽介,磐田,,45010,古川 陽介,磐田,2003-07-16,single name match
name-only,9000307,金子 翔太,磐田,,11453,金子 翔太,藤枝,1995-05-02,single name match
name-only,9000308,マテウス ペイショット,磐田,,54770,マテウス ペイショット,磐田,1995-11-16,single name match
name-only,9007018,小林 幹,F東京U23,,23308,小林 幹,FC東京,1999-04-27,single name match
name-only,9007019,坂口 祥尉,F東京U23,,19683,坂口 祥尉,FC東京,1999-05-07,single name match
name-only,9007020,齋藤 遼,C大阪U23,,23299,齋藤 遼,Ｃ大阪,1999-08-15,single name match
name-only,9000318,近藤 友喜,札幌,,44159,近藤 友喜,横浜FM,2001-03-21,single name match
name-only,9000319,荒野 拓馬,札幌,,10676,荒野 拓馬,札幌,1993-04-20,single name match
name-only,9000320,宮澤 裕樹,札幌,,9735,宮澤 裕樹,札幌,1989-06-28,single name match
name-only,9000321,菅 大輝,札幌,,19461,菅 大輝,広島,1998-09-10,single name match
name-only,9000322,スパチョーク,札幌,,48798,スパチョーク,札幌,1998-05-22,single name match
name-only,9000323,小林 祐希,札幌,,10009,小林 祐希,札幌,1992-04-24,single name match
name-only,9000324,中野 小次郎,札幌,,19450,中野 小次郎,長野,1999-03-05,single name match
name-only,9000325,西野 奨太,札幌,,38048,西野 奨太,札幌,2004-05-28,single name match
name-only,9000326,青木 亮太,札幌,,11964,青木 亮太,札幌,1996-03-06,single name match
name-only,9000327,長谷川 竜也,札幌,,15938,長谷川 竜也,札幌,1994-03-07,single name match
name-only,9000328,浅野 雄也,札幌,,32304,浅野 雄也,名古屋,1997-02-17,single name match
name-only,9000329,田中 克幸,札幌,,54803,田中 克幸,札幌,2002-03-15,single name match
name-only,9000330,朴 一圭,鳥栖,,12040,朴 一圭,横浜FM,1989-12-22,single name match
name-only,9000331,キム テヒョン,鳥栖,,45209,キム テヒョン,鹿島,2000-09-17,single name match
name-only,9000332,原田 亘,鳥栖,,37618,原田 亘,柏,1996-07-22,single name match
name-only,9000333,丸橋 祐介,鳥栖,,8708,丸橋 祐介,鳥栖,1990-09-02,single name match
name-only,9007021,光藤 諒也,C大阪U23,,19338,光藤 諒也,Ｃ大阪,1999-05-28,single name match
name-only,9007022,梅木 絢都,C大阪U23,,19486,梅木 絢都,Ｃ大阪,1999-11-20,single name match
name-only,9007023,荒木 秀太,C大阪U23,,19482,荒木 秀太,Ｃ大阪,1999-09-11,single name match
name-only,9007024,有水 亮,C大阪U23,,19481,有水 亮,水戸,1999-08-10,single name match
name-only,9007025,八角 大智,盛岡,,19234,八角 大智,岩手,1992-04-15,single name match
name-only,9007026,和田 健太郎,G大阪U23,,23318,和田 健太郎,Ｇ大阪,1996-06-28,single name match
name-only,9007027,中島 大雅,G大阪U23,,23287,中島 大雅,Ｇ大阪,1999-08-01,single name match
name-only,9007028,髙瀨 和楠,F東京U23,,19438,髙瀨 和楠,FC東京,1999-08-06,single name match
name-only,9007029,キム ジンヒョン,C大阪U23,,10346,キム ジンヒョン,Ｃ大阪,1987-07-06,single name match
name-only,9007030,井上 丈,盛岡,,15931,井上 丈,岩手,1994-05-21,single name match
name-only,9007031,棟方 博文,G大阪U23,,23380,棟方 博文,Ｇ大阪,1995-04-18,single name match
name-only,9007032,奥井 大貴,G大阪U23,,23283,奥井 大貴,Ｇ大阪,1999-06-27,single name match
name-only,9007033,河井 哲太,G大阪U23,,23430,河井 哲太,Ｇ大阪,2000-05-08,single name match
name-only,555734,マルクス ヴィニシウス,名古屋,,45632,マルクス ヴィニシウス,名古屋,1998-01-24,single name match
name-only,9007034,楊 帆,盛岡,,23518,楊 帆,岩手,1995-01-24,single name match
name-only,9007035,室屋 成,F東京U23,,15896,室屋 成,FC東京,1994-04-05,single name match
name-only,9000234,岩武 克弥,横浜FC,,12063,岩武 克弥,横浜FC,1996-06-04,single name match
name-only,9000238,石井 僚,横浜FC,,29447,石井 僚,横浜FC,2000-07-11,single name match
name-only,9000239,糸原 紘史郎,湘南,,32696,糸原 紘史郎,山口,1998-02-25,single name match
name-only,9000240,ポープ ウィリアム,湘南,,11373,ポープ ウィリアム,湘南,1994-10-21,single name match
name-only,9000241,ゼ ヒカルド,湘南,,54799,ゼ ヒカルド,湘南,1999-02-03,single name match
name-only,9000242,二田 理央,湘南,,44162,二田 理央,浦和,2003-04-10,single name match
name-only,9000243,大竹 優心,新潟,,49274,大竹 優心,新潟,2005-07-17,single name match
name-only,9000244,渋谷 飛翔,横浜FC,,11292,渋谷 飛翔,山形,1995-01-27,single name match
name-only,9000245,植村 洋斗,新潟,,46809,植村 洋斗,磐田,2001-08-26,single name match
name-only,9000247,ヤクブ スウォビィク,横浜FC,,32656,ヤクブ スウォビィク,横浜FC,1991-08-31,single name match
name-only,9000248,窪田 稜,横浜FC,,32360,窪田 稜,横浜FC,2001-01-05,single name match
name-only,9000249,アダイウトン,横浜FC,,15761,アダイウトン,横浜FC,1990-12-06,single name match
name-only,9000250,吉田 舜,湘南,,23517,吉田 舜,浦和,1996-11-28,single name match
name-only,9000252,ブーダ,新潟,,70130,ブーダ,新潟,1999-08-13,single name match
name-only,9000253,小原 基樹,新潟,,44750,小原 基樹,広島,2000-03-09,single name match
name-only,9000254,マテウス モラエス,新潟,,70149,マテウス モラエス,新潟,2000-04-22,team narrow-down
name-only,9000256,細井 響,横浜FC,,62287,細井 響,横浜FC,2003-10-31,single name match
name-only,9000260,前田 勘太朗,横浜FC,,60237,前田 勘太朗,横浜FC,2007-07-10,single name match
name-only,9000261,中野 伸哉,湘南,,37785,中野 伸哉,Ｇ大阪,2003-08-17,single name match
name-only,9000262,渡邊 啓吾,湘南,,60262,渡邊 啓吾,湘南,2002-08-25,single name match
name-only,9000334,河原 創,鳥栖,,37606,河原 創,川崎Ｆ,1998-03-13,single name match
name-only,9000335,福田 晃斗,鳥栖,,11487,福田 晃斗,岐阜,1992-05-01,single name match
name-only,9000336,堀米 勇輝,鳥栖,,9979,堀米 勇輝,札幌,1992-12-13,single name match
name-only,9000337,長沼 洋一,鳥栖,,12176,長沼 洋一,浦和,1997-04-14,single name match
name-only,9000338,樺山 諒乃介,鳥栖,,37778,樺山 諒乃介,愛媛,2002-09-17,single name match
name-only,9000339,マルセロ ヒアン,鳥栖,,49249,マルセロ ヒアン,FC東京,2002-06-08,single name match
name-only,9000340,岡本 昌弘,鳥栖,,5972,岡本 昌弘,鳥栖,1983-05-17,single name match
name-only,9000341,上夷 克典,鳥栖,,32393,上夷 克典,磐田,1996-04-05,single name match
name-only,9000342,手塚 康平,鳥栖,,12136,手塚 康平,柏,1996-04-06,single name match
name-only,9000343,菊地 泰智,鳥栖,,45022,菊地 泰智,名古屋,1999-05-07,single name match
name-only,9000344,横山 歩夢,鳥栖,,37949,横山 歩夢,鳥栖,2003-03-04,single name match
name-only,9000345,富樫 敬真,鳥栖,,15941,富樫 敬真,鳥栖,1993-08-10,single name match
name-only,9000346,ヴィニシウス アラウージョ,鳥栖,,37676,ヴィニシウス アラウージョ,鳥栖,1993-02-22,single name match
name-only,9000347,小島 亨介,新潟,,11490,小島 亨介,柏,1997-01-30,single name match
name-only,9000348,トーマス デン,新潟,,37671,トーマス デン,横浜FM,1997-03-20,single name match
name-only,9000349,新井 直人,新潟,,32472,新井 直人,広島,1996-10-07,single name match
name-only,9000350,松田 詠太郎,新潟,,37529,松田 詠太郎,熊本,2001-05-20,single name match
name-only,9000351,鈴木 孝司,新潟,,11170,鈴木 孝司,新潟,1989-07-25,single name match
name-only,9000352,阿部 航斗,新潟,,12126,阿部 航斗,磐田,1997-08-01,single name match
name-only,9000353,島田 譲,新潟,,8980,島田 譲,新潟,1990-11-28,single name match
name-only,9007036,上田 恭平,C大阪U23,,23542,上田 恭平,Ｃ大阪,1999-05-07,single name match
name-only,9007037,齋藤 恭志,盛岡,,10730,齋藤 恭志,岩手,1993-12-25,single name match
name-only,9007038,上岡 朋樹,G大阪U23,,19423,上岡 朋樹,Ｇ大阪,1998-05-30,single name match
name-only,9007039,土井 秀徒,盛岡,,19269,土井 秀徒,岩手,1992-12-29,single name match
name-only,9007040,高橋 悠馬,盛岡,,9497,高橋 悠馬,岩手,1990-04-25,single name match
name-only,9007041,半田 優希,相模原,,18987,半田 優希,相模原,1996-01-10,single name match
name-only,9007042,西田 一翔,G大阪U23,,19427,西田 一翔,Ｇ大阪,1998-04-28,single name match
name-only,9007043,杉山 天真,G大阪U23,,19426,杉山 天真,Ｇ大阪,1998-06-26,single name match
name-only,9007044,豊嶋 邑作,盛岡,,9290,豊嶋 邑作,岩手,1991-07-06,single name match
name-only,9000374,富居 大樹,湘南,,11287,富居 大樹,水戸,1989-08-27,single name match
name-only,9000375,杉岡 大暉,湘南,,23179,杉岡 大暉,柏,1998-09-08,single name match
name-only,9000376,ソン ボムグン,湘南,,49689,ソン ボムグン,湘南,1997-10-15,single name match
name-only,9000377,岡本 拓也,湘南,,9958,岡本 拓也,大分,1992-06-18,single name match
name-only,9000378,阿部 浩之,湘南,,11110,阿部 浩之,湘南,1989-07-05,single name match
name-only,9000379,ディサロ 燦シルヴァーノ,湘南,,32315,ディサロ 燦シルヴァーノ,山形,1996-04-02,single name match
name-only,9007045,小山 拓哉,F東京U23,,19512,小山 拓哉,FC東京,1997-04-20,single name match
name-only,9007046,鈴木 郁也,F東京U23,,19489,鈴木 郁也,FC東京,1998-04-29,single name match
name-only,9007047,鈴木 一朗,盛岡,,19601,鈴木 一朗,岩手,1995-08-01,single name match
name-only,9007048,伊藤 純也,F東京U23,,19611,伊藤 純也,FC東京,1998-04-12,single name match
name-only,9007049,安 俊洙,C大阪U23,,19642,アン ジュンス,Ｃ大阪,1998-01-28,single name match
name-only,9007050,半谷 陽介,F東京U23,,19612,半谷 陽介,FC東京,1999-01-30,single name match
name-only,9007051,飯山 悠吾,盛岡,,6678,飯山 悠吾,岩手,1986-03-06,single name match
name-only,9007052,松田 賢太,盛岡,,11883,松田 賢太,岩手,1984-08-22,single name match
name-only,9007053,北川 航也,U-22選抜,,12087,北川 航也,清水,1996-07-26,single name match
name-only,9007054,岡田 祐政,盛岡,,11892,岡田 祐政,岩手,1987-05-08,single name match
name-only,9007055,高瀬 証,盛岡,,11884,高瀬 証,岩手,1988-09-21,single name match
name-only,9007056,田端 信成,盛岡,,8400,田端 信成,山口,1989-04-09,single name match
name-only,9007057,大西 勇輝,U-22選抜,,12111,大西 勇輝,京都,1996-07-30,single name match
name-only,9007058,奥川 雅也,U-22選抜,,12112,奥川 雅也,京都,1996-04-14,single name match
name-only,9007059,阿部 優,盛岡,,15807,阿部 優,岩手,1989-09-16,single name match
name-only,9007060,鈴木 優磨,U-22選抜,,12096,鈴木 優磨,鹿島,1996-04-26,single name match
name-only,9007061,征矢 智和,盛岡,,8383,征矢 智和,岩手,1989-10-21,single name match
name-only,9007062,森川 龍誠,盛岡,,11894,森川 龍誠,岩手,1988-08-29,single name match
name-only,9007063,古澤 慶太,山口,,15803,古澤 慶太,山口,1992-07-01,single name match
name-only,9007064,松本 圭介,盛岡,,11886,松本 圭介,岩手,1988-06-17,single name match
name-only,9007065,斎藤 翔太,U-22選抜,,12123,斎藤 翔太,水戸,1996-12-07,single name match
name-only,9007066,植田 直通,U-22選抜,,11308,植田 直通,鹿島,1994-10-24,single name match
name-only,9007067,大島 僚太,U-22選抜,,10946,大島 僚太,川崎Ｆ,1993-01-23,single name match
name-only,9007068,喜田 拓也,U-22選抜,,11179,喜田 拓也,横浜FM,1994-08-23,single name match
name-only,9007069,髙 慶汰,盛岡,,12021,髙 慶汰,長野,1995-04-06,single name match
name-only,9007070,吉川 虎王達,盛岡,,18986,吉川 虎王達,岩手,1997-05-22,single name match
name-only,9007071,松下 泰士,盛岡,,8723,松下 泰士,岩手,1989-10-29,single name match
name-only,9007072,斎藤 広野,盛岡,,12038,斎藤 広野,岩手,1986-08-05,single name match
name-only,9007073,森田 真司,盛岡,,11887,森田 真司,岩手,1987-06-24,single name match
name-only,9007074,藤嶋 洸,盛岡,,11889,藤嶋 洸,岩手,1989-04-05,single name match
name-only,9007075,佐藤 幸大,盛岡,,11885,佐藤 幸大,岩手,1985-08-24,single name match
name-only,9000531,渡邉 綾平,鳥栖,,54730,渡邉 綾平,滋賀,2002-02-08,single name match
name-only,9000601,内山 圭,鳥栖,,10460,内山 圭,鳥栖,1993-07-19,single name match
name-only,9000602,田代 雅也,鳥栖,,19274,田代 雅也,福岡,1993-05-01,single name match
name-only,9000603,石原 広教,湘南,,19514,石原 広教,浦和,1999-02-26,single name match
name-only,9000604,永木 亮太,湘南,,8206,永木 亮太,いわき,1988-06-04,single name match
name-only,9000605,町野 修斗,湘南,,29346,町野 修斗,湘南,1999-09-30,single name match
name-only,9000606,タリク,湘南,,37531,タリク,湘南,1988-02-23,single name match
name-only,9000607,大谷 幸輝,札幌,,8409,大谷 幸輝,北九州,1989-04-08,single name match
name-only,9000608,島川 俊郎,鳥栖,,8774,島川 俊郎,相模原,1990-05-28,single name match
name-only,9000613,グスタボ ネスカウ,新潟,,49680,グスタボ ネスカウ,新潟,2000-03-12,single name match
name-only,9000615,林 幸多郎,横浜FC,,49564,林 幸多郎,町田,2000-11-16,single name match
name-only,9000617,渡邊 泰基,新潟,,29342,渡邊 泰基,横浜FM,1999-04-22,single name match
name-only,9000618,小柏 剛,札幌,,37818,小柏 剛,FC東京,1998-07-09,single name match
name-only,9000665,西山 大雅,横浜FC,,19550,西山 大雅,滋賀,1999-08-24,single name match
name-only,9007076,柏瀬 暁,U-22選抜,,10510,柏瀬 暁,清水,1993-06-01,single name match
name-only,9000680,小野 伸二,札幌,,4282,小野 伸二,札幌,1979-09-27,single name match
name-only,9007077,土遠 修平,盛岡,,11891,土遠 修平,岩手,1990-02-24,single name match
name-only,9007078,中西 哲也,盛岡,,11888,中西 哲也,岩手,1988-08-13,single name match
name-only,9007079,冨士田 康人,YS横浜,,49745,冨士田 康人,YS横浜,2000-12-16,single name match
name-only,9007080,大越 寛人,YS横浜,,19625,大越 寛人,YS横浜,2000-09-19,single name match
name-only,9007081,藤島 樹騎也,YS横浜,,54839,藤島 樹騎也,YS横浜,1996-08-26,single name match
name-only,9007082,端野 拓馬,YS横浜,,54724,端野 拓馬,YS横浜,2002-02-18,single name match
name-only,9007083,ルクマン ハキム,YS横浜,,54757,ルクマン ハキム,YS横浜,2002-03-05,single name match
name-only,9007084,大竹 悠聖,YS横浜,,39207,大竹 悠聖,YS横浜,2000-07-13,single name match
name-only,9007086,田原 廉登,YS横浜,,49574,田原 廉登,YS横浜,2001-01-08,single name match
name-only,9007087,ロリス ティネッリ,YS横浜,,49334,ロリス ティネッリ,YS横浜,1999-02-02,single name match
name-only,9007088,中村 海渡,YS横浜,,45080,中村 海渡,YS横浜,2001-03-01,single name match
name-only,9007089,カルロス アローヨ,YS横浜,,49766,カルロス アローヨ,YS横浜,2001-02-10,single name match
name-only,9007090,沼田 皇海,YS横浜,,49576,沼田 皇海,YS横浜,2000-09-03,single name match
name-only,9007091,坂本 順平,YS横浜,,49578,坂本 順平,YS横浜,2001-02-13,single name match
name-only,9007093,韓 勇岐,YS横浜,,45083,韓 勇岐,YS横浜,2000-03-27,single name match
name-only,9007094,薄井 覇斗,松本,,44989,薄井 覇斗,千葉,1999-07-11,single name match
name-only,9007095,藤野 心魂,相模原,,45636,藤野 心魂,相模原,2005-06-07,single name match
name-only,9000446,児玉 剛,東京,,7386,児玉 剛,名古屋,1987-12-28,single name match
name-only,9000406,藤川 虎太朗,磐田,,19678,藤川 虎太朗,長野,1998-07-24,single name match
name-only,9000410,森谷 賢太郎,鳥栖,,7952,森谷 賢太郎,鳥栖,1988-09-21,single name match
name-only,9000411,岡田 大和,札幌,,49710,岡田 大和,札幌,2001-06-17,single name match
name-only,9000532,川﨑 一輝,磐田,,37501,川﨑 一輝,磐田,1997-11-08,single name match
name-only,9000412,田中 宏武,札幌,,39209,田中 宏武,札幌,1999-04-15,single name match
name-only,9000413,原 康介,札幌,,54841,原 康介,札幌,2005-08-03,single name match
name-only,9000415,遠藤 凌,新潟,,37947,遠藤 凌,いわき,1998-07-06,single name match
name-only,9000423,阿波加 俊太,札幌,,11029,阿波加 俊太,札幌,1995-02-07,single name match
name-only,9000424,家泉 怜依,札幌,,44967,家泉 怜依,札幌,2000-01-20,single name match
name-only,9000427,日野 翔太,鳥栖,,50486,日野 翔太,愛媛,2002-10-16,single name match
name-only,9000428,堺屋 佳介,鳥栖,,49772,堺屋 佳介,鳥栖,2005-05-07,single name match
name-only,9000430,髙尾 瑠,札幌,,32277,髙尾 瑠,札幌,1996-11-09,single name match
name-only,9000431,大森 真吾,札幌,,49607,大森 真吾,札幌,2001-02-09,single name match
name-only,9000433,コ ボンジョ,鳥栖,,49615,コ ボンジョ,富山,2002-02-15,single name match
name-only,9000434,森岡 陸,磐田,,19487,森岡 陸,磐田,1998-11-20,single name match
name-only,9000435,ブルーノ ジョゼ,磐田,,54777,ブルーノ ジョゼ,磐田,1998-03-31,single name match
name-only,9000436,藤原 健介,磐田,,45011,藤原 健介,磐田,2003-12-21,single name match
name-only,9000438,馬渡 洋樹,湘南,,23176,馬渡 洋樹,東京Ｖ,1994-08-16,single name match
name-only,9000486,杉本 光希,磐田,,32482,杉本 光希,北九州,2001-08-17,single name match
name-only,9000487,河田 篤秀,鳥栖,,23215,河田 篤秀,高知,1992-09-18,single name match
name-only,9000522,アマドゥ バカヨコ,札幌,,61013,アマドゥ バカヨコ,札幌,1996-01-01,single name match
name-only,9000525,今津 佑太,鳥栖,,29372,今津 佑太,鳥栖,1995-07-08,single name match
name-only,9000526,角 昂志郎,磐田,,32520,角 昂志郎,磐田,2002-08-13,single name match
name-only,9000527,フランシス カン,札幌,,60474,フランシス カン,札幌,1998-02-07,single name match
name-only,9000529,深井 一希,札幌,,11327,深井 一希,札幌,1995-03-11,single name match
name-only,9000534,高木 駿,札幌,,8385,高木 駿,札幌,1989-05-22,single name match
name-only,9000624,山本 脩斗,湘南,,10142,山本 脩斗,湘南,1985-06-01,single name match
name-only,9000625,ミラン トゥチッチ,札幌,,44325,ミラン トゥチッチ,札幌,1996-08-15,single name match
name-only,9000721,ガブリエル シャビエル,札幌,,23493,ガブリエル シャビエル,岡山,1993-07-15,single name match
name-only,9007092,橋本 恭輔,YS横浜,,45090,橋本 恭輔,YS横浜,1998-05-02,single name match
name-only,9000729,山本 義道,磐田,,29311,山本 義道,金沢,1995-07-25,single name match
name-only,9000730,大井 健太郎,磐田,,7198,大井 健太郎,磐田,1984-05-14,single name match
name-only,9000731,山本 康裕,磐田,,8280,山本 康裕,松本,1989-10-29,single name match
name-only,9000732,遠藤 保仁,磐田,,4381,遠藤 保仁,磐田,1980-01-28,single name match
name-only,9000733,大森 晃太郎,磐田,,9946,大森 晃太郎,讃岐,1992-04-28,single name match
name-only,9000734,黒川 淳史,磐田,,15900,黒川 淳史,甲府,1998-02-04,single name match
name-only,9000735,梶川 裕嗣,磐田,,11992,梶川 裕嗣,鹿島,1991-07-26,single name match
name-only,9000736,大津 祐樹,磐田,,9747,大津 祐樹,磐田,1990-03-24,single name match
name-only,9000737,ファビアン ゴンザレス,磐田,,37991,ファビアン ゴンザレス,湘南,1992-11-23,single name match
name-only,9000762,梶谷 政仁,鳥栖,,45020,梶谷 政仁,徳島,2000-03-09,single name match
name-only,9000763,古林 将太,湘南,,9439,古林 将太,福島,1991-05-11,single name match
name-only,9000771,ドウグラス オリヴェイラ,札幌,,37664,ドウグラス オリヴェイラ,岩手,1995-01-16,single name match
name-only,9000774,福島 隼斗,湘南,,32294,福島 隼斗,湘南,2000-04-26,single name match
name-only,9000775,原 直生,湘南,,37674,原 直生,湘南,2003-07-22,single name match
name-only,9000782,吉長 真優,磐田,,37574,吉長 真優,北九州,2002-03-20,single name match
name-only,9000783,蓑田 広大,湘南,,38055,蓑田 広大,湘南,1999-08-10,single name match
name-only,9000785,アレクセイ コシェレフ,磐田,,39608,アレクセイ コシェレフ,磐田,1993-11-19,single name match
name-only,9000788,ジョアン オマリ,鳥栖,,29560,ジョアン オマリ,鳥栖,1988-08-19,single name match
name-only,9000794,檀崎 竜孔,札幌,,32454,檀崎 竜孔,札幌,2000-05-31,single name match
name-only,9000797,相良 竜之介,鳥栖,,32699,相良 竜之介,仙台,2002-08-17,single name match
name-only,9000802,湯澤 洋介,鳥栖,,11362,湯澤 洋介,鳥栖,1990-12-31,single name match
name-only,9000806,福井 太智,鳥栖,,38047,福井 太智,鳥栖,2004-07-15,single name match
name-only,9000813,パク ゴヌ,鳥栖,,49303,パク ゴヌ,愛媛,2001-08-09,single name match
name-only,9000814,平瀬 大,鳥栖,,29440,平瀬 大,岐阜,2001-03-28,single name match
name-only,9000815,八田 直樹,磐田,,6904,八田 直樹,磐田,1986-06-24,single name match
name-only,9000818,ベンマムン アミン,札幌,,39181,ベンマムン アミン,札幌,2004-10-21,single name match
name-only,9000833,前嶋 洋太,横浜FC,,19205,前嶋 洋太,福岡,1997-08-12,single name match
name-only,9000834,田代 真一,横浜FC,,7951,田代 真一,相模原,1988-06-26,single name match
name-only,9000835,高木 友也,横浜FC,,37768,高木 友也,徳島,1998-05-23,single name match
name-only,9000836,齋藤 功佑,横浜FC,,19206,齋藤 功佑,東京Ｖ,1997-06-16,single name match
name-only,9000837,安永 玲央,横浜FC,,29424,安永 玲央,松本,2000-11-19,single name match
name-only,9000838,中村 俊輔,横浜FC,,1615,中村 俊輔,横浜FC,1978-06-24,single name match
name-only,9000839,クレーベ,横浜FC,,32463,クレーベ,横浜FC,1990-05-02,single name match
name-only,9000840,渡邉 千真,横浜FC,,10364,渡邉 千真,松本,1986-08-10,single name match
name-only,9000841,南 雄太,横浜FC,,4298,南 雄太,大宮,1979-09-30,single name match
name-only,9000842,伊野波 雅彦,横浜FC,,8633,伊野波 雅彦,横浜FC,1985-08-28,single name match
name-only,9000843,杉本 竜士,横浜FC,,10492,杉本 竜士,群馬,1993-06-01,single name match
name-only,9000844,松尾 佑介,横浜FC,,32610,松尾 佑介,浦和,1997-07-23,single name match
name-only,9000845,坂 圭祐,大分,,29317,坂 圭祐,栃木SC,1995-05-07,single name match
name-only,9000846,小出 悠太,大分,,23124,小出 悠太,甲府,1994-10-20,single name match
name-only,9000847,小林 裕紀,大分,,7787,小林 裕紀,大分,1988-10-18,single name match
name-only,9000848,野村 直輝,大分,,11864,野村 直輝,山口,1991-04-17,single name match
name-only,9000849,長谷川 雄志,大分,,32318,長谷川 雄志,長野,1996-12-06,single name match
name-only,9000850,髙澤 優也,大分,,32311,髙澤 優也,群馬,1997-02-19,single name match
name-only,9000851,渡邉 新太,大分,,23519,渡邉 新太,水戸,1995-08-05,single name match
name-only,9000852,刀根 亮輔,大分,,9546,刀根 亮輔,大分,1991-10-29,single name match
name-only,9000853,松本 怜,大分,,10867,松本 怜,大分,1988-02-25,single name match
name-only,9000854,町田 也真人,大分,,11121,町田 也真人,北九州,1989-12-19,single name match
name-only,9000855,下田 北斗,大分,,11943,下田 北斗,町田,1991-11-07,single name match
name-only,9000856,伊佐 耕平,大分,,11990,伊佐 耕平,大分,1991-11-23,single name match
name-only,9000857,長沢 駿,大分,,7860,長沢 駿,京都,1988-08-25,single name match
name-only,9000858,福岡 将太,徳島,,12001,福岡 将太,Ｇ大阪,1995-10-24,single name match
name-only,9000859,石井 秀典,徳島,,9696,石井 秀典,徳島,1985-09-23,single name match
name-only,9000860,吹ヶ 徳喜,徳島,,37557,吹ヶ 徳喜,徳島,1997-07-22,single name match
name-only,9000861,藤原 志龍,徳島,,23295,藤原 志龍,宮崎,2000-09-05,single name match
name-only,9000862,浜下 瑛,徳島,,29330,浜下 瑛,愛媛,1995-07-05,single name match
name-only,9000863,長谷川 徹,徳島,,7878,長谷川 徹,徳島,1988-12-11,single name match
name-only,9000864,安部 崇士,徳島,,37556,安部 崇士,宮崎,1997-07-15,single name match
name-only,9000865,藤田 征也,徳島,,7464,藤田 征也,徳島,1987-06-02,single name match
name-only,9000866,川上 エドオジョン 智慧,徳島,,23209,川上 エドオジョン 智慧,藤枝,1998-04-21,single name match
name-only,9000867,小西 雄大,徳島,,19424,小西 雄大,柏,1998-04-18,single name match
name-only,9000868,渡井 理己,徳島,,29292,渡井 理己,柏,1999-07-18,single name match
name-only,9000869,秋山 陽介,仙台,,23418,秋山 陽介,福島,1995-04-13,single name match
name-only,9000870,シマオ マテ,仙台,,32376,シマオ マテ,仙台,1988-06-23,single name match
name-only,9000871,アピアタウィア 久,仙台,,37765,アピアタウィア 久,京都,1998-10-18,single name match
name-only,9000872,蜂須賀 孝治,仙台,,11237,蜂須賀 孝治,秋田,1990-07-20,single name match
name-only,9000873,氣田 亮真,仙台,,37630,氣田 亮真,山形,1997-08-12,single name match
name-only,9000874,関口 訓充,仙台,,7699,関口 訓充,仙台,1985-12-26,single name match
name-only,9000875,皆川 佑介,仙台,,11906,皆川 佑介,山口,1991-10-09,single name match
name-only,9000876,小畑 裕馬,仙台,,23525,小畑 裕馬,福岡,2001-11-07,single name match
name-only,9000877,平岡 康裕,仙台,,8131,平岡 康裕,愛媛,1986-05-23,single name match
name-only,9000878,真瀬 拓海,仙台,,37708,真瀬 拓海,水戸,1998-05-03,single name match
name-only,9000879,松下 佳貴,仙台,,15944,松下 佳貴,藤枝,1994-03-03,single name match
name-only,9000880,石原 崇兆,仙台,,9805,石原 崇兆,金沢,1992-11-17,single name match
name-only,9000881,加藤 千尋,仙台,,37866,加藤 千尋,水戸,1998-12-12,single name match
name-only,9000882,赤﨑 秀平,仙台,,11444,赤﨑 秀平,仙台,1991-09-01,single name match
name-only,9000887,柴田 壮介,湘南,,23425,柴田 壮介,いわき,2001-05-26,single name match
name-only,9000888,石原 直樹,湘南,,7238,石原 直樹,湘南,1984-08-14,single name match
name-only,9000889,平松 昇,湘南,,37800,平松 昇,北九州,1998-11-26,single name match
name-only,9000890,三幸 秀稔,湘南,,11208,三幸 秀稔,大宮,1993-05-23,single name match
name-only,9000891,樋口 雄太,鳥栖,,32386,樋口 雄太,鹿島,1996-10-30,single name match
name-only,9000892,林 大地,鳥栖,,32697,林 大地,Ｇ大阪,1997-05-23,single name match
name-only,9000893,梁 勇基,鳥栖,,7849,梁 勇基,仙台,1982-01-07,single name match
name-only,9000894,石井 快征,鳥栖,,29439,石井 快征,琉球,2000-04-02,single name match
name-only,9000895,豊田 陽平,鳥栖,,7746,豊田 陽平,金沢,1985-04-11,single name match
name-only,9000919,鈴木 大誠,徳島,,23511,鈴木 大誠,奈良,1996-05-28,single name match
name-only,9000920,田向 泰輝,徳島,,11930,田向 泰輝,徳島,1992-03-24,single name match
name-only,9000921,富田 晋伍,仙台,,7009,富田 晋伍,仙台,1986-06-20,single name match
name-only,9000922,マギーニョ,横浜FC,,32337,マギーニョ,横浜FC,1992-01-06,single name match
name-only,9000923,福森 健太,大分,,19665,福森 健太,北九州,1994-07-04,single name match
name-only,9000924,小林 成豪,大分,,10763,小林 成豪,山口,1994-01-08,single name match
name-only,9000925,屋敷 優成,大分,,37745,屋敷 優成,大分,2003-10-18,single name match
name-only,9000926,中塩 大貴,横浜FC,,32602,中塩 大貴,相模原,1997-06-08,single name match
name-only,9000927,三浦 知良,横浜FC,,124,三浦 知良,福島,1967-02-26,single name match
name-only,9000929,内田 裕斗,鳥栖,,11210,内田 裕斗,仙台,1995-04-29,single name match
name-only,9000930,オリベイラ,湘南,,37868,オリベイラ,湘南,1998-01-25,team narrow-down
name-only,9000932,黒﨑 隼人,大分,,32455,黒﨑 隼人,FC大阪,1996-09-05,single name match
name-only,9000933,香川 勇気,大分,,15768,香川 勇気,富山,1992-07-02,single name match
name-only,9000934,高山 薫,大分,,8196,高山 薫,相模原,1988-07-08,single name match
name-only,9000935,韓 浩康,横浜FC,,19171,韓 浩康,仙台,1993-09-18,single name match
name-only,9000938,松浦 拓弥,横浜FC,,9145,松浦 拓弥,FC大阪,1988-12-21,single name match
name-only,9000940,杉森 考起,徳島,,11969,杉森 考起,栃木SC,1997-04-05,single name match
name-only,9000942,松本 大輔,鳥栖,,37685,松本 大輔,金沢,1998-09-10,single name match
name-only,9000944,中原 彰吾,仙台,,11323,中原 彰吾,相模原,1994-05-19,single name match
name-only,9000945,佐々木 匠,仙台,,12132,佐々木 匠,愛媛,1998-03-30,single name match
name-only,9000948,ジェイ,札幌,,15860,ジェイ,札幌,1982-05-07,single name match
name-only,9000950,西谷 和希,徳島,,19219,西谷 和希,栃木Ｃ,1993-10-05,single name match
name-only,9000951,エマヌエル オッティ,仙台,,39344,エマヌエル オッティ,仙台,1996-09-24,single name match
name-only,9000952,梅崎 司,湘南,,7800,梅崎 司,大分,1987-02-23,single name match
name-only,9000954,兒玉 澪王斗,鳥栖,,37688,兒玉 澪王斗,山口,2002-04-24,single name match
name-only,9000955,オフォエドゥ,鳥栖,,38036,オフォエドゥ,鳥栖,1992-11-12,single name match
name-only,9000957,ドゥシャン,徳島,,29554,ドゥシャン,徳島,1988-12-24,single name match
name-only,9000958,クリスティアン バトッキオ,徳島,,39399,クリスティアン バトッキオ,徳島,1992-02-10,single name match
name-only,9000959,佐藤 晃大,徳島,,10280,佐藤 晃大,徳島,1986-10-22,single name match
name-only,9000960,毛利 駿也,湘南,,29309,毛利 駿也,金沢,1995-04-10,single name match
name-only,9000961,照山 颯人,仙台,,32380,照山 颯人,長崎,2000-08-28,single name match
name-only,9000962,フォギーニョ,仙台,,39342,フォギーニョ,仙台,1992-06-15,single name match
name-only,9000964,カカ,徳島,,39607,カカ,徳島,1999-04-25,single name match
name-only,9000000,イェンギ,町田,,70909,テテ イェンギ,町田,2000-11-28,single name match
name-only,9000966,高橋 秀人,横浜FC,,10241,高橋 秀人,横浜FC,1987-10-17,single name match
name-only,9000971,弓場 将輝,大分,,37668,弓場 将輝,清水,2002-05-13,single name match
name-only,9000972,フェリペ カルドーゾ,仙台,,41100,フェリペ カルドーゾ,仙台,1998-10-04,single name match
name-only,9000973,古宿 理久,横浜FC,,37607,古宿 理久,YS横浜,2001-04-18,single name match
name-only,9000975,高橋 義希,鳥栖,,7720,高橋 義希,鳥栖,1985-05-14,single name match
name-only,9000979,ペレイラ,大分,,40767,ペレイラ,大分,1997-01-31,team narrow-down
name-only,9000980,ストイシッチ,仙台,,39343,ストイシッチ,町田,1997-09-25,single name match
name-only,9000983,西野 太陽,徳島,,37833,西野 太陽,栃木SC,2002-08-10,single name match
name-only,9000984,ウェリントン ジュニオール,湘南,,37934,ウェリントン ジュニオール,湘南,1993-06-08,single name match
name-only,9000986,カルフィン ヨン ア ピン,横浜FC,,11076,カルフィン ヨン ア ピン,岐阜,1986-07-18,single name match
name-only,9000989,フェリペ ヴィゼウ,横浜FC,,44317,フェリペ ヴィゼウ,横浜FC,1997-03-12,single name match
name-only,9000990,松澤 香輝,徳島,,11278,松澤 香輝,仙台,1992-04-03,single name match
name-only,9000992,野嶽 惇也,大分,,23146,野嶽 惇也,大分,1994-09-11,single name match
name-only,9000995,ムシャガ バケンガ,徳島,,44634,ムシャガ バケンガ,徳島,1992-08-08,single name match
name-only,9000997,和田 凌,鳥栖,,29431,和田 凌,鳥栖,1995-07-05,single name match
name-only,9000999,杉田 隼,横浜FC,,41106,杉田 隼,横浜FC,2004-01-09,single name match
name-only,9001000,内田 航平,徳島,,11108,内田 航平,栃木SC,1993-05-19,single name match
name-only,9001001,堀田 大暉,湘南,,23234,堀田 大暉,仙台,1994-10-05,single name match
name-only,9001002,大内 一生,横浜FC,,19456,大内 一生,広島,2000-09-08,single name match
name-only,9001003,中川 寛斗,湘南,,11382,中川 寛斗,大分,1994-11-03,single name match
name-only,9001007,道渕 諒平,仙台,,23123,道渕 諒平,仙台,1994-06-16,single name match
name-only,9001008,関 憲太郎,仙台,,9738,関 憲太郎,山口,1986-03-09,single name match
name-only,9001009,パラ,仙台,,37562,パラ,仙台,1995-08-23,single name match
name-only,9001010,金 正也,仙台,,10972,金 正也,藤枝,1988-05-17,single name match
name-only,9001011,田中 渉,仙台,,32378,田中 渉,山形,2000-09-23,single name match
name-only,9001016,ムン キョンゴン,大分,,23514,ムン キョンゴン,大分,1995-02-09,single name match
name-only,9001017,佐藤 和弘,大分,,8898,佐藤 和弘,甲府,1990-09-28,single name match
name-only,9001018,三平 和司,大分,,10140,三平 和司,甲府,1988-01-13,single name match
name-only,9001022,安 庸佑,鳥栖,,23508,安 庸佑,鳥栖,1991-08-10,single name match
name-only,9001023,趙 東建,鳥栖,,23290,趙 東建,鳥栖,1986-04-16,single name match
name-only,9001024,小林 祐三,鳥栖,,7685,小林 祐三,鳥栖,1985-11-15,single name match
name-only,9001039,佐藤 謙介,横浜FC,,8025,佐藤 謙介,山口,1989-01-19,single name match
name-only,9001040,松井 大輔,横浜FC,,2882,松井 大輔,YS横浜,1981-05-11,single name match
name-only,9001041,斉藤 光毅,横浜FC,,29425,斉藤 光毅,横浜FC,2001-08-10,single name match
name-only,9001043,星 キョーワァン,横浜FC,,37608,星 キョーワァン,高知,1997-06-25,single name match
name-only,9001044,竹重 安希彦,横浜FC,,10861,竹重 安希彦,相模原,1987-08-21,single name match
name-only,9001045,カウィン,札幌,,37707,カウィン,札幌,1990-01-26,single name match
name-only,9001046,レンゾ ロペス,鳥栖,,29359,レンゾ ロペス,鳥栖,1994-04-16,single name match
name-only,9001050,松田 天馬,湘南,,23503,松田 天馬,京都,1995-06-11,single name match
name-only,9001051,飯尾 竜太朗,仙台,,10052,飯尾 竜太朗,長崎,1991-01-30,single name match
name-only,9001052,アレクサンドレ ゲデス,仙台,,37566,アレクサンドレ ゲデス,新潟,1994-02-11,single name match
name-only,9001057,浜崎 拓磨,仙台,,23195,浜崎 拓磨,FC大阪,1993-02-17,single name match
name-only,9001060,前田 凌佑,大分,,11318,前田 凌佑,愛媛,1994-04-27,single name match
name-only,9001061,川﨑 裕大,横浜FC,,15801,川﨑 裕大,相模原,1992-08-20,single name match
name-only,9001062,パク ジョンス,鳥栖,,19247,パク ジョンス,鳥栖,1994-04-12,single name match
name-only,9001063,ドゥグラス オリベイラ,札幌,,37664,ドウグラス オリヴェイラ,岩手,1995-01-16,single name match
name-only,9001067,熊川 翔,横浜FC,,15888,熊川 翔,YS横浜,1997-04-02,single name match
name-only,9001068,草野 侑己,横浜FC,,32296,草野 侑己,山口,1996-07-21,single name match
name-only,9001070,早坂 良太,札幌,,10873,早坂 良太,札幌,1985-09-19,single name match
name-only,9001072,レアンドロ ドミンゲス,横浜FC,,10880,レアンドロ ドミンゲス,横浜FC,1983-08-24,single name match
name-only,9001074,藤村 怜,札幌,,23378,藤村 怜,群馬,1999-05-26,single name match
name-only,9001076,イバ,横浜FC,,19366,イバ,大宮,1985-05-21,single name match
name-only,9001078,瀬沼 優司,横浜FC,,11266,瀬沼 優司,相模原,1990-09-01,single name match
name-only,9001080,兵藤 慎剛,仙台,,9701,兵藤 慎剛,相模原,1985-07-29,single name match
name-only,9001084,小手川 宏基,大分,,8255,小手川 宏基,松本,1989-09-12,single name match
name-only,9001085,岩下 敬輔,鳥栖,,8134,岩下 敬輔,鳥栖,1986-09-24,single name match
name-only,9001086,後藤 雅明,湘南,,23181,後藤 雅明,長崎,1994-05-24,single name match
name-only,9001089,イサック クエンカ,仙台,,32459,イサック クエンカ,仙台,1991-04-27,single name match
name-only,9001091,金 珉浩,鳥栖,,32426,金 珉浩,相模原,2000-01-26,single name match
name-only,9001092,石川 直樹,札幌,,6728,石川 直樹,札幌,1985-09-13,single name match
name-only,9001094,ウーゴ ヴィエイラ,札幌,,23233,ウーゴ ヴィエイラ,札幌,1988-07-25,single name match
name-only,9001103,ニノ ガロヴィッチ,鳥栖,,32425,ニノ ガロヴィッチ,鳥栖,1992-07-06,single name match
name-only,9001104,藤田 優人,鳥栖,,10379,藤田 優人,甲府,1986-05-08,single name match
name-only,9001105,カルロ ブルシッチ,鳥栖,,32470,カルロ ブルシッチ,鳥栖,1992-04-17,single name match
name-only,9001106,フェルナンド トーレス,鳥栖,,29544,フェルナンド トーレス,鳥栖,1984-03-20,single name match
name-only,9001107,安在 和樹,鳥栖,,11374,安在 和樹,東京Ｖ,1994-08-07,single name match
name-only,9001108,谷口 博之,鳥栖,,6712,谷口 博之,鳥栖,1985-06-27,single name match
name-only,9001109,島屋 八徳,鳥栖,,15729,島屋 八徳,山口,1989-01-20,single name match
name-only,9001120,シュミット ダニエル,仙台,,10923,シュミット ダニエル,名古屋,1992-02-03,single name match
name-only,9001121,ハモン ロペス,仙台,,12164,ハモン ロペス,仙台,1989-08-07,single name match
name-only,9001122,阿部 拓馬,仙台,,10853,阿部 拓馬,琉球,1987-12-05,single name match
name-only,9001129,ティティパン,大分,,32461,ティティパン,大分,1993-09-01,single name match
name-only,9001130,丸谷 拓也,大分,,9721,丸谷 拓也,大分,1989-05-30,single name match
name-only,9001131,馬場 賢治,大分,,9697,馬場 賢治,鹿児島,1985-07-07,single name match
name-only,9001132,カミンスキー,磐田,,15760,カミンスキー,磐田,1990-11-26,single name match
name-only,9001133,高橋 祥平,磐田,,9461,高橋 祥平,松本,1991-10-27,single name match
name-only,9001134,ロドリゲス,磐田,,32391,ロドリゲス,磐田,1995-06-20,team narrow-down
name-only,9001136,石田 崚真,磐田,,15935,石田 崚真,岐阜,1996-06-21,single name match
name-only,9001137,ムサエフ,磐田,,23198,ムサエフ,磐田,1989-01-02,single name match
name-only,9001138,中野 誠也,磐田,,23483,中野 誠也,八戸,1995-07-23,single name match
name-only,9001139,川又 堅碁,磐田,,8968,川又 堅碁,沼津,1989-10-14,single name match
name-only,9001140,橋内 優也,松本,,8649,橋内 優也,松本,1987-07-13,single name match
name-only,9001141,服部 康平,松本,,12070,服部 康平,岐阜,1991-04-04,single name match
name-only,9001142,岩上 祐三,松本,,11037,岩上 祐三,相模原,1989-07-28,single name match
name-only,9001143,藤田 息吹,松本,,11391,藤田 息吹,岡山,1991-01-30,single name match
name-only,9001144,村山 智彦,松本,,11328,村山 智彦,松本,1987-08-22,single name match
name-only,9001145,田中 隼磨,松本,,3124,田中 隼磨,松本,1982-07-31,single name match
name-only,9001146,今井 智基,松本,,9011,今井 智基,町田,1990-11-29,single name match
name-only,9001147,中美 慶哉,松本,,11865,中美 慶哉,松本,1991-09-23,single name match
name-only,9001148,安東 輝,松本,,11991,安東 輝,松本,1995-06-28,team narrow-down
name-only,9001149,高崎 寛之,松本,,9724,高崎 寛之,甲府,1986-03-17,single name match
name-only,9001157,秋元 陽太,湘南,,7663,秋元 陽太,愛媛,1987-07-11,single name match
name-only,9001158,フレイレ,湘南,,23292,フレイレ,岐阜,1989-08-21,single name match
name-only,9001159,秋野 央樹,湘南,,11263,秋野 央樹,福岡,1994-10-08,single name match
name-only,9001160,野田 隆之介,湘南,,10909,野田 隆之介,琉球,1988-09-28,single name match
name-only,9001162,菊地 俊介,湘南,,11999,菊地 俊介,愛媛,1991-10-04,single name match
name-only,9001167,小野田 将人,湘南,,32292,小野田 将人,岩手,1996-05-04,single name match
name-only,9001168,三丸 拡,鳥栖,,19258,三丸 拡,柏,1993-07-06,single name match
name-only,9001170,田口 泰士,磐田,,10354,田口 泰士,千葉,1991-03-16,single name match
name-only,9001171,エレン,磐田,,31507,エレン,磐田,1991-04-23,single name match
name-only,9001173,飯田 真輝,松本,,9031,飯田 真輝,松本,1985-09-15,single name match
name-only,9001174,岡野 洵,大分,,12179,岡野 洵,秋田,1997-12-09,single name match
name-only,9001175,レレウ,湘南,,32361,レレウ,岐阜,1993-03-05,single name match
name-only,9001176,鈴木 国友,湘南,,19653,鈴木 国友,栃木Ｃ,1995-07-03,single name match
name-only,9001177,常田 克人,仙台,,19264,常田 克人,相模原,1997-11-27,single name match
name-only,9001178,濱 大耀,札幌,,23187,濱 大耀,富山,1998-06-14,single name match
name-only,9001179,森下 俊,磐田,,6905,森下 俊,岩手,1986-05-11,single name match
name-only,9001180,宮阪 政樹,松本,,8402,宮阪 政樹,長野,1989-07-15,single name match
name-only,9001182,新井 光,湘南,,23375,新井 光,今治,1999-04-14,single name match
name-only,9001186,中山 仁斗,磐田,,12045,中山 仁斗,仙台,1992-02-06,single name match
name-only,9001190,ゴ ドンミン,松本,,23155,ゴ ドンミン,松本,1999-01-12,single name match
name-only,9001191,ビクトル イバルボ,鳥栖,,23319,ビクトル イバルボ,長崎,1990-05-19,single name match
name-only,9001192,田中 謙吾,松本,,11899,田中 謙吾,いわき,1989-12-30,single name match
name-only,9001195,那須川 将大,松本,,10380,那須川 将大,藤枝,1986-12-29,single name match
name-only,9001201,デュマス,湘南,,32362,デュマス,湘南,1995-03-13,single name match
name-only,9001203,宮崎 智彦,磐田,,7038,宮崎 智彦,福島,1986-11-21,single name match
name-only,9001208,山本 大貴,松本,,11936,山本 大貴,長野,1991-11-15,single name match
name-only,9001209,當間 建文,松本,,9142,當間 建文,岐阜,1989-03-21,single name match
name-only,9001211,針谷 岳晃,磐田,,23199,針谷 岳晃,福島,1998-10-15,single name match
name-only,9001212,浦田 延尚,松本,,9705,浦田 延尚,愛媛,1989-09-13,single name match
name-only,9001213,トカチ,湘南,,32652,トカチ,栃木SC,2000-10-26,single name match
name-only,9001215,高木 利弥,松本,,12158,高木 利弥,愛媛,1992-11-25,single name match
name-only,9001216,阪野 豊史,松本,,9063,阪野 豊史,今治,1990-06-04,single name match
name-only,9001217,ジオゴ アコスタ,仙台,,32655,ジオゴ アコスタ,仙台,1990-06-13,single name match
name-only,9001219,クリスラン,湘南,,23275,クリスラン,湘南,1992-03-13,single name match
name-only,9001220,嶋田 慎太郎,大分,,11440,嶋田 慎太郎,金沢,1995-12-05,single name match
name-only,9001222,エベシリオ,磐田,,32690,エベシリオ,磐田,1991-09-24,single name match
name-only,9001223,ファビオ,磐田,,11383,ファビオ,磐田,1989-02-28,team narrow-down
name-only,9001225,藤田 義明,磐田,,8121,藤田 義明,磐田,1983-01-12,single name match
name-only,9001227,山本 真希,松本,,7261,山本 真希,松本,1987-08-24,single name match
name-only,9001234,イズマ,松本,,32740,イズマ,松本,1991-06-25,single name match
name-only,9001237,板橋 洋青,鳥栖,,23563,板橋 洋青,愛媛,2001-08-11,single name match
name-only,9001238,キム ミンヒョク,鳥栖,,12028,キム ミンヒョク,鳥栖,1992-02-27,single name match
name-only,9001239,鄭 昇炫,鳥栖,,23497,チョン スンヒョン,鹿島,1994-04-03,single name match
name-only,9001240,辻 周吾,鳥栖,,19255,辻 周吾,愛媛,1997-07-21,single name match
name-only,9001241,水野 晃樹,鳥栖,,7769,水野 晃樹,岩手,1985-09-06,single name match
name-only,9001242,池田 圭,鳥栖,,10398,池田 圭,鳥栖,1986-10-20,single name match
name-only,9001252,ヘイス,札幌,,19284,ヘイス,新潟,1989-06-06,single name match
name-only,9000081,輪笠 祐士,岡山,,29343,輪笠 祐士,山口,1996-02-09,single name match
name-only,9001261,アンドレ バイア,湘南,,15800,アンドレ バイア,湘南,1983-11-24,single name match
name-only,9001262,アレン ステバノヴィッチ,湘南,,29323,アレン ステバノヴィッチ,湘南,1991-01-07,single name match
name-only,9001263,イ ジョンヒョプ,湘南,,29363,イ ジョンヒョプ,湘南,1991-06-24,single name match
name-only,9001264,石川 俊輝,湘南,,9592,石川 俊輝,大宮,1991-07-10,single name match
name-only,9001265,表原 玄太,湘南,,12026,表原 玄太,栃木Ｃ,1996-02-28,single name match
name-only,9001275,板倉 滉,仙台,,13982,板倉 滉,仙台,1997-01-27,single name match
name-only,9001276,菅井 直樹,仙台,,7286,菅井 直樹,仙台,1984-09-21,single name match
name-only,9001277,茂木 駿佑,仙台,,12128,茂木 駿佑,琉球,1996-10-02,single name match
name-only,9001278,ラファエルソン,仙台,,29374,ラファエルソン,仙台,1997-03-30,single name match
name-only,9001288,ギレルメ,磐田,,29294,ギレルメ,磐田,1988-02-05,single name match
name-only,9007096,高橋 輝,横浜FM,,49340,高橋 輝,横浜FM,2004-06-26,single name match
name-only,9001296,島村 毅,湘南,,9686,島村 毅,湘南,1985-08-10,single name match
name-only,9001297,ミキッチ,湘南,,10344,ミキッチ,湘南,1980-01-06,single name match
name-only,9007097,パトリッキ,水戸,,71460,パトリッキ,水戸,1998-09-05,single name match
name-only,9007098,梅津 龍之介,札幌,,71476,梅津 龍之介,札幌,2004-06-30,single name match
name-only,9007099,宮澤 樹,奈良,,69820,宮澤 樹,奈良,2003-05-12,single name match
name-only,9001301,太田 吉彰,磐田,,6282,太田 吉彰,磐田,1983-06-11,single name match
name-only,9007100,梅木 翔斗,鹿児島,,71386,梅木 翔斗,鹿児島,2004-10-06,single name match
name-only,9007101,宮本 流維,琉球,,38959,宮本 流維,琉球,2004-03-03,single name match
name-only,9007102,アデオラ デイビッド,愛媛,,71426,アデオラ デイビッド,愛媛,2007-06-26,single name match
name-only,9001305,河野 広貴,鳥栖,,8386,河野 広貴,東京Ｖ,1990-03-30,single name match
name-only,9000086,ムリロ コスタ,京都,,61016,ムリロ コスタ,京都,1994-10-31,single name match
name-only,9007103,鈴木 遼,金沢,,71472,鈴木 遼,金沢,2004-02-21,single name match
name-only,9001325,稲本 潤一,札幌,,1174,稲本 潤一,相模原,1979-09-18,single name match
name-only,9001326,内村 圭宏,札幌,,7213,内村 圭宏,札幌,1984-08-24,single name match
name-only,9007104,菊池 季汐,今治,,39176,菊池 季汐,今治,2003-09-29,single name match
name-only,9007105,向井 俊貴,横浜FC,,71384,向井 俊貴,横浜FC,2004-04-13,single name match
name-only,9007106,山口 豪太,湘南,,70151,山口 豪太,湘南,2007-04-24,single name match
name-only,9007107,大氏 凜州,いわき,,70836,大氏 凜州,いわき,2003-05-14,single name match
name-only,9007108,藤田 准也,岐阜,,70783,藤田 准也,岐阜,2007-07-26,single name match
name-only,9007109,徳差 優利,札幌,,71421,徳差 優利,札幌,2008-10-02,single name match
name-only,9007110,行友 祐翔,藤枝,,71465,行友 祐翔,藤枝,2007-02-06,single name match
name-only,9001334,岡﨑 亮平,湘南,,9763,岡﨑 亮平,秋田,1992-04-25,single name match
name-only,9007111,伊澤 璃来,鳥栖,,70924,伊澤 璃来,鳥栖,2009-07-29,single name match
name-only,9007112,外山 鉄馬,鹿児島,,71480,外山 鉄馬,鹿児島,2009-10-27,single name match
name-only,9001343,金久保 順,仙台,,10846,金久保 順,水戸,1987-07-26,single name match
name-only,9001353,菊地 直哉,札幌,,7450,菊地 直哉,福岡,1984-11-24,single name match
name-only,555698,久保 征一郎,水戸,,31518,久保 征一郎,藤枝,2001-06-22,single name match
name-only,9001371,増嶋 竜也,仙台,,7689,増嶋 竜也,千葉,1985-04-22,single name match
name-only,9001372,藤村 慶太,仙台,,11115,藤村 慶太,鹿児島,1993-09-02,single name match
name-only,9001373,平山 相太,仙台,,9079,平山 相太,仙台,1985-06-06,single name match
name-only,9001374,横山 知伸,札幌,,9692,横山 知伸,岐阜,1985-03-18,single name match
name-only,9001375,マセード,札幌,,19245,マセード,札幌,1987-05-08,single name match
name-only,9001376,石井 謙伍,札幌,,7311,石井 謙伍,札幌,1986-04-02,single name match
name-only,9001377,永坂 勇人,札幌,,11324,永坂 勇人,水戸,1994-05-22,single name match
name-only,9001378,河合 竜二,札幌,,2922,河合 竜二,札幌,1978-07-14,single name match
name-only,9001379,上原 慎也,札幌,,10381,上原 慎也,琉球,1986-09-29,single name match
name-only,9001381,矢野 貴章,新潟,,7200,矢野 貴章,栃木SC,1984-04-05,single name match
name-only,9001382,富澤 清太郎,新潟,,2963,富澤 清太郎,東京Ｖ,1982-07-08,single name match
name-only,9001383,加藤 大,新潟,,10849,加藤 大,栃木Ｃ,1991-05-07,single name match
name-only,9001384,成岡 翔,新潟,,7199,成岡 翔,藤枝,1984-05-31,single name match
name-only,9001385,ホニ,新潟,,23201,ホニ,新潟,1995-05-11,single name match
name-only,9001386,ソン ジュフン,新潟,,11996,ソン ジュフン,新潟,1994-01-13,single name match
name-only,9001387,前野 貴徳,新潟,,8964,前野 貴徳,愛媛,1988-04-14,single name match
name-only,9001388,本間 勲,新潟,,6167,本間 勲,新潟,1981-04-19,single name match
name-only,9001389,チアゴ ガリャルド,新潟,,23203,チアゴ ガリャルド,新潟,1989-07-20,single name match
name-only,9001390,鎌田 大地,鳥栖,,15765,鎌田 大地,鳥栖,1996-08-05,single name match
name-only,9001391,富山 貴光,鳥栖,,9610,富山 貴光,大宮,1990-12-26,single name match
name-only,9001392,赤星 拓,鳥栖,,8908,赤星 拓,徳島,1984-04-21,single name match
name-only,9001393,青木 剛,鳥栖,,5244,青木 剛,熊本,1982-09-28,single name match
name-only,9001394,小川 佳純,鳥栖,,9151,小川 佳純,新潟,1984-08-25,single name match
name-only,9001395,石川 啓人,鳥栖,,19509,石川 啓人,山口,1998-07-16,single name match
name-only,9001398,川辺 駿,磐田,,11405,川辺 駿,広島,1995-09-08,single name match
name-only,9001399,上田 康太,磐田,,6907,上田 康太,栃木SC,1986-05-09,single name match
name-only,9001400,齊藤 和樹,磐田,,10977,齊藤 和樹,岡山,1988-11-21,single name match
name-only,9001401,菊地 光将,大宮,,9693,菊地 光将,山口,1985-12-16,single name match
name-only,9001402,河本 裕之,大宮,,7751,河本 裕之,大宮,1985-09-04,single name match
name-only,9001403,大屋 翼,大宮,,7083,大屋 翼,鳥取,1986-08-13,single name match
name-only,9001405,加藤 順大,大宮,,6468,加藤 順大,京都,1984-12-11,single name match
name-only,9001406,渡部 大輔,大宮,,8465,渡部 大輔,相模原,1989-04-19,single name match
name-only,9001407,金澤 慎,大宮,,6788,金澤 慎,大宮,1983-09-09,single name match
name-only,9001408,ネイツ ペチュニク,大宮,,15759,ネイツ ペチュニク,栃木SC,1986-01-03,single name match
name-only,9001409,清水 慎太郎,大宮,,10932,清水 慎太郎,琉球,1992-08-23,single name match
name-only,9001414,岡 大生,甲府,,10967,岡 大生,栃木SC,1988-04-18,single name match
name-only,9001415,新井 涼平,甲府,,9005,新井 涼平,甲府,1990-11-03,single name match
name-only,9001416,山本 英臣,甲府,,2779,山本 英臣,甲府,1980-06-26,single name match
name-only,9001417,松橋 優,甲府,,9164,松橋 優,甲府,1985-03-22,single name match
name-only,9001418,小椋 祥平,甲府,,7759,小椋 祥平,甲府,1985-09-08,single name match
name-only,9001419,橋爪 勇樹,甲府,,11380,橋爪 勇樹,甲府,1990-08-10,single name match
name-only,9001420,ウイルソン,甲府,,11116,ウイルソン,甲府,1985-03-21,single name match
name-only,9001421,河本 明人,甲府,,11377,河本 明人,甲府,1990-05-01,single name match
name-only,9001422,田中 佑昌,甲府,,6857,田中 佑昌,富山,1986-02-03,single name match
name-only,9001423,岡西 宏祐,甲府,,11044,岡西 宏祐,藤枝,1990-07-17,single name match
name-only,9001424,曽根田 穣,甲府,,23125,曽根田 穣,愛媛,1994-08-29,single name match
name-only,9001425,土屋 征夫,甲府,,2184,土屋 征夫,京都,1974-07-31,single name match
name-only,9001426,保坂 一成,甲府,,2957,保坂 一成,甲府,1983-03-24,single name match
name-only,9001427,ガブリエル,甲府,,23139,ガブリエル,甲府,1996-02-15,team narrow-down
name-only,9001429,野沢 拓也,仙台,,3243,野沢 拓也,仙台,1981-08-12,single name match
name-only,9001430,横谷 繁,大宮,,7460,横谷 繁,愛媛,1987-05-03,single name match
name-only,9001431,ドラガン ムルジャ,大宮,,12147,ドラガン ムルジャ,湘南,1984-01-23,single name match
name-only,610448,真也加 チュイ 大夢,町田,,60953,真也加 チュイ 大夢,町田,2006-08-11,single name match
name-only,9001433,西村 竜馬,新潟,,10734,西村 竜馬,山形,1993-07-02,single name match
name-only,9001434,金園 英学,札幌,,10993,金園 英学,長野,1988-09-01,single name match
name-only,9001437,フランコ スブットーニ,鳥栖,,23297,フランコ スブットーニ,鳥栖,1989-05-06,single name match
name-only,9001438,河田 晃兵,甲府,,9273,河田 晃兵,甲府,1987-10-13,single name match
name-only,9001439,エデル リマ,甲府,,23138,エデル リマ,甲府,1986-02-05,single name match
name-only,9001440,太田 徹郎,鳥栖,,8251,太田 徹郎,山形,1989-07-02,single name match
name-only,9001442,阿部 翔平,甲府,,8696,阿部 翔平,甲府,1983-12-01,single name match
name-only,9001445,端山 豪,新潟,,10499,端山 豪,町田,1993-04-09,single name match
name-only,9001448,オリヴァー ボザニッチ,甲府,,23363,オリヴァー ボザニッチ,甲府,1989-01-08,single name match
name-only,9001449,山内 康太,甲府,,23366,山内 康太,甲府,1999-11-05,single name match
name-only,9001450,森 晃太,甲府,,19217,森 晃太,今治,1997-06-13,single name match
name-only,9000475,袴田 裕太郎,東京V,,32297,袴田 裕太郎,湘南,1996-06-24,single name match
name-only,9001452,中村 太亮,磐田,,9655,中村 太亮,岩手,1989-07-19,single name match
name-only,9001453,ロメロ フランク,新潟,,10954,ロメロ フランク,滋賀,1987-08-19,single name match
name-only,9001454,杉山 哲,札幌,,7704,杉山 哲,札幌,1981-06-26,single name match
name-only,9001455,森 俊介,新潟,,23214,森 俊介,奈良,1994-10-04,single name match
name-only,9001459,小島 雅也,仙台,,15874,小島 雅也,金沢,1997-11-09,single name match
name-only,9000553,若原 智哉,京都,,19448,若原 智哉,千葉,1999-12-28,single name match
name-only,9000554,荒木 大吾,京都,,10481,荒木 大吾,岐阜,1994-02-17,single name match
name-only,9001464,河面 旺成,大宮,,19639,河面 旺成,名古屋,1994-05-03,single name match
name-only,9001465,伊藤 優汰,新潟,,9852,伊藤 優汰,富山,1992-09-18,single name match
name-only,9000555,パウリーニョ,京都,,49252,パウリーニョ,京都,1998-06-26,team narrow-down
name-only,9001467,ジュニオール バホス,甲府,,23422,ジュニオール バホス,甲府,1993-04-19,single name match
name-only,9001468,酒井 高聖,新潟,,11493,酒井 高聖,新潟,1996-03-20,single name match
name-only,9001469,沼田 圭悟,大宮,,11183,沼田 圭悟,山口,1990-07-24,single name match
name-only,9001470,マルセロ トスカーノ,大宮,,23492,マルセロ トスカーノ,大宮,1985-05-12,single name match
name-only,9001471,大武 峻,新潟,,12091,大武 峻,宮崎,1992-11-24,single name match
name-only,9001473,熊谷 駿,甲府,,15794,熊谷 駿,甲府,1996-08-07,single name match
name-only,9001474,ヴィニシウス,仙台,,23510,ヴィニシウス,仙台,1995-01-26,team narrow-down
name-only,9000535,山根 視来,川崎F,,19176,山根 視来,川崎Ｆ,1993-12-22,single name match
name-only,9001476,ビリー,甲府,,23565,ビリー,甲府,1986-04-21,single name match
name-only,9001477,イ ユノ,仙台,,23370,イ ユノ,Ｇ大阪,1999-03-23,single name match
name-only,9001478,増川 隆洋,札幌,,7241,増川 隆洋,京都,1979-11-08,single name match
name-only,9001482,キム ドンス,大宮,,23501,キム ドンス,大宮,1995-02-21,single name match
name-only,9001484,森島 康仁,磐田,,8562,森島 康仁,藤枝,1987-09-18,single name match
name-only,9000598,山見 大登,G大阪,,44315,山見 大登,東京Ｖ,1999-08-16,single name match
name-only,9001495,崔 誠根,鳥栖,,11126,崔 誠根,岐阜,1991-07-28,single name match
name-only,9001496,金 民友,鳥栖,,10833,金 民友,鳥栖,1990-02-25,single name match
name-only,9001497,岡田 翔平,鳥栖,,8395,岡田 翔平,群馬,1989-04-29,single name match
name-only,9001498,小林 久晃,鳥栖,,6803,小林 久晃,鳥栖,1979-06-20,single name match
name-only,9001499,白 星東,鳥栖,,11176,白 星東,長崎,1991-08-13,single name match
name-only,351790,パトリッキ,水戸,,71460,パトリッキ,水戸,1998-09-05,single name match
name-only,9001511,藤田 祥史,湘南,,8628,藤田 祥史,秋田,1983-04-13,single name match
name-only,9001512,タンドウ ベラピ,湘南,,19168,タンドウ ベラピ,湘南,1987-04-17,single name match
name-only,9001513,キリノ,湘南,,10382,キリノ,鹿児島,1985-01-04,single name match
name-only,9001514,コルテース,新潟,,15840,コルテース,新潟,1987-03-11,single name match
name-only,9001515,林 裕煥,新潟,,7632,林 裕煥,東京Ｖ,1983-12-02,single name match
name-only,9001516,津田 琢磨,甲府,,7221,津田 琢磨,甲府,1980-10-04,single name match
name-only,9001517,ニウソン,甲府,,19220,ニウソン,甲府,1991-04-06,single name match
name-only,9001518,盛田 剛平,甲府,,1301,盛田 剛平,群馬,1976-07-13,single name match
name-only,9001520,杉浦 恭平,仙台,,9168,杉浦 恭平,金沢,1989-01-11,single name match
name-only,9001522,家長 昭博,大宮,,7093,家長 昭博,川崎Ｆ,1986-06-13,single name match
name-only,9001523,福田 俊介,大宮,,10390,福田 俊介,群馬,1986-04-17,single name match
name-only,9001524,播戸 竜二,大宮,,4334,播戸 竜二,琉球,1979-08-02,single name match
name-only,9001529,大竹 洋平,湘南,,8394,大竹 洋平,長崎,1989-05-02,single name match
name-only,9001530,岡本 知剛,鳥栖,,8875,岡本 知剛,熊本,1990-06-29,single name match
name-only,9000206,髙橋 大悟,町田,,29274,髙橋 大悟,北九州,1999-04-17,single name match
name-only,9001534,ビリー セレスキー,甲府,,19282,ビリー セレスキー,甲府,1985-07-14,single name match
name-only,9001537,差波 優人,仙台,,19265,差波 優人,八戸,1993-06-28,single name match
name-only,9001539,奈良輪 雄太,湘南,,7660,奈良輪 雄太,東京Ｖ,1987-08-29,single name match
name-only,9001542,増田 繁人,新潟,,10965,増田 繁人,秋田,1992-06-11,single name match
name-only,9000492,平 智広,東京V,,9253,平 智広,金沢,1990-05-10,single name match
name-only,9001544,高木 和道,磐田,,4499,高木 和道,磐田,1980-11-21,single name match
name-only,9001546,吉野 峻光,甲府,,11086,吉野 峻光,甲府,1989-04-24,single name match
name-only,9000493,永井 颯太,東京V,,44948,永井 颯太,熊本,1999-08-15,single name match
name-only,9001550,坪井 慶介,湘南,,6792,坪井 慶介,山口,1979-09-16,single name match
name-only,9001553,田中 勘太,仙台,,15924,田中 勘太,栃木Ｃ,1998-01-03,single name match
name-only,9001554,渡邉 将基,甲府,,10396,渡邉 将基,横浜FC,1986-12-02,single name match
name-only,9001555,チュカ,甲府,,19463,チュカ,甲府,1990-03-19,single name match
name-only,9001561,清水 貴文,磐田,,9898,清水 貴文,水戸,1992-06-30,single name match
name-only,9001562,榎本 滉大,仙台,,15915,榎本 滉大,金沢,1994-11-05,single name match
name-only,9000491,石川 慧,G大阪,,10988,石川 慧,清水,1992-09-30,single name match
name-only,9001568,黒河 貴矢,新潟,,4457,黒河 貴矢,新潟,1981-04-07,single name match
name-only,9001569,松原 健,新潟,,9887,松原 健,横浜FM,1993-02-16,single name match
name-only,9001570,石原 克哉,甲府,,5344,石原 克哉,甲府,1978-10-02,single name match
name-only,9001571,中村 祐輝,磐田,,11460,中村 祐輝,磐田,1987-06-04,single name match
name-only,9000186,古山 兼悟,C大阪,,52204,古山 兼悟,今治,2002-07-11,single name match
name-only,9001574,パパドプーロス,磐田,,19526,パパドプーロス,磐田,1984-12-03,single name match
name-only,9001575,ウェズレー,湘南,,19636,ウェズレー,湘南,1992-04-21,single name match
name-only,9001578,パブロ ジオゴ,仙台,,19644,パブロ ジオゴ,仙台,1992-12-18,single name match
name-only,9001579,マルキーニョス パラナ,甲府,,9146,マルキーニョス パラナ,甲府,1977-07-20,single name match
name-only,9001581,磯崎 敬太,鳥栖,,3195,磯崎 敬太,鳥栖,1980-11-17,single name match
name-only,9001583,ムスタファ エル カビル,鳥栖,,19666,ムスタファ エル カビル,鳥栖,1988-10-05,single name match
name-only,9001585,カリウ,新潟,,19451,カリウ,新潟,1996-04-10,single name match
name-only,9001586,アイメン タハール,鳥栖,,19675,アイメン タハール,鳥栖,1989-10-02,single name match
name-only,9000157,奥埜 博亮,C大阪,,8227,奥埜 博亮,湘南,1989-08-14,single name match
name-only,9001599,後藤 圭太,松本,,7068,後藤 圭太,相模原,1986-09-08,single name match
name-only,9001600,岩沼 俊介,松本,,9091,岩沼 俊介,長野,1988-06-02,single name match
name-only,9001601,岩間 雄大,松本,,11389,岩間 雄大,藤枝,1986-02-21,single name match
name-only,9001602,喜山 康平,松本,,7553,喜山 康平,北九州,1988-02-22,single name match
name-only,9001603,オビナ,松本,,15775,オビナ,松本,1983-01-31,single name match
name-only,9001604,池元 友樹,松本,,9166,池元 友樹,北九州,1985-03-27,single name match
name-only,9001605,鈴木 智幸,松本,,9729,鈴木 智幸,岩手,1985-12-20,single name match
name-only,9001606,坂井 達弥,松本,,11214,坂井 達弥,岩手,1990-11-19,single name match
name-only,9001607,鐡戸 裕史,松本,,9071,鐡戸 裕史,松本,1982-09-28,single name match
name-only,9001608,柴田 隆太朗,松本,,11422,柴田 隆太朗,松本,1992-11-25,single name match
name-only,9001609,塩沢 勝吾,松本,,8564,塩沢 勝吾,長野,1982-09-09,single name match
name-only,9001614,野田 紘史,甲府,,10150,野田 紘史,金沢,1986-08-17,single name match
name-only,9001615,ブルーノ ジバウ,甲府,,15786,ブルーノ ジバウ,甲府,1994-03-03,single name match
name-only,9001616,アドリアーノ,甲府,,10890,アドリアーノ,甲府,1982-01-21,team narrow-down
name-only,9001617,松本 大輝,甲府,,11940,松本 大輝,長崎,1991-05-29,single name match
name-only,9001618,ウィリアム エンリケ,甲府,,15788,ウィリアム エンリケ,甲府,1992-01-28,single name match
name-only,9001619,丹羽 竜平,鳥栖,,6713,丹羽 竜平,相模原,1986-01-13,single name match
name-only,9001620,清武 功暉,鳥栖,,8939,清武 功暉,琉球,1991-03-20,single name match
name-only,9001621,多々良 敦斗,仙台,,11102,多々良 敦斗,熊本,1987-06-23,single name match
name-only,9001622,武井 択也,仙台,,9732,武井 択也,松本,1986-01-25,single name match
name-only,9001623,山岸 範宏,山形,,6450,山岸 範宏,北九州,1978-05-17,single name match
name-only,9001624,山田 拓巳,山形,,9706,山田 拓巳,山形,1989-11-25,single name match
name-only,9001625,渡辺 広大,山形,,8130,渡辺 広大,群馬,1986-12-04,single name match
name-only,9001626,石川 竜也,山形,,5336,石川 竜也,山形,1979-12-25,single name match
name-only,9001627,アルセウ,山形,,9167,アルセウ,山形,1984-05-07,single name match
name-only,9001628,山﨑 雅人,山形,,7701,山﨑 雅人,群馬,1981-12-04,single name match
name-only,9001629,ディエゴ,山形,,8532,ディエゴ,山形,1984-03-22,single name match
name-only,9001630,伊東 俊,山形,,10836,伊東 俊,熊本,1987-10-29,single name match
name-only,9001631,西河 翔吾,山形,,7772,西河 翔吾,琉球,1983-07-01,single name match
name-only,9001632,宇佐美 宏和,山形,,7346,宇佐美 宏和,福島,1987-06-18,single name match
name-only,9001633,松岡 亮輔,山形,,6187,松岡 亮輔,藤枝,1984-10-23,single name match
name-only,9001634,林 陵平,山形,,6992,林 陵平,群馬,1986-09-08,single name match
name-only,9001635,萬代 宏樹,山形,,7698,萬代 宏樹,長野,1986-02-19,single name match
name-only,9001643,イ ホスン,湘南,,11008,イ ホスン,湘南,1989-12-21,single name match
name-only,9001644,キム ジョンピル,湘南,,11060,キム ジョンピル,徳島,1992-03-09,single name match
name-only,9001645,アリソン,湘南,,15771,アリソン,湘南,1995-12-01,team narrow-down
name-only,9001654,ブルーノ セザル,湘南,,15868,ブルーノ セザル,湘南,1986-03-22,single name match
name-only,9001655,舩津 徹也,山形,,10325,舩津 徹也,岐阜,1987-02-09,single name match
name-only,9001656,川西 翔太,山形,,10970,川西 翔太,讃岐,1988-10-28,single name match
name-only,9000390,鈴木 冬一,京都,,23494,鈴木 冬一,横浜FM,2000-05-30,single name match
name-only,9001658,棗 佑喜,松本,,10945,棗 佑喜,松本,1988-11-18,single name match
name-only,9001661,大久保 裕樹,松本,,7232,大久保 裕樹,千葉,1984-04-17,single name match
name-only,9001662,中島 大貴,鳥栖,,15872,中島 大貴,秋田,1995-01-17,single name match
name-only,9001663,菅沼 実,鳥栖,,6724,菅沼 実,熊本,1985-05-16,single name match
name-only,9001665,上本 大海,仙台,,6510,上本 大海,鹿児島,1982-06-01,single name match
name-only,9001667,高木 純平,山形,,3152,高木 純平,東京Ｖ,1982-09-01,single name match
name-only,9001668,可児 壮隆,湘南,,9218,可児 壮隆,奈良,1991-04-18,single name match
name-only,9001669,阿部 吉朗,松本,,7265,阿部 吉朗,松本,1980-07-05,single name match
name-only,9001671,ドリバ,松本,,15791,ドリバ,松本,1987-04-13,single name match
name-only,9001678,藤嶋 栄介,鳥栖,,11260,藤嶋 栄介,鹿児島,1992-01-31,single name match
name-only,9001683,バレー,甲府,,6636,バレー,甲府,1982-01-18,single name match
name-only,9001685,荒田 智之,松本,,9726,荒田 智之,長野,1985-10-03,single name match
name-only,9001686,日髙 慶太,山形,,11087,日髙 慶太,FC大阪,1990-02-19,single name match
name-only,9001689,瀬川 和樹,山形,,11286,瀬川 和樹,栃木SC,1990-04-25,single name match
name-only,9001690,村上 和弘,仙台,,5792,村上 和弘,仙台,1981-01-20,single name match
name-only,9001692,白井 裕人,松本,,11103,白井 裕人,金沢,1988-06-19,single name match
name-only,9001693,安藤 淳,松本,,8998,安藤 淳,京都,1984-10-08,single name match
name-only,9001694,西山 雄介,甲府,,15882,西山 雄介,YS横浜,1994-09-18,single name match
name-only,9001697,ウィリアン,松本,,15933,ウィリアンス,松本,1988-05-22,team narrow-down
name-only,9001698,田村 亮介,鳥栖,,11934,田村 亮介,奈良,1995-05-08,single name match
name-only,9001699,アモリン,湘南,,15951,アモリン,湘南,1990-02-28,single name match
name-only,9001700,マラニョン,甲府,,10153,マラニョン,甲府,1984-06-19,team narrow-down
name-only,9001702,中村 隼,山形,,9569,中村 隼,山形,1991-11-18,single name match
name-only,9001703,広瀬 健太,湘南,,9961,広瀬 健太,鹿児島,1992-06-26,single name match
name-only,9001714,呂 成海,鳥栖,,10835,ヨ ソンヘ,群馬,1987-08-06,single name match
name-only,9001715,小暮 大器,徳島,,11309,小暮 大器,岩手,1994-05-17,single name match
name-only,9001716,千代反田 充,徳島,,3141,千代反田 充,徳島,1980-06-01,single name match
name-only,9001718,濱田 武,徳島,,5902,濱田 武,徳島,1982-12-21,single name match
name-only,9001719,窪田 良,徳島,,9464,窪田 良,相模原,1991-04-08,single name match
name-only,9001720,衛藤 裕,徳島,,8627,衛藤 裕,富山,1983-10-17,single name match
name-only,9001721,大﨑 淳矢,徳島,,9319,大﨑 淳矢,富山,1991-04-02,single name match
name-only,9001722,津田 知宏,徳島,,7189,津田 知宏,長野,1986-05-06,single name match
name-only,9001723,福元 洋平,徳島,,7494,福元 洋平,山口,1987-04-12,single name match
name-only,9001724,青山 隼,徳島,,7530,青山 隼,徳島,1988-01-03,single name match
name-only,9001725,佐々木 一輝,徳島,,11316,佐々木 一輝,富山,1991-02-19,single name match
name-only,9001726,クレイトン ドミンゲス,徳島,,11997,クレイトン ドミンゲス,岐阜,1988-04-02,single name match
name-only,9001727,佐々木 翔,甲府,,11125,佐々木 翔,広島,1989-10-02,single name match
name-only,9001728,ジウシーニョ,甲府,,9714,ジウシーニョ,福岡,1984-04-04,single name match
name-only,9001730,マグリンチィ,仙台,,11960,マグリンチィ,仙台,1987-01-07,single name match
name-only,9001731,桜井 繁,仙台,,5296,桜井 繁,栃木SC,1979-06-29,single name match
name-only,9001732,石川 大徳,仙台,,10240,石川 大徳,相模原,1988-01-06,single name match
name-only,9001733,柳沢 敦,仙台,,2255,柳沢 敦,仙台,1977-05-27,single name match
name-only,9001734,金 珍洙,新潟,,11154,金 珍洙,新潟,1992-06-13,single name match
name-only,9001735,岡本 英也,新潟,,7454,岡本 英也,長野,1987-05-18,single name match
name-only,9001736,ホージェル ガウーショ,新潟,,11479,ホージェル ガウーショ,新潟,1986-03-30,single name match
name-only,9001741,清水 慶記,大宮,,9687,清水 慶記,群馬,1985-12-10,single name match
name-only,9001742,片岡 洋介,大宮,,8099,片岡 洋介,鳥取,1982-05-26,single name match
name-only,9001743,渡邉 大剛,大宮,,7267,渡邉 大剛,讃岐,1984-12-03,single name match
name-only,9001744,曺 永哲,大宮,,9476,曺 永哲,新潟,1989-05-31,single name match
name-only,9001745,ラドンチッチ,大宮,,9605,ラドンチッチ,大分,1983-08-02,single name match
name-only,9001746,北野 貴之,大宮,,7306,北野 貴之,鳥取,1982-10-04,single name match
name-only,9000663,柳澤 亘,G大阪,,32352,柳澤 亘,徳島,1996-06-28,single name match
name-only,9000485,鵜木 郁哉,柏,,32535,鵜木 郁哉,八戸,2001-07-04,single name match
name-only,9001754,宋 株熏,新潟,,11996,ソン ジュフン,新潟,1994-01-13,single name match
name-only,9001755,斉藤 大介,徳島,,5779,斉藤 大介,栃木SC,1980-08-29,single name match
name-only,9001758,鈴木 規郎,仙台,,6809,鈴木 規郎,仙台,1984-02-14,single name match
name-only,9001759,小島 秀仁,徳島,,11001,小島 秀仁,YS横浜,1992-07-30,single name match
name-only,9001760,花井 聖,徳島,,8371,花井 聖,富山,1989-11-10,single name match
name-only,9001762,ヴコヴィッチ,仙台,,12103,ヴコヴィッチ,仙台,1985-03-27,single name match
name-only,9001763,佐々木 勇人,仙台,,8135,佐々木 勇人,栃木SC,1982-11-29,single name match
name-only,9001764,坪内 秀介,新潟,,6815,坪内 秀介,群馬,1983-05-05,single name match
name-only,9000408,宇野 禅斗,町田,,45049,宇野 禅斗,清水,2003-11-20,single name match
name-only,9001769,江角 浩司,大宮,,6837,江角 浩司,富山,1978-12-18,single name match
name-only,9001770,李 栄直,徳島,,11315,李 栄直,岩手,1991-02-08,single name match
name-only,9001771,宮崎 光平,徳島,,5780,宮崎 光平,徳島,1981-02-06,single name match
name-only,9001772,藤原 広太朗,徳島,,8920,藤原 広太朗,北九州,1990-04-17,single name match
name-only,9001778,キム ジョンミン,徳島,,11032,キム ジョンミン,岩手,1992-08-11,single name match
name-only,9001779,金子 昌広,甲府,,11379,金子 昌広,奈良,1991-02-02,single name match
name-only,9001782,李 明載,新潟,,12150,李 明載,新潟,1993-11-04,single name match
name-only,9001783,ムルジャ,大宮,,12147,ドラガン ムルジャ,湘南,1984-01-23,single name match
name-only,9001787,趙 源熙,大宮,,10250,趙 源熙,大宮,1983-04-17,single name match
name-only,9001788,岸田 翔平,鳥栖,,8947,岸田 翔平,水戸,1990-04-03,single name match
name-only,9001789,エステバン,徳島,,11319,エステバン,徳島,1982-02-09,single name match
name-only,9001791,川田 修平,大宮,,11038,川田 修平,栃木SC,1994-04-05,single name match
name-only,9001792,高瀬 優孝,大宮,,11471,高瀬 優孝,秋田,1991-11-25,single name match
name-only,9001793,イルファン,甲府,,12072,イルファン,札幌,1988-08-11,single name match
name-only,9000422,一美 和成,京都,,15890,一美 和成,岡山,1997-11-10,single name match
name-only,9001799,廣瀬 智靖,徳島,,9750,廣瀬 智靖,徳島,1989-09-11,single name match
name-only,9001801,渡辺 泰広,新潟,,10138,渡辺 泰広,秋田,1992-10-04,single name match
name-only,9001804,梶川 諒太,湘南,,11059,梶川 諒太,藤枝,1989-04-17,single name match
name-only,9001805,エジバウド,湘南,,11378,エジバウド,湘南,1985-11-17,single name match
name-only,9001806,下村 東美,湘南,,7277,下村 東美,北九州,1980-12-18,single name match
name-only,9001809,川口 能活,磐田,,1651,川口 能活,相模原,1975-08-15,single name match
name-only,9001810,チョ ビョングク,磐田,,10992,チョ ビョングク,磐田,1981-07-01,single name match
name-only,9001811,ロニ,鳥栖,,11351,ロニ,鳥栖,1991-04-25,single name match
name-only,9001820,金 根煥,新潟,,10271,金 根煥,新潟,1986-08-12,single name match
name-only,9001821,ブルーノ ロペス,新潟,,10962,ブルーノ ロペス,山形,1986-08-19,single name match
name-only,9001822,田村 直也,仙台,,6248,田村 直也,東京Ｖ,1984-11-20,single name match
name-only,9001823,松下 年宏,仙台,,6784,松下 年宏,鹿児島,1983-10-17,single name match
name-only,9001824,井澤 惇,甲府,,8393,井澤 惇,徳島,1989-07-23,single name match
name-only,9001826,平本 一樹,甲府,,3171,平本 一樹,東京Ｖ,1981-08-18,single name match
name-only,9001832,若狭 大志,大分,,11157,若狭 大志,仙台,1989-07-24,single name match
name-only,9001833,安川 有,大分,,8266,安川 有,松本,1988-05-24,single name match
name-only,9001834,木村 祐志,大分,,8213,木村 祐志,鹿児島,1987-10-05,single name match
name-only,9001835,宮沢 正史,大分,,5275,宮沢 正史,岐阜,1978-04-24,single name match
name-only,9001836,チェ ジョンハン,大分,,10781,チェ ジョンハン,大分,1989-06-03,single name match
name-only,9001837,西 弘則,大分,,10334,西 弘則,讃岐,1987-02-25,single name match
name-only,9001838,阪田 章裕,大分,,9107,阪田 章裕,福島,1984-05-16,single name match
name-only,9001839,村井 慎二,大分,,1143,村井 慎二,大分,1979-12-01,single name match
name-only,9001840,小松 塁,大分,,8462,小松 塁,北九州,1983-08-29,single name match
name-only,9001841,高松 大樹,大分,,5923,高松 大樹,大分,1981-09-08,single name match
name-only,9001842,林 丈統,大分,,5781,林 丈統,大分,1980-10-14,single name match
name-only,9001849,ヘベルチ,仙台,,11088,ヘベルチ,仙台,1988-08-29,single name match
name-only,9001852,土岐田 洸平,大分,,9684,土岐田 洸平,町田,1986-03-16,single name match
name-only,9001853,古橋 達弥,湘南,,8044,古橋 達弥,湘南,1980-11-07,single name match
name-only,9001854,室 拓哉,鳥栖,,7673,室 拓哉,大分,1982-11-02,single name match
name-only,9001855,木島 悠,大分,,10360,木島 悠,大分,1986-05-18,single name match
name-only,9001856,クォン ハンジン,湘南,,11072,クォン ハンジン,熊本,1988-05-19,single name match
name-only,9001857,金沢 浄,磐田,,3361,金沢 浄,群馬,1976-07-09,single name match
name-only,9001858,田中 裕人,磐田,,8830,田中 裕人,秋田,1990-04-26,single name match
name-only,9001859,宮崎 泰右,大宮,,9822,宮崎 泰右,八戸,1992-05-05,single name match
name-only,9001860,ロドリゴ マンシャ,大分,,11424,ロドリゴ マンシャ,大分,1986-06-16,single name match
name-only,9001861,辻尾 真二,大分,,8967,辻尾 真二,相模原,1985-12-23,single name match
name-only,9001862,児玉 新,大分,,3000,児玉 新,大分,1982-10-08,single name match
name-only,9001863,内田 潤,新潟,,3391,内田 潤,新潟,1977-10-14,single name match
name-only,9001864,深谷 友基,大分,,7645,深谷 友基,愛媛,1982-08-01,single name match
name-only,9001865,キム ジョンヒョン,大分,,11159,キム ジョンヒョン,大分,1993-06-01,single name match
name-only,9001866,オルティゴサ,甲府,,11425,オルティゴサ,甲府,1987-04-01,single name match
name-only,9001867,小谷野 顕治,新潟,,7911,小谷野 顕治,鳥取,1988-06-22,single name match
name-only,9001868,荒堀 謙次,湘南,,10997,荒堀 謙次,讃岐,1988-07-31,single name match
name-only,9001871,永芳 卓磨,大分,,7190,永芳 卓磨,栃木SC,1986-04-18,single name match
name-only,9001872,猪狩 佑貴,湘南,,8061,猪狩 佑貴,福島,1988-04-07,single name match
name-only,9001873,河野 諒祐,湘南,,10785,河野 諒祐,相模原,1994-12-24,single name match
name-only,9001874,ペク ソンドン,磐田,,11176,白 星東,長崎,1991-08-13,single name match
name-only,9001876,船谷 圭祐,鳥栖,,6655,船谷 圭祐,水戸,1986-01-07,single name match
name-only,9001877,ジオゴ,仙台,,11069,ジオゴ,徳島,1983-04-08,single name match
name-only,9001878,伊東 輝悦,甲府,,267,伊東 輝悦,沼津,1974-08-31,single name match
name-only,9001879,ジョナサン,鳥栖,,11400,ジョナサン,大分,1994-08-14,single name match
name-only,9001880,鈴木 雄太,湘南,,8688,鈴木 雄太,群馬,1987-05-28,single name match
name-only,9001881,東口 順昭,新潟,,10139,東口 順昭,Ｇ大阪,1986-05-12,single name match
name-only,9001882,田村 翔太,湘南,,11381,田村 翔太,奈良,1995-02-04,single name match
name-only,9001883,村上 佑介,新潟,,9419,村上 佑介,長崎,1984-04-27,single name match
name-only,9001884,アレックス サンターナ,湘南,,11466,アレックス ムラーリャ,新潟,1989-11-10,single name match
name-only,9001885,ニルソン,鳥栖,,11461,ニルソン,鳥栖,1989-03-31,single name match
name-only,9001887,前田 尚輝,湘南,,11280,前田 尚輝,福島,1996-06-11,single name match
name-only,9001889,ニール,大宮,,11491,ニール,大宮,1978-03-09,single name match
name-only,9001890,ステボ,湘南,,11489,ステボ,湘南,1982-05-23,single name match
name-only,9001891,橋本 早十,大宮,,7642,橋本 早十,大宮,1981-09-15,single name match
name-only,9001892,山崎 凌吾,鳥栖,,11499,山﨑 凌吾,長崎,1992-09-20,single name match
name-only,9001894,内山 俊彦,仙台,,2161,内山 俊彦,仙台,1978-10-21,team narrow-down
name-only,9000906,トーマス フェルマーレン,神戸,,32684,トーマス フェルマーレン,神戸,1985-11-14,single name match
name-only,9000907,古橋 亨梧,神戸,,23254,古橋 亨梧,神戸,1995-01-20,single name match
name-only,9000908,増山 朝陽,神戸,,15779,増山 朝陽,町田,1997-01-29,single name match
name-only,9000909,田中 順也,神戸,,10770,田中 順也,岐阜,1987-07-15,single name match
name-only,9001904,キム クナン,鳥栖,,10271,金 根煥,新潟,1986-08-12,single name match
name-only,9001905,犬塚 友輔,鳥栖,,6285,犬塚 友輔,鳥栖,1983-12-13,single name match
name-only,9001906,國吉 貴博,鳥栖,,9124,國吉 貴博,富山,1988-05-28,single name match
name-only,9001907,トジン,鳥栖,,10528,トジン,鳥栖,1984-11-10,single name match
name-only,9001916,アラン ミネイロ,新潟,,11181,アラン ミネイロ,新潟,1987-09-29,single name match
name-only,9001917,小澤 英明,新潟,,18,小澤 英明,新潟,1974-03-17,single name match
name-only,9001918,金 永根,新潟,,11152,キム ヨングン,富山,1990-11-15,single name match
name-only,9001919,東 慶悟,大宮,,8948,東 慶悟,FC東京,1990-07-20,single name match
name-only,9001926,木暮 郁哉,新潟,,9663,木暮 郁哉,水戸,1989-06-28,single name match
name-only,9001930,ロドリゴ ソウト,磐田,,11063,ロドリゴ ソウト,磐田,1983-02-09,single name match
name-only,9001931,サッコーニ,仙台,,11184,サッコーニ,仙台,1987-04-10,single name match
name-only,9001933,小林 慶行,新潟,,3385,小林 慶行,新潟,1978-01-27,single name match
name-only,9001934,黒木 晃平,鳥栖,,10895,黒木 晃平,熊本,1989-07-31,single name match
name-only,9000953,アユブ マシカ,神戸,,39397,アユブ マシカ,神戸,1992-09-10,single name match
name-only,9000987,伊藤 元太,神戸,,32382,伊藤 元太,今治,2000-07-02,single name match
name-only,9001939,黒木 恭平,鳥栖,,11052,黒木 恭平,京都,1989-07-31,single name match
name-only,9001940,ミシェウ,新潟,,10265,ミシェウ,新潟,1982-01-21,single name match
name-only,9001941,市川 雅彦,大宮,,9683,市川 雅彦,大宮,1985-09-17,single name match
name-only,9001944,朴 柱成,仙台,,10357,朴 柱成,仙台,1984-02-20,single name match
name-only,9001947,原田 圭輔,仙台,,10995,原田 圭輔,町田,1988-06-11,single name match
name-only,9000996,櫻井 辰徳,神戸,,37852,櫻井 辰徳,鳥栖,2002-07-26,single name match
name-only,9001954,黄 誠秀,磐田,,10859,黄 誠秀,大分,1987-07-10,single name match
name-only,9001955,木下 高彰,磐田,,11177,木下 高彰,岩手,1993-06-11,single name match
name-only,9000914,マテウス,名古屋,,12173,マテウス カストロ,名古屋,1994-09-11,team narrow-down
name-only,9001962,ハン サンウン,磐田,,11251,ハン サンウン,磐田,1986-05-03,single name match
name-only,9000965,ダンクレー,C大阪,,32486,ダンクレー,Ｃ大阪,1992-01-24,single name match
name-only,9001038,渡部 博文,神戸,,10122,渡部 博文,山口,1987-07-07,single name match
name-only,9001971,木谷 公亮,鳥栖,,2078,木谷 公亮,岐阜,1978-10-09,single name match
name-only,9001056,藤谷 壮,神戸,,12120,藤谷 壮,滋賀,1997-10-28,single name match
name-only,9001087,吉丸 絢梓,神戸,,11988,吉丸 絢梓,福島,1996-03-27,single name match
name-only,9001030,鄭 大世,清水,,8648,鄭 大世,町田,1984-03-02,single name match
name-only,9001984,養父 雄仁,甲府,,8866,養父 雄仁,藤枝,1984-05-24,single name match
name-only,9001985,永里 源気,甲府,,7400,永里 源気,鳥取,1985-12-16,single name match
name-only,9001986,荒谷 弘樹,甲府,,1623,荒谷 弘樹,甲府,1975-08-06,single name match
name-only,9001987,冨田 大介,甲府,,3405,冨田 大介,水戸,1977-04-24,single name match
name-only,9001988,フジネイ,甲府,,10969,フジネイ,甲府,1984-10-07,single name match
name-only,9001989,イ ガンジン,磐田,,7945,イ ガンジン,町田,1986-04-25,single name match
name-only,9001990,パク チュホ,磐田,,10001,パク チュホ,磐田,1987-01-16,single name match
name-only,9001991,古賀 正紘,磐田,,2920,古賀 正紘,福岡,1978-09-08,single name match
name-only,9001994,曺 秉局,仙台,,10992,チョ ビョングク,磐田,1981-07-01,single name match
name-only,9001995,マックス,仙台,,11015,マックス,仙台,1984-05-03,single name match
name-only,9002002,酒井 高徳,新潟,,9080,酒井 高徳,神戸,1991-03-14,single name match
name-only,9002003,ジョン パウロ,新潟,,10924,ジョン パウロ,新潟,1985-02-22,team narrow-down
name-only,9002006,小林 亮,山形,,8114,小林 亮,群馬,1982-09-12,single name match
name-only,9002007,園田 拓也,山形,,9126,園田 拓也,今治,1984-11-23,single name match
name-only,9002008,秋葉 勝,山形,,6840,秋葉 勝,金沢,1984-02-19,single name match
name-only,9002009,佐藤 健太郎,山形,,9138,佐藤 健太郎,山口,1984-08-14,single name match
name-only,9002010,船山 祐二,山形,,9148,船山 祐二,東京Ｖ,1985-01-19,single name match
name-only,9002011,北村 知隆,山形,,6425,北村 知隆,山形,1982-05-27,single name match
name-only,9002012,宮沢 克行,山形,,5481,宮沢 克行,山形,1976-09-15,single name match
name-only,9002013,清水 健太,山形,,6094,清水 健太,讃岐,1981-09-18,single name match
name-only,9002014,宮本 卓也,山形,,5949,宮本 卓也,福岡,1983-07-08,single name match
name-only,9002015,前田 和哉,山形,,5119,前田 和哉,北九州,1982-09-08,single name match
name-only,9002016,大久保 哲哉,山形,,7244,大久保 哲哉,群馬,1980-03-09,single name match
name-only,9002028,杉山 新,大宮,,2789,杉山 新,岐阜,1980-07-25,single name match
name-only,9002029,藤本 主税,大宮,,2289,藤本 主税,熊本,1977-10-31,single name match
name-only,9002030,李 天秀,大宮,,10922,李 天秀,大宮,1981-07-09,single name match
name-only,9002037,長谷部 彩翔,新潟,,8554,長谷部 彩翔,新潟,1990-02-06,single name match
name-only,9002038,内田 智也,甲府,,6824,内田 智也,横浜FC,1983-07-10,single name match
name-only,9002039,片桐 淳至,甲府,,6789,片桐 淳至,甲府,1983-08-01,single name match
name-only,9002040,岡田 隆,磐田,,9143,岡田 隆,磐田,1984-04-10,single name match
name-only,9002046,細川 淳矢,仙台,,9072,細川 淳矢,今治,1984-06-24,single name match
name-only,9002047,岩﨑 陽平,新潟,,10918,岩﨑 陽平,岐阜,1987-03-24,single name match
name-only,9002048,大島 秀夫,新潟,,4305,大島 秀夫,北九州,1980-03-07,single name match
name-only,9002050,市川 大祐,甲府,,2836,市川 大祐,藤枝,1980-05-14,single name match
name-only,9002052,金 信泳,甲府,,9108,金 信泳,長野,1983-06-16,single name match
name-only,9002058,川島 大地,山形,,10401,川島 大地,北九州,1986-11-21,single name match
name-only,9002061,小池 悠貴,甲府,,10278,小池 悠貴,甲府,1986-04-18,single name match
name-only,9002062,金 珍圭,甲府,,8271,金 珍圭,岡山,1985-02-16,single name match
name-only,9001752,髙柳 一誠,神戸,,7086,髙柳 一誠,山口,1986-09-14,single name match
name-only,9002066,西 紀寛,磐田,,4455,西 紀寛,東京Ｖ,1980-05-09,single name match
name-only,9001753,田代 有三,神戸,,7596,田代 有三,Ｃ大阪,1982-07-22,single name match
name-only,9001785,キム ソンジュン,C大阪,,12145,キム ソンジュン,Ｃ大阪,1988-04-08,single name match
name-only,9001781,山越 享太郎,川崎F,,9263,山越 享太郎,栃木SC,1991-03-18,single name match
name-only,9002071,中野 圭,山形,,10771,中野 圭,今治,1988-01-21,single name match
name-only,9001747,ジェシ,川崎F,,11135,ジェシ,川崎Ｆ,1980-04-22,single name match
name-only,9002073,李 昊乗,札幌,,11008,イ ホスン,湘南,1989-12-21,single name match
name-only,9002074,ジェイド ノース,札幌,,11041,ジェイド ノース,札幌,1982-01-07,single name match
name-only,9002075,近藤 祐介,札幌,,7264,近藤 祐介,相模原,1984-12-05,single name match
name-only,9002076,岡本 賢明,札幌,,9090,岡本 賢明,熊本,1988-04-09,single name match
name-only,9002077,前田 俊介,札幌,,7090,前田 俊介,鳥取,1986-06-09,single name match
name-only,9002078,砂川 誠,札幌,,2332,砂川 誠,岐阜,1977-08-10,single name match
name-only,9002079,前 貴之,札幌,,10677,前 貴之,千葉,1993-09-16,single name match
name-only,9002080,榊 翔太,札幌,,10696,榊 翔太,長野,1993-08-03,single name match
name-only,9002081,高木 貴弘,札幌,,5930,高木 貴弘,相模原,1982-07-01,single name match
name-only,9002082,日高 拓磨,札幌,,6306,日高 拓磨,富山,1983-04-08,single name match
name-only,9002083,古田 寛幸,札幌,,9246,古田 寛幸,秋田,1991-05-23,single name match
name-only,9002084,三上 陽輔,札幌,,10668,三上 陽輔,秋田,1992-05-05,single name match
name-only,9002085,横野 純貴,札幌,,8352,横野 純貴,福島,1989-10-07,single name match
name-only,9002086,小山内 貴哉,札幌,,10679,小山内 貴哉,福島,1993-06-15,single name match
name-only,9001796,ジョルジ ワグネル,鹿島,,10999,ジョルジ ワグネル,鹿島,1978-11-17,single name match
name-only,9001901,近藤 岳登,神戸,,9136,近藤 岳登,水戸,1981-02-10,single name match
name-only,9001902,朴 康造,神戸,,4303,朴 康造,神戸,1980-01-24,single name match
name-only,9001903,吉田 孝行,神戸,,1151,吉田 孝行,神戸,1977-03-14,single name match
name-only,9001935,嘉味田 隼,神戸,,10068,嘉味田 隼,鳥取,1992-01-17,single name match
name-only,9002087,岡山 一成,札幌,,4267,岡山 一成,札幌,1978-04-24,single name match
name-only,9002088,芳賀 博信,札幌,,7639,芳賀 博信,札幌,1982-12-21,single name match
name-only,9002089,金 載桓,札幌,,11252,金 載桓,札幌,1988-05-27,single name match
name-only,9002090,ハモン,札幌,,11250,ハモン,札幌,1988-05-24,team narrow-down
name-only,9002091,テレ,札幌,,11253,テレ,札幌,1990-02-02,single name match
name-only,9002092,中山 雅史,札幌,,510,中山 雅史,沼津,1967-09-23,single name match
name-only,9002093,カレン ロバート,磐田,,7682,カレン ロバート,熊本,1985-06-07,single name match
name-only,9002094,エリゼウ,仙台,,9695,エリゼウ,徳島,1979-10-21,single name match
name-only,9002095,千葉 直樹,仙台,,2358,千葉 直樹,仙台,1977-07-24,single name match
name-only,9002096,一柳 夢吾,仙台,,6735,一柳 夢吾,群馬,1985-04-02,single name match
name-only,9002097,永井 篤志,仙台,,1913,永井 篤志,仙台,1974-12-23,single name match
name-only,9002098,フェルナンジーニョ,仙台,,7774,フェルナンジーニョ,鳥取,1981-01-13,single name match
name-only,9002099,レイナルド,仙台,,10888,レイナルド,仙台,1986-04-13,single name match
name-only,9002100,野澤 洋輔,湘南,,2523,野澤 洋輔,新潟,1979-11-09,single name match
name-only,9002101,ジャーン,湘南,,6814,ジャーン,湘南,1977-09-24,single name match
name-only,9002102,永田 亮太,湘南,,7119,永田 亮太,讃岐,1985-05-17,single name match
name-only,9002103,寺川 能人,湘南,,186,寺川 能人,湘南,1974-09-06,single name match
name-only,9002104,坂本 紘司,湘南,,2941,坂本 紘司,湘南,1978-12-03,single name match
name-only,9002105,田原 豊,湘南,,5151,田原 豊,横浜FC,1982-04-27,single name match
name-only,9002106,新居 辰基,湘南,,6826,新居 辰基,鳥栖,1983-12-22,single name match
name-only,9002107,伊藤 友彦,湘南,,4236,伊藤 友彦,湘南,1978-05-28,single name match
name-only,9002108,山口 貴弘,湘南,,9110,山口 貴弘,大分,1984-05-08,single name match
name-only,9002109,中村 祐也,湘南,,7356,中村 祐也,町田,1986-04-14,single name match
name-only,9002110,中山 元気,湘南,,5924,中山 元気,湘南,1981-09-15,single name match
name-only,9002123,中野 洋司,新潟,,8605,中野 洋司,栃木SC,1983-10-23,single name match
name-only,9002124,河原 和寿,新潟,,8074,河原 和寿,愛媛,1987-01-29,single name match
name-only,9002125,ファグネル,新潟,,10808,ファグネル,新潟,1990-08-24,single name match
name-only,9002141,マト,大宮,,10387,マト,大宮,1979-06-03,single name match
name-only,9002142,アン ヨンハ,大宮,,6847,安 英学,横浜FC,1978-10-25,single name match
name-only,9002145,金 永基,湘南,,9109,金 永基,長野,1985-01-24,single name match
name-only,9002146,萩原 達郎,仙台,,6488,萩原 達郎,愛媛,1982-08-06,single name match
name-only,9002147,臼井 幸平,湘南,,2623,臼井 幸平,栃木SC,1979-07-16,single name match
name-only,9002148,田村 雄三,湘南,,8103,田村 雄三,湘南,1982-12-07,single name match
name-only,9002149,小林 竜樹,湘南,,9685,小林 竜樹,群馬,1985-05-05,single name match
name-only,9002153,金井 大樹,新潟,,10897,金井 大樹,熊本,1987-12-08,single name match
name-only,9002155,キム ビョンスク,山形,,10370,キム ビョンスク,鳥栖,1985-09-17,single name match
name-only,9002157,ソ ヨンドク,大宮,,10768,ソ ヨンドク,富山,1989-09-10,single name match
name-only,9002158,ハン ドンウォン,山形,,10889,ハン ドンウォン,山形,1986-04-06,single name match
name-only,9002159,平瀬 智行,仙台,,2257,平瀬 智行,仙台,1977-05-23,single name match
name-only,9002161,小澤 雄希,湘南,,9741,小澤 雄希,讃岐,1983-10-04,single name match
name-only,9002162,アジエル,湘南,,6410,アジエル,湘南,1980-08-13,single name match
name-only,9002133,水谷 雄一,京都,,6028,水谷 雄一,富山,1980-05-26,single name match
name-only,9002134,郭 泰輝,京都,,10831,カク テヒ,京都,1981-07-08,single name match
name-only,9002135,中山 博貴,京都,,7735,中山 博貴,京都,1985-12-13,single name match
name-only,9002167,松本 拓也,湘南,,8187,松本 拓也,岐阜,1989-02-06,single name match
name-only,9002136,チエゴ,京都,,10830,チエゴ,京都,1986-07-22,single name match
name-only,9002169,木原 正和,大宮,,7528,木原 正和,福岡,1987-04-19,single name match
name-only,9002170,植村 慶,湘南,,7646,植村 慶,福島,1981-09-24,single name match
name-only,9002171,鈴木 伸貴,湘南,,9111,鈴木 伸貴,鳥取,1983-09-12,single name match
name-only,9002174,朴 成鎬,仙台,,10916,パク ソンホ,横浜FC,1982-07-27,single name match
name-only,9002176,バウド,湘南,,4252,バウド,名古屋,1964-01-12,single name match
name-only,9002137,鈴木 慎吾,京都,,5763,鈴木 慎吾,北九州,1978-03-20,single name match
name-only,9002178,明堂 和也,新潟,,9266,明堂 和也,富山,1986-04-04,single name match
name-only,9002179,三澤 純一,仙台,,9739,三澤 純一,仙台,1985-05-21,single name match
name-only,9002180,李 浩,大宮,,10791,李 浩,大宮,1984-10-22,single name match
name-only,9002138,平井 直人,京都,,2582,平井 直人,富山,1978-07-16,single name match
name-only,9002139,西野 泰正,京都,,6511,西野 泰正,讃岐,1982-09-14,single name match
name-only,9002140,金 成勇,京都,,10309,金 成勇,群馬,1987-02-26,single name match
name-only,9002151,楠瀬 章仁,神戸,,10362,楠瀬 章仁,松本,1986-12-04,single name match
name-only,9002156,加藤 弘堅,京都,,9656,加藤 弘堅,長野,1989-04-03,single name match
name-only,9002163,ハウバート ダン,京都,,10533,ハウバート ダン,京都,1987-07-29,single name match
name-only,9002172,中谷 勇介,京都,,2916,中谷 勇介,東京Ｖ,1978-09-22,single name match
name-only,9002173,我那覇 和樹,神戸,,5788,我那覇 和樹,讃岐,1980-09-26,single name match
name-only,9002112,平松 大志,東京,,8652,平松 大志,FC東京,1983-07-03,single name match
name-only,9007113,小林 柚希,大宮,,63016,小林 柚希,大宮,2008-04-13,single name match
name-only,9007114,加藤 佑太郎,高知,,70850,加藤 佑太郎,高知,2004-02-10,single name match
name-only,9007115,湯岑 滉生,岐阜,,70204,湯岑 滉生,岐阜,2004-03-12,single name match
name-only,9003199,ディド,札幌,,292,ハーフナー ディド,札幌,1957-09-26,single name match
name-only,9003200,梶野 智,札幌,,774,梶野 智,札幌,1965-11-09,single name match
name-only,9003201,木山 隆之,札幌,,1606,木山 隆之,水戸,1972-02-18,single name match
name-only,9003202,マラドーナ,札幌,,611,マラドーナ,札幌,1969-05-09,single name match
name-only,9003203,後藤 義一,札幌,,50,後藤 義一,横浜FC,1964-02-20,single name match
name-only,9003204,バウテル,札幌,,481,バウテル,山形,1968-10-21,single name match
name-only,9003205,バルデス,札幌,,847,バルデス,川崎Ｆ,1967-03-12,single name match
name-only,9003206,渡辺 卓,札幌,,1583,渡辺 卓,山形,1971-11-09,single name match
name-only,9003207,鳥居塚 伸人,札幌,,1199,鳥居塚 伸人,群馬,1972-08-07,single name match
name-only,9003208,アレサンドロ,磐田,,4265,アレサンドロ,磐田,1973-05-27,single name match
name-only,9003217,大久保 貴広,横浜F,,1798,大久保 貴広,横浜Ｆ,1974-04-29,single name match
name-only,9003232,氏家 英行,横浜F,,1133,氏家 英行,群馬,1979-02-23,single name match
name-only,9003235,原崎 政人,湘南,,420,原崎 政人,仙台,1974-08-13,single name match
name-only,9003048,エジーニョ・バイアーノ,京都,,6078,エジーニョ・バイアーノ,京都,1967-07-27,single name match
name-only,9003051,安部 雄大,神戸,,385,安部 雄大,神戸,1974-07-31,single name match
name-only,9003054,瀬沼 正和,神戸,,1469,瀬沼 正和,東京Ｖ,1978-09-07,single name match
name-only,9003056,武田 修宏,東京V,,122,武田 修宏,東京Ｖ,1967-05-10,single name match
name-only,9003240,レディアコフ,横浜F,,2317,レディアコフ,横浜Ｆ,1968-05-22,single name match
name-only,9003058,川口 正人,京都,,3082,川口 正人,新潟,1981-06-18,single name match
name-only,9003062,永島 昭浩,神戸,,331,永島 昭浩,神戸,1964-04-09,single name match
name-only,9003066,矢野 隼人,東京V,,6007,矢野 隼人,東京Ｖ,1980-10-29,single name match
name-only,9003070,キム トグン,東京V,,6391,金 都根,Ｃ大阪,1972-03-02,single name match
name-only,9003071,村主 博正,東京V,,2147,村主 博正,鳥栖,1976-07-29,single name match
name-only,9003210,ジュニオール,京都,,4336,ジュニオール,京都,1977-05-15,team narrow-down
name-only,9003211,栗田 泰次郎,京都,,34,栗田 泰次郎,水戸,1975-03-03,single name match
name-only,9003212,佐藤 昌吉,京都,,659,佐藤 昌吉,大宮,1971-04-09,single name match
name-only,9003213,吉田 達磨,京都,,402,吉田 達磨,山形,1974-06-09,single name match
name-only,9003251,時岡 宏昌,札幌,,1109,時岡 宏昌,札幌,1974-06-24,single name match
name-only,9003234,内藤 直樹,神戸,,238,内藤 直樹,神戸,1968-05-30,single name match
name-only,9003241,ラモス 瑠偉,東京V,,123,ラモス 瑠偉,東京Ｖ,1957-02-09,single name match
name-only,9003258,フットレ,横浜F,,4343,フットレ,横浜Ｆ,1966-02-28,single name match
name-only,9003252,窪田 龍二,神戸,,1862,窪田 龍二,神戸,1976-07-24,single name match
name-only,9003253,エドウィン,東京V,,2228,エドウィン,山形,1972-04-28,single name match
name-only,9003261,有馬 賢二,札幌,,1886,有馬 賢二,横浜FC,1972-11-26,single name match
name-only,9003256,矢野 マイケル,神戸,,2522,矢野 マイケル,鳥栖,1979-01-22,single name match
name-only,9003262,兼本 正光,神戸,,694,兼本 正光,神戸,1962-10-17,single name match
name-only,9003105,高田 哲也,湘南,,426,高田 哲也,湘南,1969-07-31,single name match
name-only,9003106,森山 佳郎,湘南,,369,森山 佳郎,湘南,1967-11-09,single name match
name-only,9003107,堀 孝史,湘南,,85,堀 孝史,湘南,1967-09-10,single name match
name-only,9003108,高田 保則,湘南,,2619,高田 保則,群馬,1979-02-22,single name match
name-only,9003109,川口 卓哉,湘南,,2030,川口 卓哉,札幌,1978-10-11,single name match
name-only,9003110,小松原 学,湘南,,3201,小松原 学,甲府,1981-04-02,single name match
name-only,9003119,平塚 次郎,湘南,,1227,平塚 次郎,湘南,1979-12-02,single name match
name-only,9003120,坂井 浩,湘南,,1867,坂井 浩,大分,1976-10-19,single name match
name-only,9003064,池田 伸康,川崎F,,110,池田 伸康,水戸,1970-05-18,single name match
name-only,9003147,貞富 信宏,湘南,,4313,貞富 信宏,横浜FC,1979-07-05,single name match
name-only,9003149,アジウソン,磐田,,2944,アジウソン,磐田,1968-03-16,single name match
name-only,9003152,レイバット,湘南,,6038,レイバット,湘南,1977-09-03,single name match
name-only,9003153,ジャイルトン,湘南,,6037,ジャイルトン,湘南,1974-01-30,single name match
name-only,9003154,ヒューズ,湘南,,6039,ヒューズ,湘南,1976-09-30,single name match
name-only,9003155,西本 竜洋,湘南,,5868,西本 竜洋,湘南,1980-04-29,single name match
name-only,9003163,ロベルト トーレス,磐田,,6057,ロベルト トーレス,磐田,1972-04-06,single name match
name-only,9002189,松浦 勇武,湘南,,10882,松浦 勇武,湘南,1991-08-12,single name match
name-only,9002190,チェ スンイン,湘南,,10893,チェ スンイン,湘南,1991-03-05,single name match
name-only,9002195,ディビッドソン 純マーカス,新潟,,7181,ディビッドソン 純マーカス,徳島,1983-06-07,single name match
name-only,9002202,森重 真人,大分,,8603,森重 真人,FC東京,1987-05-21,single name match
name-only,9002203,小林 宏之,大分,,7260,小林 宏之,大分,1980-04-18,single name match
name-only,9002205,ウェズレイ,大分,,6401,ウェズレイ,大分,1972-04-19,team narrow-down
name-only,9002206,下川 誠吾,大分,,2342,下川 誠吾,大分,1975-11-17,single name match
name-only,9002207,西山 哲平,大分,,1594,西山 哲平,大分,1975-02-22,single name match
name-only,9002208,住田 貴彦,大分,,10374,住田 貴彦,岩手,1991-03-12,single name match
name-only,9002220,茶野 隆行,磐田,,1887,茶野 隆行,千葉,1976-11-23,single name match
name-only,9002221,ロドリゴ,磐田,,10205,ロドリゴ,磐田,1980-10-06,team narrow-down
name-only,9002222,渡辺 匠,山形,,6071,渡辺 匠,福島,1982-03-15,single name match
name-only,9002223,財前 宣之,山形,,1873,財前 宣之,山形,1976-10-19,single name match
name-only,9002225,塚本 泰史,大宮,,9681,塚本 泰史,大宮,1985-07-04,single name match
name-only,9002226,村山 祐介,大宮,,2950,村山 祐介,大分,1981-06-10,single name match
name-only,9002227,斉藤 雅人,大宮,,1957,斉藤 雅人,大宮,1975-12-01,single name match
name-only,9002228,ラフリッチ,大宮,,10191,ラフリッチ,大宮,1981-06-12,single name match
name-only,9002238,梅田 高志,大分,,1261,梅田 高志,大分,1976-05-30,single name match
name-only,9002244,遠藤 大志,山形,,4441,遠藤 大志,山形,1980-03-31,single name match
name-only,9002245,松尾 直人,新潟,,4317,松尾 直人,湘南,1979-09-10,single name match
name-only,9002249,デニス マルケス,大宮,,9600,デニス マルケス,大宮,1981-02-22,single name match
name-only,9002251,パク ウォンジェ,大宮,,10389,パク ウォンジェ,大宮,1984-05-28,single name match
name-only,9002254,川辺 隆弥,大宮,,7993,川辺 隆弥,大宮,1988-12-22,single name match
name-only,9002255,ジャジャ,山形,,10458,ジャジャ,山形,1986-11-29,single name match
name-only,9002256,井上 裕大,大分,,8242,井上 裕大,町田,1989-05-30,single name match
name-only,9002260,木藤 健太,山形,,7709,木藤 健太,山形,1981-10-05,single name match
name-only,9002262,坂井 将吾,山形,,8687,坂井 将吾,山形,1988-01-28,single name match
name-only,9002265,鈴木 秀人,磐田,,433,鈴木 秀人,磐田,1974-10-07,single name match
name-only,9002270,木村 誠,山形,,4016,木村 誠,山形,1979-06-10,single name match
name-only,9002274,エヴェルトン サントス,新潟,,10779,エヴェルトン サントス,新潟,1986-10-14,single name match
name-only,9002277,吉原 慎也,磐田,,2124,吉原 慎也,柏,1978-04-19,single name match
name-only,9002279,崔 正漢,大分,,10781,チェ ジョンハン,大分,1989-06-03,single name match
name-only,9002282,池田 達哉,大分,,7996,池田 達哉,大分,1988-05-18,single name match
name-only,9002284,大畑 拓也,磐田,,8899,大畑 拓也,藤枝,1990-05-28,single name match
name-only,9002308,山崎 哲也,大分,,2167,山崎 哲也,大分,1978-07-25,single name match
name-only,9002310,佐藤 優也,札幌,,7743,佐藤 優也,熊本,1986-02-10,single name match
name-only,9002311,鄭 容臺,札幌,,6929,鄭 容臺,横浜FC,1978-02-04,single name match
name-only,9002312,西嶋 弘之,札幌,,6349,西嶋 弘之,北九州,1982-04-07,single name match
name-only,9002313,池内 友彦,札幌,,2256,池内 友彦,札幌,1977-11-01,single name match
name-only,9002314,吉弘 充志,札幌,,7631,吉弘 充志,東京Ｖ,1985-05-04,single name match
name-only,9002315,クライトン,札幌,,8045,クライトン,札幌,1978-01-25,single name match
name-only,9002317,河村 崇大,磐田,,1210,河村 崇大,東京Ｖ,1979-10-04,single name match
name-only,9002318,名波 浩,磐田,,1187,名波 浩,磐田,1972-11-28,single name match
name-only,9002329,田中 輝和,大宮,,7688,田中 輝和,鳥栖,1985-07-14,single name match
name-only,9002330,吉原 宏太,大宮,,1352,吉原 宏太,水戸,1978-02-02,single name match
name-only,9002331,アレッサンドロ,新潟,,9737,アレッサンドロ,京都,1982-03-02,single name match
name-only,9002337,森田 浩史,大宮,,6464,森田 浩史,甲府,1978-05-18,single name match
name-only,9002342,曽田 雄志,札幌,,5331,曽田 雄志,札幌,1978-07-05,single name match
name-only,9002343,柴田 慎吾,札幌,,7633,柴田 慎吾,群馬,1985-07-13,single name match
name-only,9002345,根本 裕一,大分,,3240,根本 裕一,千葉,1981-07-21,single name match
name-only,9002346,市原 大嗣,大分,,8611,市原 大嗣,鳥栖,1987-04-24,single name match
name-only,9002347,西谷 正也,札幌,,2082,西谷 正也,札幌,1978-09-16,single name match
name-only,9002351,ノナト,札幌,,9736,ノナト,札幌,1979-07-05,single name match
name-only,9002357,上里 一将,札幌,,7681,上里 一将,琉球,1986-03-13,single name match
name-only,9002361,海本 慶治,新潟,,2132,海本 慶治,新潟,1972-11-26,single name match
name-only,9002364,箕輪 義信,札幌,,5783,箕輪 義信,札幌,1976-06-02,single name match
name-only,9002365,西澤 淳二,札幌,,144,西澤 淳二,札幌,1974-05-10,single name match
name-only,9002370,桜井 直人,大宮,,1612,桜井 直人,大宮,1975-09-02,single name match
name-only,9002371,アウグスト,新潟,,8650,アウグスト,新潟,1983-11-20,team narrow-down
name-only,9002373,大塚 真司,札幌,,1654,大塚 真司,札幌,1975-12-29,single name match
name-only,9003073,菊池 利三,東京V,,142,菊池 利三,東京Ｖ,1973-06-17,single name match
name-only,9003077,リャン キュサ,東京V,,6398,リャン キュサ,東京Ｖ,1978-06-03,single name match
name-only,9002377,マイケル ジェームズ,新潟,,9703,舞行龍ジェームズ,新潟,1988-09-17,single name match
name-only,9003095,金 度勲,神戸,,4319,金 度勲,神戸,1970-07-21,single name match
name-only,9003100,ジュリオ,東京V,,5884,ジュリオ,東京Ｖ,1980-05-12,single name match
name-only,9003101,ジェフェルソン,東京V,,5879,ジェフェルソン,東京Ｖ,1978-02-28,team narrow-down
name-only,9003102,高木 琢也,東京V,,373,高木 琢也,札幌,1967-11-12,single name match
name-only,9003113,戸倉 健一郎,京都,,1620,戸倉 健一郎,湘南,1971-05-31,single name match
name-only,9003114,シーラス,京都,,4308,シーラス,京都,1965-08-27,single name match
name-only,9003116,川勝 博康,京都,,3298,川勝 博康,京都,1975-09-19,single name match
name-only,9003124,牧野 直樹,東京V,,3343,牧野 直樹,甲府,1976-11-11,single name match
name-only,9003129,本田 将也,京都,,2244,本田 将也,京都,1973-11-20,single name match
name-only,9003138,パウロ マギノ,京都,,5999,パウロ マギノ,京都,1979-06-23,single name match
name-only,9003142,飯尾 和也,東京V,,2708,飯尾 和也,松本,1980-04-10,single name match
name-only,9003160,パク カンジョ,京都,,4303,朴 康造,神戸,1980-01-24,single name match
name-only,9002386,阿部 謙作,甲府,,7220,阿部 謙作,甲府,1980-05-13,single name match
name-only,9002387,秋本 倫孝,甲府,,8167,秋本 倫孝,藤枝,1982-09-24,single name match
name-only,9002388,林 健太郎,甲府,,1943,林 健太郎,甲府,1972-08-29,single name match
name-only,9002389,藤田 健,甲府,,1209,藤田 健,甲府,1979-08-27,single name match
name-only,9002390,宇留野 純,甲府,,4328,宇留野 純,熊本,1979-10-23,single name match
name-only,9002391,鈴木 健太,甲府,,6709,鈴木 健太,相模原,1985-09-16,single name match
name-only,9002392,井上 雄幾,甲府,,1130,井上 雄幾,栃木SC,1977-10-31,single name match
name-only,9002393,池端 陽介,甲府,,4279,池端 陽介,富山,1979-06-07,single name match
name-only,9002394,アルベルト,甲府,,9130,アルベルト,甲府,1975-04-27,single name match
name-only,9002395,長谷川 太郎,甲府,,2422,長谷川 太郎,北九州,1979-08-17,single name match
name-only,9002396,ジュニオール マラニョン,大分,,9152,ジュニオール マラニョン,大分,1977-06-17,single name match
name-only,9002397,シルビーニョ,新潟,,32449,シルビーニョ,新潟,1990-07-01,team narrow-down
name-only,9002398,三田 光,新潟,,6096,三田 光,岐阜,1981-08-01,single name match
name-only,9002407,小野 智吉,横浜FC,,4312,小野 智吉,横浜FC,1979-08-12,single name match
name-only,9002408,小村 徳男,横浜FC,,156,小村 徳男,横浜FC,1969-09-06,single name match
name-only,9002409,山口 素弘,横浜FC,,203,山口 素弘,横浜FC,1969-01-29,single name match
name-only,9002410,藪田 光教,横浜FC,,1869,藪田 光教,岐阜,1976-05-02,single name match
name-only,9002411,奥 大介,横浜FC,,1643,奥 大介,横浜FC,1976-02-07,single name match
name-only,9002412,滝澤 邦彦,横浜FC,,2915,滝澤 邦彦,東京Ｖ,1978-04-20,single name match
name-only,9002413,小山 健二,横浜FC,,1086,小山 健二,横浜FC,1972-09-05,single name match
name-only,9002414,ジウマール シウバ,横浜FC,,9049,シウバ,東京Ｖ,1984-03-09,single name match
name-only,9002415,難波 宏明,横浜FC,,6508,難波 宏明,岐阜,1982-12-09,single name match
name-only,9002419,西村 卓朗,大宮,,6453,西村 卓朗,札幌,1977-08-15,single name match
name-only,9002420,エニウトン,大宮,,9100,エニウトン,大宮,1977-10-11,single name match
name-only,9002421,平岡 靖成,大宮,,1745,平岡 靖成,大宮,1972-03-13,single name match
name-only,9002422,若林 学,大宮,,8568,若林 学,栃木SC,1979-06-03,single name match
name-only,9002425,佐藤 洋平,磐田,,17,佐藤 洋平,磐田,1972-11-22,single name match
name-only,9002426,奥野 誠一郎,大宮,,228,奥野 誠一郎,大宮,1974-07-26,single name match
name-only,9002428,玉乃 淳,横浜FC,,6951,玉乃 淳,群馬,1984-06-19,single name match
name-only,9002433,プラチニ,大分,,9073,プラチニ,大分,1987-06-22,single name match
name-only,9002435,田森 大己,甲府,,5943,田森 大己,岐阜,1983-08-05,single name match
name-only,9002436,鶴田 達也,甲府,,3151,鶴田 達也,富山,1982-09-09,single name match
name-only,9002437,鶴見 智美,甲府,,5337,鶴見 智美,甲府,1979-10-12,single name match
name-only,9002438,鈴木 健太郎,甲府,,5869,鈴木 健太郎,甲府,1980-06-02,single name match
name-only,9002439,ジョジマール,甲府,,9060,ジョジマール,東京Ｖ,1987-08-16,single name match
name-only,9002441,根占 真伍,横浜FC,,6245,根占 真伍,熊本,1984-12-22,single name match
name-only,9002443,サーレス,大宮,,9332,サーレス,大宮,1978-03-01,team narrow-down
name-only,9002449,秋葉 陽一,横浜FC,,6156,秋葉 陽一,水戸,1983-11-23,single name match
name-only,9002451,岩丸 史也,横浜FC,,5227,岩丸 史也,群馬,1981-12-04,single name match
name-only,9003167,川村 淳一,神戸,,5768,川村 淳一,神戸,1980-06-24,single name match
name-only,9002453,大西 容平,甲府,,8168,大西 容平,富山,1982-10-30,single name match
name-only,9002460,坂井 洋平,横浜FC,,7071,坂井 洋平,相模原,1986-04-10,single name match
name-only,9002462,島田 裕介,大宮,,6074,島田 裕介,徳島,1982-01-19,single name match
name-only,9002463,奈須 伸也,甲府,,7173,奈須 伸也,岐阜,1978-12-29,single name match
name-only,9002464,吉野 智行,横浜FC,,3126,吉野 智行,鳥取,1980-07-09,single name match
name-only,9002465,山崎 光太郎,甲府,,2918,山崎 光太郎,甲府,1978-10-19,single name match
name-only,9002467,室井 市衛,横浜FC,,32,室井 市衛,横浜FC,1974-06-22,single name match
name-only,9002470,山田 卓也,横浜FC,,1942,山田 卓也,鳥栖,1974-08-24,single name match
name-only,9002472,チョ ヨンチョル,横浜FC,,9476,曺 永哲,新潟,1989-05-31,single name match
name-only,9002473,久野 純弥,甲府,,9120,久野 純弥,福島,1988-08-16,single name match
name-only,9002474,木村 勝太,甲府,,7956,木村 勝太,岩手,1988-10-17,single name match
name-only,9002478,オ ボムソク,横浜FC,,9601,オ ボムソク,横浜FC,1984-07-29,single name match
name-only,9002479,平野 孝,大宮,,305,平野 孝,大宮,1974-07-15,single name match
name-only,9002481,羽地 登志晃,甲府,,6413,羽地 登志晃,徳島,1978-08-28,single name match
name-only,9002482,岩倉 一弥,横浜FC,,7707,岩倉 一弥,東京Ｖ,1985-04-26,single name match
name-only,9002483,エンリケ,磐田,,9603,エンリケ,磐田,1985-05-16,team narrow-down
name-only,9002485,カタタウ,横浜FC,,9607,カタタウ,横浜FC,1986-03-01,single name match
name-only,9002486,柴崎 邦博,大宮,,9101,柴崎 邦博,栃木SC,1985-04-01,single name match
name-only,9002487,御厨 貴文,甲府,,9114,御厨 貴文,富山,1984-05-11,single name match
name-only,9002489,六車 拓也,新潟,,6170,六車 拓也,徳島,1984-06-13,single name match
name-only,9002499,アライール,甲府,,6769,アライール,愛媛,1982-01-27,single name match
name-only,9002500,ビジュ,甲府,,6018,ビジュ,水戸,1974-09-17,single name match
name-only,9002501,松下 太輔,甲府,,2801,松下 太輔,甲府,1981-10-31,single name match
name-only,9002502,堀井 岳也,甲府,,3970,堀井 岳也,甲府,1975-07-03,single name match
name-only,9002506,トゥーリオ,大分,,8541,トゥーリオ,大分,1976-04-25,team narrow-down
name-only,9002507,オズマール,大分,,8668,オズマール,大分,1980-03-27,team narrow-down
name-only,9002508,増田 忠俊,大分,,26,増田 忠俊,大分,1973-12-25,single name match
name-only,9002509,川田 和宏,大分,,8076,川田 和宏,秋田,1982-06-11,single name match
name-only,9002510,藤井 貴,磐田,,6908,藤井 貴,琉球,1986-04-28,single name match
name-only,9002531,海本 幸治郎,新潟,,2283,海本 幸治郎,東京Ｖ,1977-10-14,single name match
name-only,9002532,梅山 修,新潟,,664,梅山 修,新潟,1973-08-16,single name match
name-only,9002533,喜多 靖,新潟,,2942,喜多 靖,鳥取,1978-04-25,single name match
name-only,9002534,藤井 大輔,新潟,,7089,藤井 大輔,讃岐,1986-10-15,single name match
name-only,9002535,岡山 哲也,新潟,,297,岡山 哲也,新潟,1973-08-27,single name match
name-only,9002536,トニーニョ,大宮,,6474,トニーニョ,大宮,1977-12-21,team narrow-down
name-only,9002537,久永 辰徳,大宮,,2286,久永 辰徳,福岡,1977-12-23,single name match
name-only,9002538,マルティネス,大宮,,8632,マルティネス,大宮,1976-01-29,single name match
name-only,9002563,安藤 智安,大宮,,1941,安藤 智安,大宮,1974-05-23,single name match
name-only,9002564,松田 勉,甲府,,5986,松田 勉,甲府,1983-10-05,single name match
name-only,9002566,柴小屋 雄一,大分,,6838,柴小屋 雄一,大分,1983-06-16,single name match
name-only,9002581,グラウ,大宮,,6946,グラウ,大宮,1977-02-21,single name match
name-only,9002595,三上 和良,大宮,,4318,三上 和良,大宮,1975-08-29,single name match
name-only,9002600,諏訪 雄大,新潟,,7007,諏訪 雄大,長野,1986-05-05,single name match
name-only,9002604,青野 大介,新潟,,4578,青野 大介,愛媛,1979-09-19,single name match
name-only,9002609,中村 豪,磐田,,6903,中村 豪,愛媛,1986-11-29,single name match
name-only,9002621,クリスティアン,大宮,,8098,クリスティアン,大宮,1975-04-23,single name match
name-only,9002622,トゥット,大宮,,4350,トゥット,湘南,1978-07-02,single name match
name-only,9002623,崔 龍洙,磐田,,6515,崔 龍洙,磐田,1973-09-10,single name match
name-only,9002624,丸山 良明,新潟,,1085,丸山 良明,仙台,1974-10-12,single name match
name-only,9002625,アンデルソン リマ,新潟,,8082,アンデルソン リマ,新潟,1973-03-18,single name match
name-only,9002638,木島 良輔,大分,,4301,木島 良輔,讃岐,1979-05-29,single name match
name-only,9002643,横山 聡,大宮,,4538,横山 聡,湘南,1980-02-14,single name match
name-only,9002645,岡中 勇人,大分,,314,岡中 勇人,大分,1968-09-26,single name match
name-only,9002650,小森田 友明,大分,,6089,小森田 友明,北九州,1981-07-10,single name match
name-only,9002656,西野 晃平,大分,,8053,西野 晃平,岡山,1982-04-15,single name match
name-only,9002658,安藤 正裕,大宮,,1207,安藤 正裕,大宮,1972-04-02,single name match
name-only,9002667,高橋 直樹,新潟,,3334,高橋 直樹,新潟,1976-08-08,single name match
name-only,9002670,桑原 裕義,新潟,,1630,桑原 裕義,北九州,1971-10-02,single name match
name-only,9002671,鈴木 将太,大宮,,7227,鈴木 将太,湘南,1984-07-03,single name match
name-only,9002672,末岡 龍二,新潟,,6845,末岡 龍二,新潟,1979-05-22,single name match
name-only,9000450,小池 龍太,横浜FM,,15724,小池 龍太,鹿島,1995-08-29,single name match
name-only,9002680,ネット,新潟,,8524,ネット,新潟,1985-10-29,team narrow-down
name-only,9002681,山本 浩正,磐田,,4278,山本 浩正,愛媛,1979-06-05,single name match
name-only,9002691,サンドロ,大分,,48,サンドロ,大分,1973-05-19,team narrow-down
name-only,9002692,瀬戸 春樹,大分,,2350,瀬戸 春樹,柏,1978-03-14,single name match
name-only,9002693,リチャード ビチュヘ,大分,,7773,リチャード ビチュヘ,大分,1969-09-20,single name match
name-only,9002719,永井 秀樹,大分,,130,永井 秀樹,東京Ｖ,1971-01-26,single name match
name-only,9002720,深澤 仁博,新潟,,2312,深澤 仁博,新潟,1977-07-12,single name match
name-only,9002728,浦本 賢太郎,大分,,6437,浦本 賢太郎,大分,1982-11-13,single name match
name-only,9002731,森下 仁志,磐田,,1165,森下 仁志,磐田,1972-09-21,single name match
name-only,9002733,秋葉 忠宏,新潟,,1655,秋葉 忠宏,群馬,1975-10-13,single name match
name-only,9002735,倉本 崇史,大分,,7215,倉本 崇史,水戸,1984-08-08,single name match
name-only,9002736,ガヴィオン,磐田,,7684,ガヴィオン,磐田,1980-02-02,single name match
name-only,9002748,オゼアス,新潟,,7195,オゼアス,新潟,1971-05-14,single name match
name-only,9002754,平間 智和,新潟,,2324,平間 智和,新潟,1977-06-30,single name match
name-only,9002755,ヴァン ズワム,磐田,,6394,ヴァン ズワム,磐田,1969-09-16,single name match
name-only,9000449,ジャスティン ハブナー,C大阪,,58714,ジャスティン ハブナー,Ｃ大阪,2003-09-14,single name match
name-only,9002776,森川 拓巳,仙台,,2333,森川 拓巳,仙台,1977-07-11,single name match
name-only,9002777,ファビアーノ,仙台,,6108,ファビアーノ,仙台,1975-08-04,single name match
name-only,9002778,森保 一,仙台,,368,森保 一,仙台,1968-08-23,single name match
name-only,9002779,小針 清允,仙台,,1403,小針 清允,鳥取,1977-06-12,single name match
name-only,9002780,中田 一三,仙台,,215,中田 一三,甲府,1973-04-19,single name match
name-only,9002781,エデー,仙台,,7251,エデー,仙台,1983-04-13,single name match
name-only,9002782,若松 大樹,大分,,1196,若松 大樹,大宮,1976-08-02,single name match
name-only,9002783,浮氣 哲郎,大分,,1756,浮氣 哲郎,横浜FC,1971-10-04,single name match
name-only,9002784,アンドラジーニャ,大分,,6202,アンドラジーニャ,札幌,1974-09-13,single name match
name-only,9002785,川本 良二,大分,,6433,川本 良二,愛媛,1982-09-25,single name match
name-only,9002789,數馬 正浩,仙台,,2984,數馬 正浩,新潟,1982-06-22,single name match
name-only,9002795,山田 隆裕,仙台,,164,山田 隆裕,仙台,1972-04-29,single name match
name-only,9002800,ジヴコヴィッチ,磐田,,6393,ジヴコヴィッチ,磐田,1977-07-28,team narrow-down
name-only,9002803,片野坂 知宏,大分,,364,片野坂 知宏,大分,1971-04-18,single name match
name-only,9002806,渡辺 晋,仙台,,1348,渡辺 晋,仙台,1973-10-10,single name match
name-only,9002807,矢畑 智裕,仙台,,2377,矢畑 智裕,水戸,1980-05-29,single name match
name-only,9002808,鈴木 健仁,仙台,,171,鈴木 健仁,仙台,1971-06-11,single name match
name-only,9002812,福永 泰,仙台,,1138,福永 泰,仙台,1973-03-06,single name match
name-only,9002814,ウィル,大分,,3060,ウィル,大分,1973-12-15,single name match
name-only,9002816,マルコス,仙台,,6490,マルコス,仙台,1974-03-21,team narrow-down
name-only,9002817,西 洋祐,仙台,,6055,西 洋祐,仙台,1983-05-12,single name match
name-only,9002822,金本 圭太,大分,,2303,金本 圭太,大分,1977-07-13,single name match
name-only,9002823,福田 健二,仙台,,2248,福田 健二,愛媛,1977-10-21,single name match
name-only,9002824,金 殷中,仙台,,7659,金 殷中,仙台,1979-04-08,single name match
name-only,9002828,金 東炫,大分,,7653,金 東炫,大分,1984-05-20,single name match
name-only,9002837,金 根哲,磐田,,6799,金 根哲,湘南,1983-06-24,single name match
name-only,9002860,マクサンドロ,札幌,,6829,マクサンドロ,札幌,1972-08-03,single name match
name-only,9002861,吉川 京輔,札幌,,5328,吉川 京輔,札幌,1978-11-08,single name match
name-only,9002862,吉瀬 広志,札幌,,6827,吉瀬 広志,札幌,1983-07-10,single name match
name-only,9002863,酒井 直樹,札幌,,1575,酒井 直樹,札幌,1975-08-02,single name match
name-only,9002864,小倉 隆史,札幌,,1802,小倉 隆史,甲府,1973-07-06,single name match
name-only,9002866,奈良 安剛,札幌,,6418,奈良 安剛,札幌,1982-12-12,single name match
name-only,9002867,高橋 範夫,仙台,,93,高橋 範夫,徳島,1971-03-15,single name match
name-only,9002868,村田 達哉,仙台,,141,村田 達哉,仙台,1972-08-08,single name match
name-only,9002869,藤吉 信次,仙台,,125,藤吉 信次,仙台,1970-04-03,single name match
name-only,9002229,李 正秀,京都,,10247,イ ジョンス,鹿島,1980-01-08,single name match
name-only,9002230,佐藤 勇人,京都,,5941,佐藤 勇人,千葉,1982-03-12,single name match
name-only,9002231,手島 和希,京都,,4304,手島 和希,京都,1979-06-07,single name match
name-only,9002232,シジクレイ,京都,,2172,シジクレイ,京都,1972-05-13,single name match
name-only,9002233,金 南一,神戸,,9658,金 南一,京都,1977-03-14,single name match
name-only,9002234,アラン バイーア,神戸,,10366,アラン バイーア,神戸,1983-01-14,single name match
name-only,9002235,マルセウ,神戸,,10367,マルセウ,神戸,1981-11-12,single name match
name-only,9002236,松橋 章太,神戸,,6434,松橋 章太,長崎,1982-08-03,single name match
name-only,9002237,岸田 裕樹,神戸,,7749,岸田 裕樹,岡山,1981-06-07,single name match
name-only,9002239,須藤 大輔,神戸,,4170,須藤 大輔,神戸,1977-04-25,single name match
name-only,9002264,柳川 雅樹,神戸,,7617,柳川 雅樹,鳥取,1987-05-01,single name match
name-only,9002269,古賀 誠史,神戸,,4281,古賀 誠史,神戸,1979-08-07,single name match
name-only,9002875,古川 毅,札幌,,1236,古川 毅,山形,1972-09-21,single name match
name-only,9002876,和波 智広,札幌,,5870,和波 智広,札幌,1980-04-27,single name match
name-only,9002887,光岡 眞矢,仙台,,2106,光岡 眞矢,仙台,1976-04-22,single name match
name-only,9002888,バーヤック,札幌,,7159,バーヤック,札幌,1978-11-25,single name match
name-only,9002889,ジャディウソン,札幌,,7158,ジャディウソン,札幌,1977-12-04,single name match
name-only,9002892,中村 伸,仙台,,1019,中村 伸,仙台,1974-05-06,single name match
name-only,9002893,大友 慧,仙台,,3244,大友 慧,岐阜,1981-10-01,single name match
name-only,9002894,西田 吉洋,札幌,,1847,西田 吉洋,札幌,1973-01-30,single name match
name-only,9002897,磯山 和司,札幌,,2948,磯山 和司,水戸,1975-01-08,single name match
name-only,9002898,井上 敦史,札幌,,3406,井上 敦史,鳥取,1977-05-28,single name match
name-only,9002910,相川 進也,札幌,,6825,相川 進也,岐阜,1983-07-26,single name match
name-only,9002911,田澤 勇気,札幌,,5406,田澤 勇気,札幌,1979-07-16,single name match
name-only,9002912,森 秀昭,札幌,,380,森 秀昭,札幌,1972-10-16,single name match
name-only,9002921,名塚 善寛,札幌,,830,名塚 善寛,札幌,1969-10-07,single name match
name-only,9002922,野々村 芳和,札幌,,1893,野々村 芳和,札幌,1972-05-08,single name match
name-only,9002923,アウミール,札幌,,1233,アウミール,札幌,1973-05-11,team narrow-down
name-only,9002924,伊藤 優津樹,札幌,,269,伊藤 優津樹,川崎Ｆ,1974-04-07,single name match
name-only,9002925,深川 友貴,札幌,,1884,深川 友貴,水戸,1972-07-24,single name match
name-only,9002928,大神 友明,磐田,,476,大神 友明,福岡,1970-06-07,single name match
name-only,9002958,黄川田 賢司,札幌,,1833,黄川田 賢司,川崎Ｆ,1974-10-28,single name match
name-only,9002964,清野 智秋,磐田,,6075,清野 智秋,札幌,1981-09-29,single name match
name-only,9002280,上里 琢文,京都,,10307,上里 琢文,京都,1990-04-29,single name match
name-only,9002882,前田 浩二,神戸,,609,前田 浩二,鳥栖,1969-02-03,single name match
name-only,9000286,倍井 謙,名古屋,,29445,倍井 謙,磐田,2001-04-04,single name match
name-only,9002973,中尾 康二,札幌,,6102,中尾 康二,札幌,1981-09-08,single name match
name-only,9002987,アダウト,札幌,,6774,アダウト,札幌,1978-08-30,single name match
name-only,9002997,ラドチェンコ,磐田,,6051,ラドチェンコ,磐田,1970-12-02,single name match
name-only,9003169,田辺 和彦,湘南,,3223,田辺 和彦,湘南,1981-06-03,single name match
name-only,9003178,岩元 洋成,湘南,,424,岩元 洋成,山形,1970-06-27,single name match
name-only,9003179,中田 英寿,湘南,,1865,中田 英寿,湘南,1977-01-22,single name match
name-only,9003180,公文 裕明,湘南,,829,公文 裕明,横浜FC,1966-10-20,single name match
name-only,9003181,都並 敏史,湘南,,119,都並 敏史,湘南,1961-08-14,single name match
name-only,9003182,関 浩二,湘南,,149,関 浩二,札幌,1972-06-26,single name match
name-only,9001322,フェリペ シウバ,広島,,23141,フェリペ シウバ,広島,1990-05-28,single name match
name-only,9003263,埜下 荘司,横浜F,,336,埜下 荘司,札幌,1970-05-24,single name match
name-only,9003264,太田 貴光,札幌,,245,太田 貴光,札幌,1970-07-19,single name match
name-only,9003277,大野 貴史,札幌,,1838,大野 貴史,山形,1978-05-22,single name match
name-only,9003279,山橋 貴史,札幌,,781,山橋 貴史,札幌,1972-05-31,single name match
name-only,9003282,デジマール,磐田,,4368,デジマール,東京Ｖ,1976-01-27,single name match
name-only,9003291,桜井 孝司,横浜F,,2349,桜井 孝司,札幌,1977-05-04,single name match
name-only,9003292,ジーニョ,横浜F,,1915,ジーニョ,横浜Ｆ,1967-06-17,single name match
name-only,9003293,米山 智,横浜F,,225,米山 智,横浜Ｆ,1974-06-27,single name match
name-only,9003302,シモン,湘南,,1899,シモン,湘南,1968-10-23,single name match
name-only,9003318,スキラッチ,磐田,,1797,スキラッチ,磐田,1964-12-01,single name match
name-only,9003319,鈴木 将方,磐田,,852,鈴木 将方,磐田,1968-09-15,single name match
name-only,9003338,マビリア,磐田,,2088,マビリア,磐田,1972-10-31,single name match
name-only,9003340,反町 康治,湘南,,194,反町 康治,湘南,1964-03-08,single name match
name-only,9003356,竹村 栄哉,湘南,,416,竹村 栄哉,鳥栖,1973-12-06,single name match
name-only,9001323,黒木 聖仁,長崎,,9657,黒木 聖仁,富山,1989-10-24,single name match
name-only,9002292,栗原 圭介,神戸,,1947,栗原 圭介,栃木SC,1973-05-20,single name match
name-only,9002296,平島 崇,京都,,6211,平島 崇,徳島,1982-02-03,single name match
name-only,9002297,上野 秀章,京都,,6077,上野 秀章,徳島,1981-05-31,single name match
name-only,9002298,石井 俊也,京都,,2271,石井 俊也,熊本,1978-01-19,single name match
name-only,9002299,アタリバ,京都,,6805,アタリバ,京都,1979-03-02,single name match
name-only,9002300,徳重 隆明,京都,,2003,徳重 隆明,徳島,1975-02-18,single name match
name-only,9002321,土肥 洋一,東京V,,397,土肥 洋一,東京Ｖ,1973-07-25,single name match
name-only,9002322,服部 年宏,東京V,,1696,服部 年宏,岐阜,1973-09-23,single name match
name-only,9002323,福西 崇史,東京V,,1404,福西 崇史,東京Ｖ,1976-09-01,single name match
name-only,9002324,廣山 望,東京V,,2302,廣山 望,群馬,1977-05-06,single name match
name-only,9002325,飯尾 一慶,東京V,,3169,飯尾 一慶,横浜FC,1982-02-23,single name match
name-only,9002326,菅原 智,東京V,,1872,菅原 智,東京Ｖ,1976-06-03,single name match
name-only,9002327,大野 敏隆,東京V,,1629,大野 敏隆,東京Ｖ,1978-05-12,single name match
name-only,9002328,船越 優蔵,東京V,,2280,船越 優蔵,東京Ｖ,1977-06-12,single name match
name-only,9002335,井上 平,東京V,,9122,井上 平,相模原,1983-04-11,single name match
name-only,9002336,萩村 滋則,東京V,,1313,萩村 滋則,東京Ｖ,1976-07-31,single name match
name-only,9002349,倉貫 一毅,京都,,2940,倉貫 一毅,鳥取,1978-11-10,single name match
name-only,9002352,森岡 隆三,京都,,1627,森岡 隆三,京都,1975-10-07,single name match
name-only,9002353,加藤 大志,京都,,6844,加藤 大志,横浜FC,1983-07-26,single name match
name-only,9002356,吉武 剛,東京V,,6424,吉武 剛,東京Ｖ,1981-09-08,single name match
name-only,9003365,佃 賢典,磐田,,1391,佃 賢典,磐田,1977-06-28,single name match
name-only,9003369,吉田 明博,湘南,,1801,吉田 明博,横浜FC,1975-05-28,single name match
name-only,9003392,山本 富士雄,湘南,,665,山本 富士雄,湘南,1966-05-27,single name match
name-only,9003393,ベッチーニョ,湘南,,834,ベッチーニョ,川崎Ｆ,1966-06-14,single name match
name-only,9003396,小泉 淳嗣,横浜F,,158,小泉 淳嗣,川崎Ｆ,1968-01-11,single name match
name-only,9003397,エバイール,横浜F,,1916,エバイール,横浜Ｆ,1965-02-21,single name match
name-only,9003398,森 敦彦,横浜F,,217,森 敦彦,札幌,1972-05-31,single name match
name-only,9003403,ファネンブルグ,磐田,,1591,ファネンブルグ,磐田,1964-03-05,single name match
name-only,9003404,大倉 智,磐田,,501,大倉 智,仙台,1969-05-22,single name match
name-only,9003421,大本 忠輝,湘南,,418,大本 忠輝,湘南,1969-04-06,single name match
name-only,9003423,前田 治,横浜F,,202,前田 治,横浜Ｆ,1965-09-05,single name match
name-only,9002359,足助 翔,東京V,,9728,足助 翔,富山,1985-10-28,single name match
name-only,9002366,エルサムニー オサマ,東京V,,7824,エルサムニー オサマ,YS横浜,1988-09-29,single name match
name-only,9002375,新村 純平,東京V,,9129,新村 純平,東京Ｖ,1988-10-13,single name match
name-only,9003361,アルシンド,東京V,,19,アルシンド,東京Ｖ,1967-10-21,single name match
name-only,9003466,デニウソン,横浜F,,2857,デニウソン,横浜Ｆ,1972-10-08,single name match
name-only,9003487,パウス,磐田,,1699,パウス,川崎Ｆ,1965-10-09,single name match
name-only,9003488,古俣 健次,磐田,,480,古俣 健次,新潟,1964-07-15,single name match
name-only,9003489,米澤 剛志,磐田,,517,米澤 剛志,大分,1969-02-06,single name match
name-only,9003490,大石 隆夫,磐田,,515,大石 隆夫,磐田,1964-05-25,single name match
name-only,9003491,平川 弘,横浜F,,155,平川 弘,札幌,1965-01-10,single name match
name-only,9003508,エジソン,湘南,,828,エジソン,湘南,1962-11-29,team narrow-down
name-only,9003509,吉田 光範,磐田,,514,吉田 光範,磐田,1962-03-08,single name match
name-only,9003516,信藤 健仁,湘南,,827,信藤 健仁,湘南,1960-09-15,single name match
name-only,9003521,キム ジョンソン,磐田,,1179,キム ジョンソン,札幌,1964-04-23,single name match
name-only,9003536,吉岡 秀樹,横浜F,,218,吉岡 秀樹,横浜Ｆ,1972-06-06,single name match
name-only,9003537,嘉悦 秀明,横浜F,,223,嘉悦 秀明,横浜Ｆ,1974-10-08,single name match
name-only,9003542,岩崎 泰之,磐田,,477,岩崎 泰之,磐田,1971-04-09,single name match
name-only,9003546,松山 大地,湘南,,824,松山 大地,札幌,1974-01-11,single name match
name-only,9003553,太田 裕和,湘南,,1011,太田 裕和,新潟,1971-04-10,single name match
name-only,9003554,大石 信幸,横浜F,,226,大石 信幸,横浜Ｆ,1974-05-23,single name match
name-only,9000002,椎橋 慧也,福岡,,19263,椎橋 慧也,福岡,1997-06-20,single name match
name-only,9002403,三浦 淳宏,神戸,,1659,三浦 淳宏,横浜FC,1974-07-24,single name match
name-only,9002404,キム テヨン,神戸,,9035,キム テヨン,熊本,1988-06-27,single name match
name-only,9003557,冨樫 剛一,横浜F,,139,冨樫 剛一,札幌,1971-07-15,single name match
name-only,9003558,大山 直大,磐田,,445,大山 直大,磐田,1974-04-24,single name match
name-only,9003567,アマリージャ,横浜F,,1590,アマリージャ,横浜Ｆ,1960-07-19,single name match
name-only,9003578,東川 昌典,磐田,,474,東川 昌典,磐田,1964-09-30,single name match
name-only,9003579,吉田 裕幸,磐田,,516,吉田 裕幸,磐田,1969-11-25,single name match
name-only,9003586,長澤 徹,磐田,,513,長澤 徹,磐田,1968-05-28,single name match
name-only,9003591,モネール,横浜F,,230,モネール,横浜FC,1967-12-30,single name match
name-only,9003594,ミランジーニャ,湘南,,833,ミランジーニャ,湘南,1959-07-02,single name match
name-only,9003631,アウドロ,横浜F,,229,アウドロ,山形,1972-07-30,single name match
name-only,9003639,アンジェロ,横浜F,,206,アンジェロ,FC東京,1965-08-10,single name match
name-only,9003640,堀 直人,横浜F,,198,堀 直人,横浜Ｆ,1964-11-28,single name match
name-only,9002445,エメルソン トーメ,神戸,,8741,エメルソン トーメ,神戸,1972-03-30,single name match
name-only,9002446,遠藤 彰弘,神戸,,1650,遠藤 彰弘,神戸,1975-09-18,single name match
name-only,9002468,土井 良太,神戸,,8664,土井 良太,藤枝,1987-08-27,single name match
name-only,9002469,中村 友亮,神戸,,8133,中村 友亮,神戸,1986-10-06,single name match
name-only,9000004,黒川 圭介,G大阪,,32324,黒川 圭介,Ｇ大阪,1997-04-13,single name match
name-only,9000006,進藤 亮佑,C大阪,,15787,進藤 亮佑,長崎,1996-06-07,single name match
name-only,9003669,坂本 義行,横浜F,,212,坂本 義行,横浜Ｆ,1972-05-30,single name match
name-only,9003674,冨嶋 均,横浜F,,199,冨嶋 均,福岡,1964-06-01,single name match
name-only,9003680,チェローナ,横浜F,,207,チェローナ,横浜Ｆ,1960-01-17,single name match
name-only,9003684,池ノ上 俊一,横浜F,,189,池ノ上 俊一,横浜Ｆ,1967-02-16,single name match
name-only,9003700,吉田 智尚,大分,,7211,吉田 智尚,水戸,1984-05-27,single name match
name-only,9003710,大西 勝俉,八戸,,11396,大西 勝俉,八戸,1990-07-29,single name match
name-only,9003711,白井 達也,八戸,,37643,白井 達也,松本,1997-04-25,single name match
name-only,9003712,近石 哲平,八戸,,32278,近石 哲平,八戸,1989-01-31,single name match
name-only,9003713,土井 紅貴,八戸,,45312,土井 紅貴,秋田,2002-04-09,single name match
name-only,9003714,永田 一真,八戸,,49638,永田 一真,八戸,2000-04-26,single name match
name-only,9003715,脇坂 崚平,八戸,,45082,脇坂 崚平,八戸,1998-12-27,single name match
name-only,9003716,國分 将,八戸,,32288,國分 将,讃岐,1995-05-14,single name match
name-only,9003717,稲積 大介,八戸,,37623,稲積 大介,八戸,1997-05-08,single name match
name-only,9003718,井波 勇太,八戸,,61738,井波 勇太,八戸,2002-08-29,single name match
name-only,9003719,谷口 裕介,八戸,,50493,谷口 裕介,八戸,1995-08-11,single name match
name-only,9003720,雪江 悠人,八戸,,32424,雪江 悠人,八戸,1996-06-09,single name match
name-only,9003721,加藤 慎太郎,八戸,,45012,加藤 慎太郎,岐阜,1999-10-18,single name match
name-only,9003722,佐藤 碧,八戸,,45004,佐藤 碧,八戸,1997-09-25,single name match
name-only,9003723,音泉 翔眞,八戸,,37510,音泉 翔眞,八戸,1996-07-07,single name match
name-only,9003724,鏑木 瑞生,八戸,,49592,鏑木 瑞生,八戸,2000-05-28,single name match
name-only,9003725,髙尾 流星,八戸,,44781,髙尾 流星,八戸,2003-11-20,single name match
name-only,9003726,相澤 ピーターコアミ,栃木C,,32381,相澤 ピーターコアミ,栃木Ｃ,2001-01-20,single name match
name-only,9003727,小西 慶太郎,栃木C,,61761,小西 慶太郎,栃木Ｃ,2002-04-06,single name match
name-only,9003728,カルロス エドゥアルド,栃木C,,61763,カルロス エドゥアルド,栃木Ｃ,2001-04-06,single name match
name-only,9003729,加藤 丈,栃木C,,61764,加藤 丈,栃木Ｃ,1998-09-14,single name match
name-only,9003730,岡庭 裕貴,栃木C,,23163,岡庭 裕貴,栃木Ｃ,1995-01-03,single name match
name-only,9003731,森 俊貴,栃木C,,37542,森 俊貴,栃木Ｃ,1997-08-29,single name match
name-only,9003732,吉田 篤志,栃木C,,61755,吉田 篤志,栃木Ｃ,1999-04-07,single name match
name-only,9003733,東川 続,栃木C,,61757,東川 続,栃木Ｃ,2002-07-13,single name match
name-only,9003734,原田 欽庸,栃木C,,8109,原田 欽庸,栃木Ｃ,1986-05-17,single name match
name-only,9003735,内田 錬平,栃木C,,11496,内田 錬平,栃木Ｃ,1991-04-26,single name match
name-only,9003736,梅澤 魁翔,栃木C,,61760,梅澤 魁翔,栃木Ｃ,2002-05-01,single name match
name-only,9003737,宇都木 峻,栃木C,,61758,宇都木 峻,栃木Ｃ,1996-09-21,single name match
name-only,9003738,関野 元弥,栃木C,,44968,関野 元弥,高知,1999-03-10,single name match
name-only,9003739,藤原 拓海,栃木C,,61752,藤原 拓海,栃木Ｃ,1998-09-07,single name match
name-only,9003740,村越 健太,栃木C,,61753,村越 健太,栃木Ｃ,1997-05-29,single name match
name-only,9003741,熊野 敬二郎,栃木C,,61756,熊野 敬二郎,栃木Ｃ,2002-06-10,single name match
name-only,9003742,タオフィック ジブリル,栃木C,,61857,タオフィック ジブリル,栃木Ｃ,1998-04-23,single name match
name-only,9003743,櫻井 風我,金沢,,49683,櫻井 風我,金沢,2000-09-11,single name match
name-only,9003744,宮崎 海冬,金沢,,61666,宮崎 海冬,金沢,2002-12-24,single name match
name-only,9003745,村田 迅,金沢,,61664,村田 迅,金沢,2002-09-18,single name match
name-only,9003746,加藤 大樹,金沢,,19158,加藤 大樹,金沢,1993-03-14,single name match
name-only,9003747,久保 賢也,金沢,,55416,久保 賢也,金沢,2002-01-11,single name match
name-only,9003748,長倉 颯,金沢,,32343,長倉 颯,金沢,1996-04-29,single name match
name-only,9003749,四宮 悠成,金沢,,37295,四宮 悠成,金沢,2003-01-11,single name match
name-only,9003750,沖崎 颯,金沢,,32581,沖崎 颯,金沢,2001-04-10,single name match
name-only,9003751,土信田 悠生,金沢,,45063,土信田 悠生,宮崎,1999-07-23,single name match
name-only,9003752,大谷 駿斗,金沢,,29539,大谷 駿斗,金沢,1997-01-17,single name match
name-only,9000005,ネタ ラヴィ,G大阪,,49703,ネタ ラヴィ,町田,1996-08-25,single name match
name-only,9003660,尾崎 加寿夫,東京V,,452,尾崎 加寿夫,東京Ｖ,1960-03-07,single name match
name-only,9003753,黒川 雷平,高知,,37816,黒川 雷平,奈良,2003-06-07,single name match
name-only,9003754,吉田 知樹,高知,,44976,吉田 知樹,高知,1998-02-13,single name match
name-only,9003755,今井 那生,高知,,54832,今井 那生,高知,1997-05-27,single name match
name-only,9003756,小林 大智,高知,,37935,小林 大智,高知,1999-01-07,single name match
name-only,9003757,杉山 伶央,高知,,44962,杉山 伶央,高知,2000-03-04,single name match
name-only,9003758,岡澤 韻生,高知,,61734,岡澤 韻生,高知,2002-08-16,single name match
name-only,9003759,水野 颯太,高知,,45835,水野 颯太,甲府,2000-06-30,single name match
name-only,9003760,佐々木 敦河,高知,,61422,佐々木 敦河,高知,1998-06-19,single name match
name-only,9003761,東家 聡樹,高知,,37548,東家 聡樹,FC大阪,1997-04-20,single name match
name-only,9003762,新谷 聖基,高知,,61421,新谷 聖基,高知,1998-06-12,single name match
name-only,9003763,大杉 啓,高知,,38033,大杉 啓,高知,1996-12-22,single name match
name-only,9003764,鈴木 俊也,高知,,38052,鈴木 俊也,栃木SC,2000-11-24,single name match
name-only,9003765,福宮 弘乃介,高知,,61856,福宮 弘乃介,高知,1998-04-08,single name match
name-only,9003766,高野 裕維,高知,,61420,高野 裕維,高知,2000-08-04,single name match
name-only,9003767,上月 翔聖,高知,,49664,上月 翔聖,高知,2000-02-01,single name match
name-only,9003768,伊藤 綾汰,高知,,61733,伊藤 綾汰,高知,2000-05-03,single name match
name-only,9003769,三好 麟大,高知,,61732,三好 麟大,高知,2003-03-02,single name match
name-only,9003770,工藤 真人,高知,,23556,工藤 真人,高知,2001-05-07,single name match
name-only,9003771,小林 心,高知,,61423,小林 心,仙台,2000-09-29,single name match
name-only,9003772,岡田 慎司,奈良,,37621,岡田 慎司,奈良,1996-03-10,single name match
name-only,9003773,生駒 稀生,奈良,,52113,生駒 稀生,奈良,1997-11-21,single name match
name-only,9003774,佐藤 大翔,奈良,,44782,佐藤 大翔,奈良,2002-12-24,single name match
name-only,9003775,都並 優太,奈良,,9467,都並 優太,奈良,1992-01-20,single name match
name-only,9003776,岡田 優希,奈良,,31515,岡田 優希,福島,1996-05-13,single name match
name-only,9003777,堀内 颯人,奈良,,49684,堀内 颯人,琉球,1996-07-03,single name match
name-only,9003778,神垣 陸,奈良,,38009,神垣 陸,群馬,1998-07-14,single name match
name-only,9003779,酒井 達磨,奈良,,49687,酒井 達磨,奈良,1996-03-21,single name match
name-only,9003780,マルク ヴィト,奈良,,54834,マルク ヴィト,奈良,1996-03-10,single name match
name-only,9003781,澤田 雄大,奈良,,54820,澤田 雄大,八戸,1999-04-17,single name match
name-only,9003782,中山 雅斗,奈良,,61721,中山 雅斗,奈良,2001-12-09,single name match
name-only,9003783,山本 宗太朗,奈良,,49685,山本 宗太朗,奈良,1996-02-07,single name match
name-only,9003784,國武 勇斗,奈良,,51947,國武 勇斗,奈良,2005-12-20,single name match
name-only,9003785,森田 凜,奈良,,32492,森田 凜,奈良,2002-02-14,single name match
name-only,9003786,川谷 凪,奈良,,45060,川谷 凪,奈良,2003-07-06,single name match
name-only,9003787,百田 真登,奈良,,52287,百田 真登,群馬,2001-04-04,single name match
name-only,9003788,谷口 璃成,北九州,,44985,谷口 璃成,北九州,2003-06-07,single name match
name-only,9003789,坂本 翔,北九州,,49692,坂本 翔,FC大阪,2000-09-06,single name match
name-only,9003790,東 廉太,北九州,,45093,東 廉太,FC東京,2004-06-17,single name match
name-only,9003791,長谷川 光基,北九州,,23309,長谷川 光基,北九州,1999-04-27,single name match
name-only,9003792,木實 快斗,北九州,,61719,木實 快斗,北九州,2007-02-27,single name match
name-only,9003793,高吉 正真,北九州,,19504,高吉 正真,八戸,2000-08-25,single name match
name-only,9003794,平原 隆暉,北九州,,45016,平原 隆暉,北九州,2003-05-01,single name match
name-only,9003795,吉原 楓人,北九州,,61685,吉原 楓人,北九州,2006-09-20,single name match
name-only,9003796,渡邉 颯太,北九州,,54806,渡邉 颯太,北九州,2002-03-01,single name match
name-only,9003797,伊藤 剛,北九州,,15921,伊藤 剛,北九州,1994-03-23,single name match
name-only,9003798,辻岡 佑真,北九州,,38088,辻岡 佑真,福岡,2001-12-09,single name match
name-only,9003799,世良 務,北九州,,59530,世良 務,北九州,2006-04-17,single name match
name-only,9003800,星 広太,北九州,,9990,星 広太,北九州,1992-07-27,single name match
name-only,9003801,高柳 郁弥,北九州,,48699,高柳 郁弥,鳥取,2000-10-04,single name match
name-only,9003802,坪郷 来紀,北九州,,49646,坪郷 来紀,北九州,2004-10-11,single name match
name-only,9003803,河辺 駿太郎,北九州,,37966,河辺 駿太郎,北九州,1996-05-26,single name match
name-only,9003804,前田 宙杜,沼津,,61731,前田 宙杜,沼津,2002-10-29,single name match
name-only,9003805,三原 秀真,沼津,,29253,三原 秀真,沼津,2001-07-16,single name match
name-only,9003806,グスタボ リッシ,沼津,,55400,グスタボ リッシ,沼津,1998-02-04,single name match
name-only,9003807,篠﨑 輝和,沼津,,19609,篠﨑 輝和,沼津,1998-05-13,single name match
name-only,9003808,一丸 大地,沼津,,61777,一丸 大地,沼津,2002-05-11,single name match
name-only,9003809,沼田 航征,沼津,,32603,沼田 航征,山口,2002-01-12,single name match
name-only,9003810,柳町 魁耀,沼津,,37978,柳町 魁耀,山形,2002-05-07,single name match
name-only,9003811,佐藤 尚輝,沼津,,32345,佐藤 尚輝,沼津,1996-07-12,single name match
name-only,9003812,鈴木 拳士郎,沼津,,11242,鈴木 拳士郎,沼津,1996-03-20,single name match
name-only,9003813,鈴木 輪太朗 イブラヒーム,沼津,,38027,鈴木 輪太朗 イブラヒーム,徳島,2003-01-31,single name match
name-only,9003814,山田 晃士,沼津,,15926,山田 晃士,沼津,1998-12-31,single name match
name-only,9003815,宮脇 茂夫,沼津,,52292,宮脇 茂夫,宮崎,2001-12-07,single name match
name-only,9003816,井上 航希,沼津,,37580,井上 航希,沼津,2001-06-20,single name match
name-only,9003817,渡井 翔琉,沼津,,61726,渡井 翔琉,沼津,2002-05-31,single name match
name-only,9003818,徳永 晃太郎,沼津,,32349,徳永 晃太郎,沼津,1996-11-10,single name match
name-only,9003819,藤井 建悟,沼津,,61729,藤井 建悟,沼津,2002-11-21,single name match
name-only,9003820,菅井 拓也,沼津,,23229,菅井 拓也,沼津,1991-08-02,single name match
name-only,9003821,中野 遥翔,沼津,,61064,中野 遥翔,沼津,2007-11-30,single name match
name-only,9003822,イ チュンウォン,宮崎,,61652,イ チュンウォン,宮崎,2004-07-13,single name match
name-only,9003823,松本 雄真,宮崎,,37775,松本 雄真,宮崎,1999-11-14,single name match
name-only,9003824,黒木 謙吾,宮崎,,44630,黒木 謙吾,宮崎,1999-07-06,single name match
name-only,9003825,田中 誠太郎,宮崎,,55401,田中 誠太郎,宮崎,2003-01-07,single name match
name-only,9003826,下川 陽太,宮崎,,23281,下川 陽太,宮崎,1995-09-07,single name match
name-only,9003827,河合 駿樹,宮崎,,61653,河合 駿樹,宮崎,2002-12-31,single name match
name-only,9003828,阿野 真拓,宮崎,,37648,阿野 真拓,宮崎,2003-08-30,single name match
name-only,9003829,吉澤 柊,宮崎,,44970,吉澤 柊,長野,1998-10-21,single name match
name-only,9003830,坂井 駿也,宮崎,,45107,坂井 駿也,宮崎,2004-04-16,single name match
name-only,9003831,松本 ケン チザンガ,宮崎,,52114,松本 ケン チザンガ,宮崎,2002-03-14,single name match
name-only,9003832,清水 羅偉,宮崎,,23386,清水 羅偉,宮崎,1999-04-28,single name match
name-only,9003833,横窪 皇太,宮崎,,61654,横窪 皇太,宮崎,2002-05-25,single name match
name-only,9003834,江川 慶城,宮崎,,32418,江川 慶城,鹿児島,2000-04-02,single name match
name-only,9003835,大熊 健太,宮崎,,37912,大熊 健太,宮崎,1997-06-14,single name match
name-only,9003836,力安 祥伍,宮崎,,19406,力安 祥伍,宮崎,1998-08-22,single name match
name-only,9003837,井上 怜,宮崎,,49321,井上 怜,宮崎,2001-01-18,single name match
name-only,9003838,安藤 陸登,宮崎,,61649,安藤 陸登,宮崎,2006-08-08,single name match
name-only,9003839,奥村 晃司,宮崎,,37955,奥村 晃司,宮崎,1998-07-29,single name match
name-only,9003840,後藤 大輝,岐阜,,12154,後藤 大輝,金沢,1996-06-14,single name match
name-only,9003841,大串 昇平,岐阜,,32617,大串 昇平,岐阜,2002-09-21,single name match
name-only,9003842,キム ユゴン,岐阜,,61693,キム ユゴン,岐阜,2006-03-28,single name match
name-only,9003843,甲斐 健太郎,岐阜,,19677,甲斐 健太郎,岐阜,1994-11-01,single name match
name-only,9003844,萩野 滉大,岐阜,,19453,萩野 滉大,岐阜,2000-06-20,single name match
name-only,9003845,箱崎 達也,岐阜,,61692,箱崎 達也,岐阜,2002-08-13,single name match
name-only,9003846,横山 智也,岐阜,,49555,横山 智也,岐阜,2000-09-01,single name match
name-only,9003847,長井 結矢,岐阜,,61066,長井 結矢,岐阜,2003-02-26,single name match
name-only,9003848,中村 仁郎,岐阜,,32650,中村 仁郎,Ｇ大阪,2003-08-22,single name match
name-only,9003849,オウイエ ウイリアム,岐阜,,49587,オウイエ ウイリアム,いわき,2004-04-19,single name match
name-only,9003850,山口 畝良,岐阜,,61691,山口 畝良,岐阜,2002-10-09,single name match
name-only,9003851,外山 凌,岐阜,,23202,外山 凌,岐阜,1994-07-29,single name match
name-only,9003852,野澤 陸,岐阜,,37943,野澤 陸,甲府,1998-12-07,single name match
name-only,9003853,文 仁柱,岐阜,,44951,文 仁柱,岐阜,1999-08-22,single name match
name-only,9003854,北 龍磨,岐阜,,37992,北 龍磨,岐阜,1998-04-16,single name match
name-only,9003855,生地 慶充,岐阜,,19435,生地 慶充,岐阜,1998-04-02,single name match
name-only,9003856,佐々木 快,岐阜,,37924,佐々木 快,相模原,1998-10-20,single name match
name-only,9003857,ヴァンイヤーデン ショーン,横浜FC,,45303,ヴァンイヤーデン ショーン,鳥取,2004-04-16,single name match
name-only,9003858,松原 颯汰,長野,,37850,松原 颯汰,鳥栖,2002-09-30,single name match
name-only,9003859,大野 佑哉,長野,,32397,大野 佑哉,長野,1996-08-17,single name match
name-only,9003860,砂森 和也,長野,,9489,砂森 和也,長野,1990-09-02,single name match
name-only,9003861,山中 麗央,長野,,44998,山中 麗央,長野,1999-07-10,single name match
name-only,9003862,小西 陽向,長野,,37519,小西 陽向,長野,2001-12-21,single name match
name-only,9003863,忽那 喬司,長野,,15929,忽那 喬司,長野,1997-08-20,single name match
name-only,9003864,三田 尚希,長野,,32329,三田 尚希,長野,1992-08-16,single name match
name-only,9003865,浮田 健誠,長野,,15889,浮田 健誠,長野,1997-06-12,single name match
name-only,9003866,藤森 亮志,長野,,37521,藤森 亮志,長野,1997-04-11,single name match
name-only,9003867,冨田 康平,長野,,29577,冨田 康平,長野,1996-06-09,single name match
name-only,9003868,石井 光輝,長野,,23133,石井 光輝,長野,1995-03-15,single name match
name-only,9003869,近藤 貴司,長野,,15780,近藤 貴司,長野,1992-04-26,single name match
name-only,9003870,古賀 俊太郎,長野,,37680,古賀 俊太郎,長野,1998-08-27,single name match
name-only,9003871,安藤 一哉,長野,,37512,安藤 一哉,長野,1997-07-15,single name match
name-only,9003872,樋口 叶,長野,,32686,樋口 叶,長野,2001-04-23,single name match
name-only,9003873,伊藤 恵亮,長野,,49328,伊藤 恵亮,長野,2001-02-04,single name match
name-only,9003874,進 昂平,長野,,29288,進 昂平,長野,1995-06-04,single name match
name-only,9003875,今村 勇介,讃岐,,45003,今村 勇介,讃岐,1999-05-23,single name match
name-only,9003876,宮市 剛,讃岐,,11482,宮市 剛,讃岐,1995-06-01,single name match
name-only,9003877,藤井 葉大,讃岐,,50478,藤井 葉大,岡山,2006-01-16,single name match
name-only,9003878,河上 将平,讃岐,,37626,河上 将平,讃岐,1997-10-26,single name match
name-only,9003879,竹村 俊二,讃岐,,49565,竹村 俊二,讃岐,2000-08-11,single name match
name-only,9003880,上野 輝人,讃岐,,49558,上野 輝人,讃岐,2000-09-14,single name match
name-only,9003881,松原 快晟,讃岐,,37952,松原 快晟,讃岐,2004-05-24,single name match
name-only,9003882,内田 瑞己,讃岐,,45039,内田 瑞己,札幌,1999-09-11,single name match
name-only,9003883,田尾 佳祐,讃岐,,44654,田尾 佳祐,讃岐,2003-11-18,single name match
name-only,9003884,附木 雄也,讃岐,,45071,附木 雄也,長野,1994-12-17,single name match
name-only,9003885,石倉 潤征,讃岐,,61969,石倉 潤征,讃岐,2003-03-03,single name match
name-only,9003886,岩本 和希,讃岐,,37505,岩本 和希,讃岐,1997-04-07,team narrow-down
name-only,9003887,牧山 晃政,讃岐,,49632,牧山 晃政,讃岐,2000-12-10,single name match
name-only,9003888,高麗 稜太,鳥取,,49560,高麗 稜太,松本,2000-07-26,single name match
name-only,9003889,永野 修都,鳥取,,49779,永野 修都,藤枝,2006-04-15,single name match
name-only,9003890,大嶋 春樹,鳥取,,49575,大嶋 春樹,鳥取,2000-07-11,single name match
name-only,9003891,松本 太一,鳥取,,29571,松本 太一,鳥取,2002-09-30,single name match
name-only,9003892,河村 匠,鳥取,,49551,河村 匠,鳥取,2000-09-13,single name match
name-only,9003893,常安 澪,鳥取,,52277,常安 澪,鳥取,2001-09-08,single name match
name-only,9003894,藤田 一途,鳥取,,19544,藤田 一途,鳥取,1999-06-30,single name match
name-only,9003895,清水 祐輔,鳥取,,54812,清水 祐輔,鳥取,2001-05-13,single name match
name-only,9003896,東條 敦輝,鳥取,,29435,東條 敦輝,鳥取,2000-12-28,single name match
name-only,9003897,東出 壮太,鳥取,,37883,東出 壮太,鳥取,1998-08-24,single name match
name-only,9003898,ダッジィ,鳥取,,61683,ダッジィ コジョ,鳥取,2001-11-12,single name match
name-only,9003899,櫻庭 立樹,鳥取,,19637,櫻庭 立樹,栃木SC,1999-10-13,single name match
name-only,9003900,田中 恵太,鳥取,,11881,田中 恵太,FC大阪,1989-12-26,single name match
name-only,9003901,東根 輝季,鳥取,,61662,東根 輝季,鳥取,2002-05-14,single name match
name-only,9003902,金 世明,鳥取,,61973,金 世明,鳥取,2006-06-16,single name match
name-only,9003903,曽我 大地,鳥取,,15956,曽我 大地,鳥取,1998-03-10,single name match
name-only,9003904,富樫 佑太,鳥取,,15876,富樫 佑太,奈良,1995-12-18,single name match
name-only,9003905,半田 航也,鳥取,,37848,半田 航也,秋田,1998-09-27,single name match
name-only,9003906,川島 康暉,琉球,,45166,川島 康暉,琉球,1999-10-20,single name match
name-only,9003907,荒木 遼太,琉球,,48903,荒木 遼太,琉球,2000-12-16,single name match
name-only,9003908,鈴木 順也,琉球,,32309,鈴木 順也,琉球,1996-05-02,single name match
name-only,9003909,津覇 実樹,琉球,,44757,津覇 実樹,琉球,2005-01-24,single name match
name-only,9003910,吉本 武,琉球,,54815,吉本 武,琉球,2001-10-23,single name match
name-only,9003911,佐藤 祐太,琉球,,29327,佐藤 祐太,八戸,1995-05-13,single name match
name-only,9003912,岩本 翔,琉球,,23374,岩本 翔,琉球,2001-03-18,single name match
name-only,9003913,ワッド モハメッドサディキ,琉球,,61775,ワッド モハメッドサディキ,岐阜,2006-05-29,single name match
name-only,9003914,庵原 篤人,琉球,,54798,庵原 篤人,琉球,2001-06-13,single name match
name-only,9003915,小澤 章人,琉球,,19466,小澤 章人,琉球,1992-08-10,single name match
name-only,9003916,菊地 脩太,琉球,,38095,菊地 脩太,琉球,2003-08-16,single name match
name-only,9003917,富所 悠,琉球,,9252,富所 悠,琉球,1990-04-21,single name match
name-only,9003918,佐藤 未勇,琉球,,49601,佐藤 未勇,琉球,2000-07-19,single name match
name-only,9003919,曽田 一騎,琉球,,38087,曽田 一騎,琉球,2000-01-09,single name match
name-only,9003920,猪瀬 康介,相模原,,32405,猪瀬 康介,高知,2000-12-25,single name match
name-only,9003921,綿引 康,相模原,,37909,綿引 康,相模原,1998-01-21,single name match
name-only,9003922,小笠原 佳祐,相模原,,32301,小笠原 佳祐,相模原,1996-06-07,single name match
name-only,9003923,西山 拓実,相模原,,49630,西山 拓実,相模原,2000-04-20,single name match
name-only,9003924,三鬼 海,相模原,,10442,三鬼 海,相模原,1993-04-19,single name match
name-only,9003925,徳永 裕大,相模原,,11205,徳永 裕大,相模原,1994-04-16,single name match
name-only,9003926,大迫 塁,相模原,,49648,大迫 塁,Ｃ大阪,2004-10-13,single name match
name-only,9003927,田中 陸,相模原,,29339,田中 陸,相模原,1999-05-04,single name match
name-only,9003928,福井 和樹,相模原,,52190,福井 和樹,FC大阪,2001-06-13,single name match
name-only,9003929,ラファエル フルタード,相模原,,61965,ラファエル フルタード,相模原,1999-12-09,single name match
name-only,9003930,三浦 基瑛,相模原,,32353,三浦 基瑛,相模原,1996-05-28,single name match
name-only,9003931,加藤 大育,相模原,,49622,加藤 大育,磐田,1998-10-06,single name match
name-only,9003932,前田 泰良,相模原,,49329,前田 泰良,相模原,2000-07-27,single name match
name-only,9003933,竹内 崇人,相模原,,29565,竹内 崇人,相模原,2002-05-29,single name match
name-only,9003934,左部 開斗,相模原,,49633,左部 開斗,相模原,2000-07-28,single name match
name-only,9003938,川島 功奨,鹿児島,,60458,川島 功奨,鹿児島,2002-05-27,single name match
name-only,9003939,小島 凛士郎,鹿児島,,37845,小島 凛士郎,鹿児島,2005-05-01,single name match
name-only,9003940,圓道 将良,鹿児島,,45052,圓道 将良,鹿児島,1999-10-26,single name match
name-only,9003941,井堀 二昭,鹿児島,,44756,井堀 二昭,琉球,2001-04-16,single name match
name-only,9003942,米澤 令衣,鹿児島,,12119,米澤 令衣,鹿児島,1996-07-20,single name match
name-only,9003943,武 星弥,鹿児島,,39221,武 星弥,鹿児島,2004-10-15,single name match
name-only,9003944,近藤 慶一,鹿児島,,45675,近藤 慶一,栃木SC,2002-03-03,single name match
name-only,9003945,熊倉 匠,鹿児島,,44283,熊倉 匠,鹿児島,2002-07-30,single name match
name-only,9003946,杉井 颯,鹿児島,,29562,杉井 颯,鹿児島,2000-05-17,single name match
name-only,9003947,丸山 哲新,鹿児島,,63004,丸山 哲新,鹿児島,2007-12-25,single name match
name-only,9003948,青木 義孝,鹿児島,,19688,青木 義孝,鹿児島,1998-09-02,single name match
name-only,9003949,千布 一輝,鹿児島,,11982,千布 一輝,鹿児島,1995-07-13,single name match
name-only,9003950,吉尾 虹樹,鹿児島,,54809,吉尾 虹樹,鹿児島,2001-04-25,single name match
name-only,9003951,福田 望久斗,鹿児島,,44755,福田 望久斗,鹿児島,2000-02-20,single name match
name-only,9003952,ンドカ チャールス,鹿児島,,37964,ンドカ チャールス,鹿児島,1998-08-08,single name match
name-only,9003953,長谷川 洸,山形,,18993,長谷川 洸,山形,1995-05-16,single name match
name-only,9003954,川井 歩,山形,,19409,川井 歩,山形,1999-08-12,single name match
name-only,9003955,城和 隼颯,山形,,37961,城和 隼颯,山形,1998-08-25,single name match
name-only,9003956,高橋 潤哉,山形,,32606,高橋 潤哉,山形,1997-05-28,single name match
name-only,9003957,藤本 佳希,山形,,19221,藤本 佳希,愛媛,1994-02-03,single name match
name-only,9003958,上林 大誠,山形,,45283,上林 大誠,山形,2006-02-21,single name match
name-only,9003959,野嶽 寛也,山形,,31505,野嶽 寛也,山形,2000-12-03,single name match
name-only,9003960,千葉 虎士,山形,,45281,千葉 虎士,福島,2005-12-27,single name match
name-only,9003961,堀金 峻明,山形,,44819,堀金 峻明,山形,2002-12-25,single name match
name-only,9003962,ベカ ミケルタゼ,山形,,61743,ベカ ミケルタゼ,山形,1997-11-26,single name match
name-only,9003963,一瀬 大寿,甲府,,49723,一瀬 大寿,甲府,2002-09-27,single name match
name-only,9003964,井上 樹,甲府,,29399,井上 樹,甲府,2001-05-28,single name match
name-only,9003965,エドゥアルド マンシャ,甲府,,49253,エドゥアルド マンシャ,甲府,1995-11-24,single name match
name-only,9003966,佐藤 恵介,甲府,,37875,佐藤 恵介,甲府,2002-06-25,single name match
name-only,9003967,米陀 大洋,甲府,,61960,米陀 大洋,甲府,2003-04-06,single name match
name-only,9003968,小林 岩魚,甲府,,32440,小林 岩魚,甲府,1996-10-17,single name match
name-only,9003969,マテウス レイリア,甲府,,44235,マテウス レイリア,水戸,1995-01-22,single name match
name-only,9003970,内藤 大和,甲府,,44631,内藤 大和,甲府,2004-07-14,single name match
name-only,9003971,イ ミンギ,甲府,,62059,イ ミンギ,甲府,2003-03-13,single name match
name-only,9003972,孫 大河,甲府,,41103,孫 大河,今治,1999-06-13,single name match
name-only,9003973,松山 北斗,甲府,,62138,松山 北斗,甲府,2004-11-19,single name match
name-only,9003974,宮崎 純真,甲府,,32441,宮崎 純真,徳島,2000-04-10,single name match
name-only,9003975,遠藤 光,甲府,,49619,遠藤 光,甲府,2000-06-05,single name match
name-only,9003976,鳥海 芳樹,甲府,,37942,鳥海 芳樹,水戸,1998-08-01,single name match
name-only,9003977,熊倉 弘達,甲府,,59527,熊倉 弘達,甲府,2002-05-16,single name match
name-only,9003978,北村 海 チディ,藤枝,,49553,北村 海 チディ,藤枝,2000-09-17,single name match
name-only,9003979,中村 涼,藤枝,,61017,中村 涼,藤枝,2002-07-20,team narrow-down
name-only,9003980,川島 將,藤枝,,15863,川島 將,藤枝,1992-02-04,single name match
name-only,9003981,鈴木 翔太,藤枝,,32372,鈴木 翔太,藤枝,1996-11-21,team narrow-down
name-only,9003982,前田 翔茉,藤枝,,49777,前田 翔茉,藤枝,2002-01-08,single name match
name-only,9003983,芹生 海翔,藤枝,,54742,芹生 海翔,藤枝,2006-02-22,single name match
name-only,9003984,浅倉 廉,藤枝,,49497,浅倉 廉,藤枝,2001-04-28,single name match
name-only,9003985,大曽根 広汰,藤枝,,19329,大曽根 広汰,栃木SC,1999-08-17,single name match
name-only,9003986,松木 駿之介,藤枝,,32400,松木 駿之介,藤枝,1996-10-24,single name match
name-only,9003987,森 侑里,藤枝,,49676,森 侑里,藤枝,2000-08-08,single name match
name-only,9003988,世瀬 啓人,藤枝,,19447,世瀬 啓人,藤枝,1999-08-20,single name match
name-only,9003989,榎本 啓吾,藤枝,,45046,榎本 啓吾,山形,1999-09-05,single name match
name-only,9003990,永田 貫太,藤枝,,50495,永田 貫太,藤枝,2001-08-11,single name match
name-only,9003991,閑田 隼人,藤枝,,60337,閑田 隼人,藤枝,2002-08-01,single name match
name-only,9003992,田川 知樹,富山,,37779,田川 知樹,札幌,2002-09-18,single name match
name-only,9003993,布施谷 翔,富山,,49588,布施谷 翔,富山,2000-09-21,single name match
name-only,9003994,神山 京右,富山,,44955,神山 京右,鳥栖,2000-01-02,single name match
name-only,9003995,酒井 崇一,富山,,32299,酒井 崇一,長野,1996-05-13,single name match
name-only,9003996,深澤 壯太,富山,,61706,深澤 壯太,富山,2003-03-20,single name match
name-only,9003997,末木 裕也,富山,,37646,末木 裕也,富山,1997-05-16,single name match
name-only,9003998,松岡 大智,富山,,19334,松岡 大智,富山,1999-01-23,single name match
name-only,9003999,吉平 翼,富山,,15756,吉平 翼,富山,1998-01-05,single name match
name-only,9004000,井上 直輝,富山,,37600,井上 直輝,富山,1997-08-05,single name match
name-only,9004001,碓井 聖生,富山,,52145,碓井 聖生,福岡,2001-07-20,single name match
name-only,9004002,西矢 慎平,富山,,54782,西矢 慎平,富山,2001-08-11,single name match
name-only,9004003,鍋田 純志,富山,,49595,鍋田 純志,富山,2000-01-02,single name match
name-only,9004004,浦 十藏,富山,,49605,浦 十藏,神戸,2004-05-21,single name match
name-only,9004005,亀田 歩夢,富山,,61703,亀田 歩夢,富山,2006-12-19,single name match
name-only,9004006,髙橋 馨希,富山,,50492,髙橋 馨希,富山,2001-06-16,single name match
name-only,9004007,植田 啓太,富山,,37851,植田 啓太,富山,2002-09-03,single name match
name-only,9004008,武 颯,富山,,11428,武 颯,宮崎,1995-07-17,single name match
name-only,9004011,キム ジェヒ,群馬,,61698,キム ジェヒ,群馬,2006-05-16,single name match
name-only,9004012,野瀬 翔也,群馬,,61699,野瀬 翔也,群馬,2003-02-14,single name match
name-only,9004013,大畑 隆也,群馬,,37913,大畑 隆也,群馬,1997-10-12,single name match
name-only,9004014,船橋 勇真,群馬,,37540,船橋 勇真,琉球,1997-11-13,single name match
name-only,9004015,菊地 健太,群馬,,49571,菊地 健太,群馬,2000-05-28,single name match
name-only,9004016,玉城 大志,群馬,,44307,玉城 大志,群馬,2001-04-10,single name match
name-only,9004017,下川 太陽,群馬,,32494,下川 太陽,群馬,2002-03-07,single name match
name-only,9004018,小野関 虎之介,群馬,,49572,小野関 虎之介,群馬,2004-07-22,single name match
name-only,9004019,小西 宏登,群馬,,61700,小西 宏登,群馬,2002-11-12,single name match
name-only,9004020,田中 翔太,群馬,,54745,田中 翔太,群馬,2001-04-10,single name match
name-only,9004021,山中 惇希,群馬,,37584,山中 惇希,いわき,2001-05-06,single name match
name-only,9004022,近藤 壱成,群馬,,49642,近藤 壱成,群馬,2001-01-15,single name match
name-only,9004023,高橋 勇利也,群馬,,37931,高橋 勇利也,いわき,1999-03-24,single name match
name-only,9004024,中野 力瑠,群馬,,54769,中野 力瑠,群馬,2005-12-19,single name match
name-only,9004025,安達 秀都,群馬,,45113,安達 秀都,群馬,2004-07-15,single name match
name-only,9004026,小山 結友,群馬,,63017,小山 結友,群馬,2007-10-11,single name match
name-only,9004027,田頭 亮太,群馬,,50482,田頭 亮太,群馬,2002-02-07,single name match
name-only,9004028,加々美 登生,群馬,,37953,加々美 登生,群馬,1999-02-15,single name match
name-only,9004029,青木 翔大,群馬,,11393,青木 翔大,群馬,1990-08-11,single name match
name-only,9004046,大西 遼太郎,熊本,,37587,大西 遼太郎,熊本,1997-11-24,single name match
name-only,9004047,李 泰河,熊本,,61750,李 泰河,熊本,2003-01-16,single name match
name-only,9004048,三島 頌平,熊本,,29326,三島 頌平,熊本,1995-11-20,single name match
name-only,9004049,上村 周平,熊本,,11438,上村 周平,熊本,1995-10-15,single name match
name-only,9004050,藤井 皓也,熊本,,45678,藤井 皓也,熊本,2001-08-29,single name match
name-only,9004051,渡邉 怜歩,熊本,,61737,渡邉 怜歩,熊本,2003-02-06,single name match
name-only,9004052,半代 将都,熊本,,61751,半代 将都,熊本,2002-04-10,single name match
name-only,9004053,塩浜 遼,熊本,,49525,塩浜 遼,鳥栖,2000-05-07,single name match
name-only,9004054,佐藤 史騎,熊本,,54749,佐藤 史騎,熊本,2001-11-01,single name match
name-only,9004055,竹本 雄飛,熊本,,37605,竹本 雄飛,愛媛,1997-08-19,single name match
name-only,9004056,古長谷 千博,熊本,,49460,古長谷 千博,新潟,2001-10-25,single name match
name-only,9004057,飯星 明良,熊本,,61748,飯星 明良,熊本,2002-11-08,single name match
name-only,9004058,根岸 恵汰,熊本,,61740,根岸 恵汰,熊本,2002-07-12,single name match
name-only,9004059,松岡 瑠夢,熊本,,19437,松岡 瑠夢,松本,1998-07-22,single name match
name-only,9004060,大﨑 舜,熊本,,44790,大﨑 舜,長野,2000-04-15,single name match
name-only,9004061,佐藤 隼,大分,,19645,佐藤 隼,大分,1997-03-06,single name match
name-only,9004062,松尾 勇佑,大分,,48700,松尾 勇佑,大分,2000-06-27,single name match
name-only,9004063,戸根 一誓,大分,,32416,戸根 一誓,大分,1996-05-22,single name match
name-only,9004064,宮川 歩己,大分,,60475,宮川 歩己,大分,2002-07-25,single name match
name-only,9004065,池田 廉,大分,,37568,池田 廉,琉球,1997-11-10,single name match
name-only,9004066,茂 平,大分,,10453,茂 平,大分,1993-04-14,single name match
name-only,9004067,松岡 颯人,大分,,49337,松岡 颯人,大分,2005-04-14,single name match
name-only,9004068,鮎川 峻,大分,,23413,鮎川 峻,広島,2001-09-15,single name match
name-only,9004069,有働 夢叶,大分,,51756,有働 夢叶,大分,2002-12-08,single name match
name-only,9004070,デルラン,大分,,49579,デルラン,大分,1996-02-03,single name match
name-only,9004071,薩川 淳貴,大分,,37506,薩川 淳貴,栃木Ｃ,1997-08-12,single name match
name-only,9004072,小酒井 新大,大分,,48974,小酒井 新大,大分,2001-09-21,single name match
name-only,9004073,木許 太賀,大分,,49336,木許 太賀,大分,2005-06-13,single name match
name-only,9004074,キム ヒョンウ,大分,,54735,キム ヒョンウ,大分,2001-10-10,single name match
name-only,9004075,チェ ヒョンチャン,山口,,49656,チェ ヒョンチャン,山口,2001-03-12,single name match
name-only,9004076,峰田 祐哉,山口,,60261,峰田 祐哉,山口,2002-12-01,single name match
name-only,9004077,磯谷 駿,山口,,61003,磯谷 駿,鳥栖,2002-07-30,single name match
name-only,9004078,小澤 亮太,山口,,61039,小澤 亮太,山口,2002-12-20,single name match
name-only,9004079,野寄 和哉,山口,,49305,野寄 和哉,山口,2000-06-26,single name match
name-only,9004080,池上 丈二,山口,,23268,池上 丈二,山口,1994-11-06,single name match
name-only,9004081,末永 透瑛,山口,,47656,末永 透瑛,山口,2005-10-13,single name match
name-only,9004082,板倉 洸,山口,,19528,板倉 洸,山口,1998-04-06,single name match
name-only,9004083,田邉 光平,山口,,46814,田邉 光平,山口,2001-10-09,single name match
name-only,9004084,横山 塁,山口,,44305,横山 塁,山形,1999-09-30,single name match
name-only,9004085,木村 有磨,山口,,61709,木村 有磨,山口,2007-02-05,single name match
name-only,9004086,奥山 洋平,山口,,45085,奥山 洋平,山口,1999-10-28,single name match
name-only,9004087,山本 駿亮,山口,,37985,山本 駿亮,山口,1999-03-24,single name match
name-only,9004088,古川 大悟,山口,,23291,古川 大悟,山口,1999-09-15,single name match
name-only,9004089,上田 智輝,福島,,12174,上田 智輝,福島,1996-03-03,single name match
name-only,9004090,安在 達弥,福島,,32427,安在 達弥,福島,1996-05-09,single name match
name-only,9004091,當麻 颯,福島,,32742,當麻 颯,福島,2002-04-21,single name match
name-only,9004092,野末 学,福島,,45308,野末 学,福島,2000-05-30,single name match
name-only,9004093,松長根 悠仁,福島,,48986,松長根 悠仁,川崎Ｆ,2004-09-14,single name match
name-only,9004094,由井 航太,福島,,49747,由井 航太,川崎Ｆ,2005-06-10,single name match
name-only,9004095,中村 翼,福島,,61659,中村 翼,福島,2002-04-26,team narrow-down
name-only,9004096,粟野 健翔,福島,,19351,粟野 健翔,福島,2001-01-05,single name match
name-only,9004097,石井 稜真,福島,,61660,石井 稜真,福島,2002-06-15,single name match
name-only,9004098,安西 駿,福島,,54804,安西 駿,福島,2000-05-01,single name match
name-only,9004099,藤谷 匠,福島,,29328,藤谷 匠,福島,1995-12-06,single name match
name-only,9004100,鈴 直樹,福島,,19632,鈴 直樹,福島,2000-04-13,single name match
name-only,9004101,柴田 徹,福島,,19525,柴田 徹,湘南,2001-02-18,single name match
name-only,9004102,上畑 佑平士,福島,,19339,上畑 佑平士,福島,1998-07-25,single name match
name-only,9004103,城定 幹大,福島,,49674,城定 幹大,鳥栖,2001-02-15,single name match
name-only,9004104,清水 一雅,福島,,23559,清水 一雅,福島,2001-08-02,single name match
name-only,9004105,佐藤 陽成,札幌,,37663,佐藤 陽成,札幌,2003-09-03,single name match
name-only,9004106,林田 友兜,札幌,,62993,林田 友兜,札幌,2005-05-22,single name match
name-only,9004107,キングロード サフォ,札幌,,61040,キングロード サフォ,札幌,2002-01-09,single name match
name-only,9004108,本間 ジャスティン,松本,,50489,本間 ジャスティン,神戸,2005-08-26,single name match
name-only,9004109,二ノ宮 慈洋,松本,,44991,二ノ宮 慈洋,松本,2003-11-10,single name match
name-only,9004110,樋口 大輝,松本,,49949,樋口 大輝,松本,2001-09-10,single name match
name-only,9004111,松村 厳,松本,,60385,松村 厳,松本,2002-06-20,single name match
name-only,9004112,佐相 壱明,松本,,29341,佐相 壱明,松本,1999-06-16,single name match
name-only,9004113,國分 龍司,松本,,49599,國分 龍司,松本,2000-10-04,single name match
name-only,9004114,ルーカス バルガス,松本,,62134,ルーカス バルガス,松本,2005-01-04,single name match
name-only,9004115,キム ジュンヒョン,松本,,61679,キム ジュンヒョン,松本,2006-03-23,single name match
name-only,9004116,野々村 鷹人,松本,,37950,野々村 鷹人,秋田,1998-05-13,single name match
name-only,9004117,山本 龍平,松本,,32326,山本 龍平,山口,2000-07-16,single name match
name-only,9004118,稲福 卓,松本,,37771,稲福 卓,松本,2002-05-02,single name match
name-only,9004119,村越 凱光,松本,,37545,村越 凱光,松本,2001-10-07,single name match
name-only,9004120,萩原 正太郎,松本,,61680,萩原 正太郎,松本,2006-06-14,single name match
name-only,9004121,前田 陸王,松本,,54763,前田 陸王,松本,2002-03-31,single name match
name-only,9004122,田中 想来,松本,,47197,田中 想来,松本,2004-11-11,single name match
name-only,9004123,渡邊 乃斗,松本,,61677,渡邊 乃斗,松本,2002-05-05,single name match
name-only,9004124,黒木 雄也,鳥栖,,55412,黒木 雄也,鳥栖,2007-12-04,single name match
name-only,9004125,上原 牧人,鳥栖,,37819,上原 牧人,鳥栖,1998-11-20,single name match
name-only,9004126,新川 志音,鳥栖,,61971,新川 志音,鳥栖,2007-08-06,single name match
name-only,9004127,東口 藍太郎,鳥栖,,63011,東口 藍太郎,鳥栖,2007-08-04,single name match
name-only,9004128,マルセル スカレゼ,愛媛,,62137,マルセル スカレゼ,愛媛,1996-04-17,single name match
name-only,9004129,深澤 佑太,愛媛,,49561,深澤 佑太,松本,2000-08-15,single name match
name-only,9004130,行友 翔哉,愛媛,,44921,行友 翔哉,愛媛,2005-01-05,single name match
name-only,9004131,鶴野 怜樹,愛媛,,44164,鶴野 怜樹,福岡,2001-01-26,single name match
name-only,9004132,佐藤 亮,愛媛,,37522,佐藤 亮,愛媛,1997-11-24,single name match
name-only,9004133,黒石 貴哉,愛媛,,31537,黒石 貴哉,愛媛,1997-02-24,single name match
name-only,9004134,吉田 温紀,愛媛,,38092,吉田 温紀,名古屋,2003-04-29,single name match
name-only,9004135,武藤 寛,愛媛,,61000,武藤 寛,愛媛,2003-09-02,single name match
name-only,9004136,ベン ダンカン,愛媛,,49765,ベン ダンカン,愛媛,2002-11-12,single name match
name-only,9004137,舩橋 京汰,愛媛,,49753,舩橋 京汰,愛媛,2005-07-31,single name match
name-only,9004138,アルトゥール ヴィアナ,愛媛,,62056,アルトゥール ヴィアナ,愛媛,2004-02-12,single name match
name-only,9004139,矢田貝 壮貴,秋田,,37938,矢田貝 壮貴,秋田,1998-06-11,single name match
name-only,9004140,畑橋 拓輝,秋田,,61686,畑橋 拓輝,秋田,2002-08-04,single name match
name-only,9004141,深港 壮一郎,秋田,,49304,深港 壮一郎,いわき,2000-08-12,single name match
name-only,9004142,藤山 智史,秋田,,23122,藤山 智史,秋田,1994-04-23,single name match
name-only,9004143,畑 潤基,秋田,,19686,畑 潤基,秋田,1994-08-14,single name match
name-only,9004144,鈴木 翔大,秋田,,44965,鈴木 翔大,秋田,1993-04-03,single name match
name-only,9004145,佐川 洸介,秋田,,29537,佐川 洸介,秋田,2000-05-11,single name match
name-only,9004146,ルカ ラドティッチ,秋田,,49761,ルカ ラドティッチ,長崎,2000-07-17,single name match
name-only,9004147,井上 竜太,秋田,,49586,井上 竜太,東京Ｖ,2000-07-25,single name match
name-only,9004148,村松 航太,秋田,,37549,村松 航太,鹿児島,1997-08-22,single name match
name-only,9004149,諸岡 裕人,秋田,,32421,諸岡 裕人,秋田,1997-01-04,single name match
name-only,9004150,小松 蓮,秋田,,19446,小松 蓮,神戸,1998-09-10,single name match
name-only,9004151,平吹 楽,FC大阪,,61863,平吹 楽,FC大阪,2000-01-30,single name match
name-only,9004152,美馬 和也,FC大阪,,49657,美馬 和也,FC大阪,1997-12-01,single name match
name-only,9004153,水口 湧斗,FC大阪,,49320,水口 湧斗,FC大阪,2000-06-16,single name match
name-only,9004154,山下 諒時,FC大阪,,19363,山下 諒時,FC大阪,2000-05-11,single name match
name-only,9004155,舘野 俊祐,FC大阪,,10496,舘野 俊祐,FC大阪,1993-05-19,single name match
name-only,9004156,芳賀 日陽,FC大阪,,29405,芳賀 日陽,FC大阪,2000-07-30,single name match
name-only,9004157,住田 将,FC大阪,,19375,住田 将,FC大阪,1999-08-19,single name match
name-only,9004158,久保 吏久斗,FC大阪,,49659,久保 吏久斗,FC大阪,1997-01-23,single name match
name-only,9004159,堀越 大蔵,FC大阪,,61772,堀越 大蔵,FC大阪,1996-09-14,single name match
name-only,9004160,西村 真祈,FC大阪,,54828,西村 真祈,秋田,2001-11-03,single name match
name-only,9004161,望月 想空,FC大阪,,54825,望月 想空,奈良,2001-04-03,single name match
name-only,9004162,菅原 大道,FC大阪,,45044,菅原 大道,FC大阪,1995-08-10,single name match
name-only,9004163,林田 魁斗,FC大阪,,32506,林田 魁斗,讃岐,2001-08-29,single name match
name-only,9004164,木匠 貴大,FC大阪,,49658,木匠 貴大,FC大阪,1993-04-07,single name match
name-only,9004165,夏川 大和,FC大阪,,54827,夏川 大和,FC大阪,2001-09-19,single name match
name-only,9004166,申 東旻,FC大阪,,61855,申 東旻,FC大阪,2003-05-04,single name match
name-only,9004167,堤 奏一郎,FC大阪,,54826,堤 奏一郎,FC大阪,2001-10-05,single name match
name-only,9004168,李 東烈,FC大阪,,61956,李 東烈,FC大阪,2004-05-21,single name match
name-only,9004169,澤崎 凌大,FC大阪,,44761,澤崎 凌大,松本,2002-03-21,single name match
name-only,9004170,松本 孝平,FC大阪,,23245,松本 孝平,FC大阪,1994-07-31,single name match
name-only,9004171,朴 勢己,磐田,,54786,朴 勢己,高知,2005-05-16,single name match
name-only,9004172,川合 徳孟,磐田,,49755,川合 徳孟,磐田,2007-03-03,single name match
name-only,9004173,西澤 翼,磐田,,61681,西澤 翼,磐田,2002-08-29,single name match
name-only,9004174,甲斐 佑蒼,磐田,,62297,甲斐 佑蒼,磐田,2007-05-02,single name match
name-only,9004175,石塚 蓮歩,磐田,,62298,石塚 蓮歩,磐田,2007-12-17,single name match
name-only,9004176,高嶋 修也,栃木,,49618,高嶋 修也,讃岐,2000-04-24,single name match
name-only,9004177,木邨 優人,栃木,,61718,木邨 優人,栃木SC,2002-09-16,single name match
name-only,9004178,屋宜 和真,栃木,,61722,屋宜 和真,栃木SC,2002-12-10,single name match
name-only,9004179,井出 真太郎,栃木,,54796,井出 真太郎,栃木SC,2001-10-15,single name match
name-only,9004180,庄司 朗,栃木,,61713,庄司 朗,栃木SC,2002-10-10,single name match
name-only,9004181,小堀 空,栃木,,37871,小堀 空,栃木SC,2002-12-17,single name match
name-only,9004182,オタボー ケネス,栃木,,37970,オタボー ケネス,栃木SC,2002-05-13,single name match
name-only,9004183,星野 創輝,栃木,,61715,星野 創輝,栃木SC,2002-06-06,single name match
name-only,9004184,鹿野 修平,栃木,,44981,鹿野 修平,栃木SC,1999-08-27,single name match
name-only,9004185,平松 航,栃木,,49009,平松 航,八戸,2000-05-09,single name match
name-only,9004186,大森 博,栃木,,38028,大森 博,岡山,2002-09-10,single name match
name-only,9004187,岩﨑 博,栃木,,61717,岩﨑 博,栃木SC,2002-10-11,single name match
name-only,9004188,高橋 秀典,栃木,,37977,高橋 秀典,秋田,1998-07-18,single name match
name-only,9004189,吉野 陽翔,栃木,,49323,吉野 陽翔,栃木SC,2002-08-04,single name match
name-only,9004190,川名 連介,栃木,,54768,川名 連介,栃木SC,2002-02-18,single name match
name-only,9004191,五十嵐 太陽,栃木,,44625,五十嵐 太陽,栃木SC,2003-04-14,single name match
name-only,9004192,梅田 陸空,仙台,,49678,梅田 陸空,琉球,2000-10-27,single name match
name-only,9004193,髙田 椋汰,仙台,,48799,髙田 椋汰,仙台,2000-06-10,single name match
name-only,9004194,石井 隼太,仙台,,51643,石井 隼太,仙台,2001-07-06,single name match
name-only,9004195,松井 蓮之,仙台,,38042,松井 蓮之,仙台,2000-02-27,single name match
name-only,9004196,工藤 蒼生,仙台,,19354,工藤 蒼生,仙台,2000-05-31,single name match
name-only,9004197,オナイウ 情滋,仙台,,48935,オナイウ 情滋,横浜FM,2000-11-11,single name match
name-only,9004198,名願 斗哉,仙台,,49681,名願 斗哉,川崎Ｆ,2004-06-29,single name match
name-only,9004199,梅木 翼,仙台,,37789,梅木 翼,仙台,1998-11-24,single name match
name-only,9004200,安野 匠,仙台,,61063,安野 匠,仙台,2006-04-08,single name match
name-only,9004201,湯谷 杏吏,仙台,,61062,湯谷 杏吏,仙台,2002-07-08,single name match
name-only,9004202,横山 颯大,仙台,,55403,横山 颯大,仙台,2006-05-30,single name match
name-only,9004203,南 創太,仙台,,61667,南 創太,仙台,2006-06-15,single name match
name-only,9004204,西丸 道人,仙台,,54823,西丸 道人,仙台,2005-06-15,single name match
name-only,9004205,中田 有祐,仙台,,62291,中田 有祐,仙台,2004-06-05,single name match
name-only,9004206,市原 亮太,今治,,38050,市原 亮太,今治,1998-05-25,single name match
name-only,9004207,西袋 裕太,今治,,54726,西袋 裕太,北九州,1994-09-06,single name match
name-only,9004208,竹内 悠力,今治,,54725,竹内 悠力,今治,2001-09-29,single name match
name-only,9004209,弓場 堅真,今治,,54727,弓場 堅真,鳥栖,2000-10-12,single name match
name-only,9004210,ヴィニシウス ディニス,今治,,61970,ヴィニシウス ディニス,今治,1999-07-25,single name match
name-only,9004211,笹 修大,今治,,61665,笹 修大,今治,2006-08-31,single name match
name-only,9004212,藤岡 浩介,今治,,11296,藤岡 浩介,山口,1994-08-13,single name match
name-only,9004213,日野 友貴,今治,,54731,日野 友貴,滋賀,1997-06-15,single name match
name-only,9004214,植田 峻佑,今治,,19144,植田 峻佑,今治,1988-04-04,single name match
name-only,9004215,阿部 稜汰,今治,,54732,阿部 稜汰,愛媛,2001-07-07,single name match
name-only,9004216,大森 理生,今治,,32519,大森 理生,FC東京,2002-07-21,single name match
name-only,9004217,梅木 怜,今治,,49781,梅木 怜,今治,2005-08-25,single name match
name-only,9004218,佐藤 璃樹,今治,,44992,佐藤 璃樹,今治,2003-11-30,single name match
name-only,9004219,横山 夢樹,今治,,49782,横山 夢樹,Ｃ大阪,2005-09-23,single name match
name-only,9004220,馬越 晃,今治,,45182,馬越 晃,今治,2005-07-13,single name match
name-only,9004221,マルクス ヴィニシウス,今治,,45632,マルクス ヴィニシウス,名古屋,1998-01-24,single name match
name-only,9004222,ウェズレイ タンキ,今治,,60464,ウェズレイ タンキ,今治,1996-07-14,single name match
name-only,9004223,福田 武玖,徳島,,48937,福田 武玖,徳島,2007-10-20,single name match
name-only,9004224,青木 駿人,徳島,,50480,青木 駿人,徳島,2001-04-06,single name match
name-only,9004225,山下 雄大,徳島,,49652,山下 雄大,愛媛,2000-08-23,single name match
name-only,9004226,玄 理吾,徳島,,45057,玄 理吾,鳥栖,2003-12-30,single name match
name-only,9004227,髙田 颯也,徳島,,37601,髙田 颯也,徳島,2001-08-15,single name match
name-only,9004228,ローレンス デイビッド,徳島,,61678,ローレンス デイビッド,徳島,2006-04-25,single name match
name-only,9004229,坪井 清志郎,徳島,,29293,坪井 清志郎,富山,2000-02-01,single name match
name-only,9004230,ルーカス バルセロス,徳島,,61675,ルーカス バルセロス,徳島,1998-07-19,single name match
name-only,9004231,宮村 璃玖,徳島,,48936,宮村 璃玖,徳島,2007-10-26,single name match
name-only,9004232,長村 嶺央,徳島,,62058,長村 嶺央,徳島,2007-09-12,single name match
name-only,9004233,ジョアン ヴィクトル,徳島,,61673,ジョアン ヴィクトル,徳島,1999-02-25,single name match
name-only,9004234,江﨑 巧朗,磐田,,45065,江﨑 巧朗,磐田,2000-02-05,single name match
name-only,9004235,荒木 翔,甲府,,29335,荒木 翔,甲府,1995-08-25,single name match
name-only,9004236,土屋 巧,甲府,,44950,土屋 巧,柏,2003-10-25,single name match
name-only,9004237,下堂 竜聖,山口,,45005,下堂 竜聖,山口,1996-04-17,single name match
name-only,9004238,有田 稜,山口,,44964,有田 稜,鹿児島,1999-08-28,single name match
name-only,9004239,ニック マルスマン,山口,,61696,ニック マルスマン,山口,1990-10-01,single name match
name-only,9004240,宮部 大己,松本,,37867,宮部 大己,松本,1998-10-16,single name match
name-only,9004245,竹中 元汰,富山,,61705,竹中 元汰,富山,2003-01-25,single name match
name-only,9004246,椎名 伸志,富山,,11900,椎名 伸志,富山,1991-10-15,single name match
name-only,9004247,溝口 駿,富山,,60351,溝口 駿,富山,2002-06-06,single name match
name-only,9004248,田中 悠也,北九州,,32322,田中 悠也,大分,2000-05-10,single name match
name-only,9004249,杉山 耕二,北九州,,44920,杉山 耕二,愛媛,1998-04-19,single name match
name-only,9004250,山脇 樺織,北九州,,49654,山脇 樺織,福岡,2000-12-17,single name match
name-only,9004251,佃 颯太,横浜FC,,62289,佃 颯太,横浜FC,2007-08-28,single name match
name-only,9004252,秦 樹,横浜FC,,60438,秦 樹,横浜FC,2007-05-01,single name match
name-only,9004253,山田 貴文,今治,,37602,山田 貴文,今治,1992-04-19,single name match
name-only,9004254,佐藤 大樹,秋田,,23379,佐藤 大樹,秋田,1999-04-23,single name match
name-only,9004255,小野原 和哉,秋田,,29589,小野原 和哉,秋田,1996-04-19,single name match
name-only,9004256,大石 竜平,秋田,,32356,大石 竜平,秋田,1997-01-21,single name match
name-only,9004257,中村 亮太,秋田,,11335,中村 亮太,秋田,1991-01-28,single name match
name-only,9004258,狩野 海晟,福島,,40848,狩野 海晟,福島,2002-02-08,single name match
name-only,9004259,菅原 龍之助,栃木,,19358,菅原 龍之助,FC大阪,2000-07-28,single name match
name-only,9004260,揚石 琉生,栃木,,45717,揚石 琉生,栃木SC,2006-02-18,single name match
name-only,9004261,レオ バイーア,横浜FC,,49701,レオ バイーア,横浜FC,1994-11-04,single name match
name-only,9004262,吉村 瑠晟,磐田,,54855,吉村 瑠晟,磐田,2003-07-02,single name match
name-only,9004263,濱 託巳,富山,,32347,濱 託巳,高知,1996-09-11,single name match
name-only,9004264,竹内 豊,富山,,61702,竹内 豊,富山,2003-01-21,single name match
name-only,9004265,今瀬 淳也,富山,,15770,今瀬 淳也,富山,1993-01-03,single name match
name-only,9004266,瀬良 俊太,富山,,54781,瀬良 俊太,富山,2001-10-11,single name match
name-only,9004268,喜岡 佳太,山口,,37520,喜岡 佳太,山口,1997-10-05,single name match
name-only,9004271,松本 果成,湘南,,61766,松本 果成,湘南,2007-01-19,single name match
name-only,9004273,林 慧,湘南,,8066,林 慧,湘南,1988-06-13,single name match
name-only,9004284,森田 真吾,甲府,,5756,森田 真吾,甲府,1978-12-09,single name match
name-only,9004291,金守 智哉,大分,,6432,金守 智哉,愛媛,1982-04-02,single name match
name-only,9004298,阿部 哲也,札幌,,6828,阿部 哲也,札幌,1983-06-24,single name match
name-only,9004308,鈴木 良和,湘南,,6533,鈴木 良和,水戸,1982-06-01,single name match
name-only,9004309,ガビリア,湘南,,6539,ガビリア,湘南,1969-11-27,single name match
name-only,9004310,アングロ,湘南,,6537,アングロ,湘南,1974-01-20,single name match
name-only,9004311,川崎 元気,大分,,2129,川崎 元気,鳥栖,1979-02-02,single name match
name-only,9004312,崔 文植,大分,,6438,崔 文植,大分,1971-01-06,single name match
name-only,9004313,クビツァ,大分,,6243,クビツァ,大分,1972-07-07,single name match
name-only,9004314,上村 祐司,大宮,,1973,上村 祐司,大宮,1976-03-16,single name match
name-only,9004315,岡本 隆吾,大宮,,1332,岡本 隆吾,大宮,1973-12-05,single name match
name-only,9004316,小阪 昭典,大宮,,3381,小阪 昭典,大宮,1975-09-14,single name match
name-only,9004317,宮下 真洋,大宮,,3365,宮下 真洋,大宮,1975-10-10,single name match
name-only,9004318,新井 健二,新潟,,6435,新井 健二,新潟,1978-05-19,single name match
name-only,9004319,中野 圭一郎,新潟,,2276,中野 圭一郎,新潟,1976-03-29,single name match
name-only,9004320,小林 高道,新潟,,4928,小林 高道,新潟,1979-01-03,single name match
name-only,9004321,大西 昌之,新潟,,6099,大西 昌之,新潟,1977-07-05,single name match
name-only,9004322,前田 義貴,鳥栖,,3347,前田 義貴,鳥栖,1975-08-29,single name match
name-only,9004323,松田 考功,鳥栖,,98,松田 考功,鳥栖,1974-08-14,single name match
name-only,9004324,佐藤 陽彦,鳥栖,,2912,佐藤 陽彦,鳥栖,1978-06-27,single name match
name-only,9004325,北内 耕成,鳥栖,,1305,北内 耕成,鳥栖,1974-04-25,single name match
name-only,9004326,高木 健旨,鳥栖,,1443,高木 健旨,鳥栖,1976-05-13,single name match
name-only,9004327,佐藤 大実,鳥栖,,1340,佐藤 大実,鳥栖,1975-12-22,single name match
name-only,9004328,福留 亮,鳥栖,,2930,福留 亮,鳥栖,1978-06-26,single name match
name-only,9004329,関本 恒一,鳥栖,,2294,関本 恒一,鳥栖,1978-05-23,single name match
name-only,9004330,矢部 次郎,鳥栖,,2917,矢部 次郎,鳥栖,1978-05-26,single name match
name-only,9004331,吾妻 弘将,甲府,,3395,吾妻 弘将,甲府,1977-08-29,single name match
name-only,9004332,仲田 建二,甲府,,1371,仲田 建二,甲府,1973-10-04,single name match
name-only,9004333,ヴァギネル,甲府,,6587,ヴァギネル,甲府,1978-01-09,single name match
name-only,9004334,谷奥 優作,甲府,,2075,谷奥 優作,徳島,1978-10-18,single name match
name-only,9004335,フレイタス,甲府,,6586,フレイタス,甲府,1978-01-20,single name match
name-only,9004336,金子 誠,甲府,,1948,金子 誠,甲府,1975-12-09,single name match
name-only,9004337,デイリ,甲府,,6588,デイリ,甲府,1980-03-08,single name match
name-only,9004338,川北 裕介,甲府,,4702,川北 裕介,愛媛,1978-05-13,single name match
name-only,9004417,アシス,札幌,,5800,アシス,札幌,1971-11-10,single name match
name-only,9000017,アンデルソン ロペス,横浜FM,,19654,アンデルソン ロペス,横浜FM,1993-09-15,single name match
name-only,9000048,前田 直輝,浦和,,11216,前田 直輝,広島,1994-11-17,single name match
name-only,9004289,文 濟天,東京V,,8517,文 濟天,東京Ｖ,1987-04-15,single name match
name-only,9004339,加納 昌弘,甲府,,6161,加納 昌弘,甲府,1977-04-04,single name match
name-only,9004340,斉藤 誠一,山形,,4659,斉藤 誠一,山形,1976-07-22,single name match
name-only,9004341,太田 雅之,山形,,1925,太田 雅之,山形,1973-06-17,single name match
name-only,9004342,高橋 健二,山形,,1741,高橋 健二,山形,1970-06-05,single name match
name-only,9004343,斉藤 武志,山形,,2409,斉藤 武志,山形,1979-06-01,single name match
name-only,9004344,小久保 純,山形,,5236,小久保 純,群馬,1980-09-08,single name match
name-only,9004345,松田 英樹,山形,,6109,松田 英樹,山形,1981-09-02,single name match
name-only,9004346,中澤 友秀,横浜FC,,2830,中澤 友秀,横浜FC,1980-09-13,single name match
name-only,9004347,佐藤 正美,横浜FC,,5243,佐藤 正美,群馬,1981-08-26,single name match
name-only,9004348,庄司 孝,大分,,395,庄司 孝,大分,1971-09-14,single name match
name-only,9004349,西脇 徹也,大宮,,3327,西脇 徹也,大宮,1977-05-22,single name match
name-only,9004350,眞中 幹夫,横浜FC,,63,眞中 幹夫,横浜FC,1969-05-22,single name match
name-only,9004355,松裏 英明,甲府,,5990,松裏 英明,甲府,1981-06-25,single name match
name-only,9004356,土橋 宏由樹,甲府,,5766,土橋 宏由樹,甲府,1977-11-27,single name match
name-only,9004358,東 幸一,鳥栖,,5359,東 幸一,鳥栖,1978-08-23,single name match
name-only,9004359,古川 隆志,鳥栖,,6104,古川 隆志,鳥栖,1981-10-28,single name match
name-only,9004360,森 惠佑,鳥栖,,5146,森 惠佑,水戸,1980-04-17,single name match
name-only,9004361,島袋 信介,鳥栖,,6494,島袋 信介,鳥栖,1983-01-13,single name match
name-only,9004362,武田 直隆,新潟,,5327,武田 直隆,新潟,1978-07-13,single name match
name-only,9004363,長谷川 太一,新潟,,6005,長谷川 太一,新潟,1981-02-26,single name match
name-only,9004364,リンドマール,新潟,,6493,リンドマール,新潟,1977-11-20,single name match
name-only,9004365,杉本 圭,湘南,,5919,杉本 圭,湘南,1982-06-04,single name match
name-only,9004367,鈴木 克美,山形,,1718,鈴木 克美,山形,1969-04-21,single name match
name-only,9004368,根本 亮助,山形,,5793,根本 亮助,山形,1980-08-24,single name match
name-only,9004369,西川 吉英,大分,,5280,西川 吉英,湘南,1978-04-10,single name match
name-only,9004371,前田 隆,大分,,6085,前田 隆,大分,1981-08-01,single name match
name-only,9004374,ヤン,大宮,,4362,ヤン,大宮,1969-01-28,single name match
name-only,9004375,マーク,大宮,,6021,マーク,大宮,1969-02-12,single name match
name-only,9004377,藤田 慎一,甲府,,1356,藤田 慎一,甲府,1973-04-10,single name match
name-only,9004378,新明 正広,甲府,,853,新明 正広,甲府,1972-07-16,single name match
name-only,9004379,坂本 武久,甲府,,1808,坂本 武久,甲府,1971-08-26,single name match
name-only,9004380,赤尾 佳宣,甲府,,2074,赤尾 佳宣,甲府,1975-10-03,single name match
name-only,9004381,福島 大地,甲府,,1186,福島 大地,甲府,1977-08-01,single name match
name-only,9004382,ナシメント,新潟,,6058,ナシメント,新潟,1979-10-21,single name match
name-only,9004384,斎藤 克幸,仙台,,1315,斎藤 克幸,仙台,1973-04-07,single name match
name-only,9004385,山路 嘉人,仙台,,844,山路 嘉人,仙台,1971-01-13,single name match
name-only,9004386,瀬川 誠,仙台,,222,瀬川 誠,仙台,1974-11-26,single name match
name-only,9004387,小林 悟,鳥栖,,734,小林 悟,新潟,1973-08-26,single name match
name-only,9004388,森保 洋,鳥栖,,749,森保 洋,鳥栖,1972-01-29,single name match
name-only,9004389,小石 龍臣,鳥栖,,6105,小石 龍臣,鳥栖,1977-08-22,single name match
name-only,9004390,片渕 浩一郎,鳥栖,,4315,片渕 浩一郎,新潟,1975-04-29,single name match
name-only,9004392,ヴァルディネイ,大分,,2101,ヴァルディネイ,大分,1971-04-20,single name match
name-only,9004393,佐藤 淳志,山形,,1735,佐藤 淳志,山形,1975-02-04,single name match
name-only,9004394,中森 大介,山形,,2169,中森 大介,山形,1974-07-10,single name match
name-only,9004395,小田島 隆幸,山形,,5273,小田島 隆幸,群馬,1977-09-15,single name match
name-only,9004396,真下 佐登史,山形,,1970,真下 佐登史,山形,1974-03-06,single name match
name-only,9004397,オルティス,湘南,,6173,オルティス,湘南,1977-12-27,single name match
name-only,9004398,酒井 良,湘南,,6113,酒井 良,町田,1977-08-09,single name match
name-only,9004401,小松崎 保,札幌,,539,小松崎 保,横浜FC,1970-07-10,single name match
name-only,9004402,島岡 健太,鳥栖,,2336,島岡 健太,鳥栖,1973-07-26,single name match
name-only,9004403,朴 永浩,鳥栖,,2019,朴 永浩,鳥栖,1974-05-29,single name match
name-only,9004404,依田 光正,山形,,6106,依田 光正,群馬,1977-08-07,single name match
name-only,9004405,神田 文之,甲府,,6162,神田 文之,甲府,1977-09-29,single name match
name-only,9004406,高山 洋平,甲府,,2076,高山 洋平,甲府,1979-11-26,single name match
name-only,9004475,岡田 直彦,札幌,,1836,岡田 直彦,札幌,1978-12-30,single name match
name-only,9005138,フォゲッチ,甲府,,37681,フォゲッチ,甲府,1996-02-01,single name match
name-only,9000046,原口 元気,浦和,,9571,原口 元気,浦和,1991-05-09,single name match
name-only,9005142,海本 慶太朗,大宮,,41108,海本 慶太朗,大宮,2004-07-06,single name match
name-only,9000009,ラファエル ハットン,C大阪,,15946,ラファエル ハットン,Ｃ大阪,1995-11-30,single name match
name-only,9001340,中川 創,柏,,23169,中川 創,藤枝,1999-06-01,single name match
name-only,9004418,柴 暢彦,新潟,,1104,柴 暢彦,新潟,1974-04-18,single name match
name-only,9004419,水越 潤,新潟,,3895,水越 潤,甲府,1975-01-15,single name match
name-only,9004420,サウロ,新潟,,5900,サウロ,新潟,1974-04-11,single name match
name-only,9004421,恒松 伴典,新潟,,3354,恒松 伴典,新潟,1976-07-16,single name match
name-only,9004422,ドゥバイッチ,仙台,,4245,ドゥバイッチ,仙台,1966-02-19,single name match
name-only,9004423,渡辺 佳孝,仙台,,2363,渡辺 佳孝,仙台,1973-04-18,single name match
name-only,9004424,ニクソン,仙台,,5911,ニクソン,仙台,1973-08-15,single name match
name-only,9004425,伊藤 壇,仙台,,4294,伊藤 壇,仙台,1975-11-03,single name match
name-only,9004426,高田 純,仙台,,1437,高田 純,仙台,1977-12-06,single name match
name-only,9004427,千葉 泰伸,仙台,,1750,千葉 泰伸,仙台,1971-04-11,single name match
name-only,9004431,木村 哲昌,甲府,,1675,木村 哲昌,千葉,1972-01-24,single name match
name-only,9004432,石原 大助,甲府,,1785,石原 大助,甲府,1971-12-09,single name match
name-only,9004433,小田切 道治,甲府,,2913,小田切 道治,富山,1978-09-02,single name match
name-only,9004435,崔 大植,大分,,1515,崔 大植,大分,1965-01-10,single name match
name-only,9004437,小池 良平,大分,,5881,小池 良平,大分,1980-08-24,single name match
name-only,9004438,清水 和昌,大分,,3344,清水 和昌,大分,1976-06-30,single name match
name-only,9004439,ヨルン,大宮,,4361,ヨルン,大宮,1967-11-18,single name match
name-only,9004440,豊田 泰広,大宮,,3389,豊田 泰広,大宮,1976-05-02,single name match
name-only,9004441,北原 健二,大宮,,5910,北原 健二,水戸,1976-05-10,single name match
name-only,9004442,平本 大介,大宮,,2197,平本 大介,大宮,1974-11-21,single name match
name-only,9004443,牧野 真二,鳥栖,,1861,牧野 真二,鳥栖,1976-05-29,single name match
name-only,9004444,本街 直樹,山形,,62,本街 直樹,山形,1968-07-31,single name match
name-only,9004445,飯塚 浩記,山形,,2166,飯塚 浩記,山形,1978-04-04,single name match
name-only,9004446,ムタイル,山形,,1338,ムタイル,山形,1975-06-02,single name match
name-only,9004447,田畑 輝樹,新潟,,4382,田畑 輝樹,新潟,1979-04-16,single name match
name-only,9004448,池田 誠,新潟,,3572,池田 誠,新潟,1977-07-08,single name match
name-only,9004449,佐藤 真一,鳥栖,,1716,佐藤 真一,鳥栖,1975-09-14,single name match
name-only,9004450,原田 紘介,山形,,1361,原田 紘介,山形,1977-12-21,single name match
name-only,9004451,大石 篤人,甲府,,3390,大石 篤人,甲府,1976-10-24,single name match
name-only,9004461,浅沼 達也,札幌,,839,浅沼 達也,札幌,1970-07-13,single name match
name-only,9004462,氏家 貴士,鳥栖,,1407,氏家 貴士,鳥栖,1975-05-20,single name match
name-only,9004463,米山 隆一,鳥栖,,135,米山 隆一,鳥栖,1969-02-18,single name match
name-only,9004464,森 純一,鳥栖,,1683,森 純一,鳥栖,1971-06-08,single name match
name-only,9004465,中吉 裕司,札幌,,1945,中吉 裕司,大分,1972-09-04,single name match
name-only,9004466,鈴木 俊,鳥栖,,143,鈴木 俊,鳥栖,1974-04-29,single name match
name-only,9004467,寶示戸 進哉,磐田,,2943,寶示戸 進哉,甲府,1978-10-04,single name match
name-only,9004468,土田 哲也,札幌,,1314,土田 哲也,札幌,1972-04-24,single name match
name-only,9004482,カルロス・アルベルト,磐田,,435,カルロス・アルベルト,FC東京,1963-11-25,single name match
name-only,9004483,バンデレイ,磐田,,482,バンデレイ,磐田,1968-08-22,single name match
name-only,9004484,田端 秀規,磐田,,443,田端 秀規,磐田,1970-08-15,single name match
name-only,9004486,森 正明,湘南,,1565,森 正明,湘南,1961-07-12,single name match
name-only,9004487,川田 信茂,湘南,,417,川田 信茂,湘南,1970-12-03,single name match
name-only,9004492,ウィルソン・マノ,湘南,,509,ウィルソン・マノ,湘南,1964-05-23,single name match
name-only,9004502,梅澤 学,横浜F,,192,梅澤 学,横浜Ｆ,1972-08-29,single name match
name-only,9004516,増谷 幸祐,琉球,,19186,増谷 幸祐,琉球,1993-07-01,single name match
name-only,9004517,幸喜 祐心,琉球,,37827,幸喜 祐心,琉球,2005-05-05,single name match
name-only,9004518,山内 舟征,琉球,,49644,山内 舟征,岩手,2000-12-13,single name match
name-only,9004519,鍵山 慶司,琉球,,49650,鍵山 慶司,琉球,2000-01-20,single name match
name-only,9004520,武沢 一翔,琉球,,44925,武沢 一翔,琉球,1999-10-27,single name match
name-only,9004521,山原 康太郎,藤枝,,49247,山原 康太郎,愛媛,2000-09-19,single name match
name-only,9004522,ウエンデル,藤枝,,54741,ウエンデル,藤枝,1999-10-12,single name match
name-only,9004523,杉田 真彦,藤枝,,37615,杉田 真彦,藤枝,1995-06-16,single name match
name-only,9004524,小関 陽星,藤枝,,48969,小関 陽星,藤枝,2000-04-18,single name match
name-only,9004525,平尾 拳士朗,藤枝,,49554,平尾 拳士朗,藤枝,2000-10-09,single name match
name-only,9004526,北川 柊斗,群馬,,23537,北川 柊斗,滋賀,1995-06-01,single name match
name-only,9004527,天笠 泰輝,群馬,,37826,天笠 泰輝,千葉,2000-05-11,single name match
name-only,9004528,金城 ジャスティン俊樹,相模原,,31503,金城 ジャスティン俊樹,相模原,1997-02-22,single name match
name-only,9004529,橋本 陸,相模原,,37639,橋本 陸,FC大阪,1998-02-11,single name match
name-only,9004530,若林 龍,相模原,,49631,若林 龍,相模原,2000-05-07,single name match
name-only,9004531,ブルーノ サントス,相模原,,54783,ブルーノ サントス,相模原,1996-11-18,single name match
name-only,9004532,吉武 莉央,相模原,,49627,吉武 莉央,相模原,1997-10-16,single name match
name-only,9004533,パブロ ヒアン,相模原,,54833,パブロ ヒアン,相模原,2001-08-27,single name match
name-only,9004534,ファブリシオ バイアーノ,相模原,,54790,ファブリシオ バイアーノ,相模原,1992-06-13,single name match
name-only,9004535,臼井 貫太,讃岐,,23282,臼井 貫太,讃岐,1999-10-09,single name match
name-only,9004536,奥田 雄大,讃岐,,37558,奥田 雄大,奈良,1997-05-01,single name match
name-only,9004537,左合 修土,讃岐,,54817,左合 修土,讃岐,2002-02-06,single name match
name-only,9004538,江口 直生,讃岐,,12025,江口 直生,讃岐,1992-03-22,single name match
name-only,9004539,福井 悠人,讃岐,,44160,福井 悠人,讃岐,2003-07-12,single name match
name-only,9004540,赤星 魁麻,讃岐,,49617,赤星 魁麻,讃岐,1997-01-09,single name match
name-only,9004541,小山 聖也,讃岐,,44223,小山 聖也,讃岐,2003-04-21,single name match
name-only,9004542,中島 遼太郎,讃岐,,54816,中島 遼太郎,讃岐,2001-10-01,single name match
name-only,9004543,宗近 慧,讃岐,,9920,宗近 慧,讃岐,1992-05-29,single name match
name-only,9004544,冨永 虹七,讃岐,,37903,冨永 虹七,神戸,2004-07-18,single name match
name-only,9004545,大野 耀平,讃岐,,23197,大野 耀平,讃岐,1994-12-06,single name match
name-only,9004546,山田 元気,秋田,,11240,山田 元気,秋田,1994-12-16,single name match
name-only,9004547,栗本 広輝,秋田,,45109,栗本 広輝,秋田,1990-06-16,single name match
name-only,9004548,吉田 伊吹,秋田,,32724,吉田 伊吹,鳥取,1997-11-01,single name match
name-only,9004549,鈴木 陽成,秋田,,47658,鈴木 陽成,秋田,2004-12-22,single name match
name-only,9004550,丹羽 詩温,秋田,,23140,丹羽 詩温,讃岐,1994-06-18,single name match
name-only,9004551,大野 哲煥,鹿児島,,10413,大野 哲煥,鹿児島,1993-10-25,single name match
name-only,9004556,青木 心,宮崎,,49580,青木 心,徳島,2000-06-09,single name match
name-only,9004557,青山 生,宮崎,,37905,青山 生,宮崎,1996-04-11,single name match
name-only,9004558,吉田 朋恭,宮崎,,37640,吉田 朋恭,宮崎,1997-09-24,single name match
name-only,9004559,江口 稜馬,宮崎,,45075,江口 稜馬,宮崎,1999-10-22,single name match
name-only,9004560,高瀬 生聖,宮崎,,54752,高瀬 生聖,宮崎,2001-07-06,single name match
name-only,9004561,大渕 来珠,宮崎,,37858,大渕 来珠,宮崎,2003-07-21,single name match
name-only,9004562,上野 瑶介,宮崎,,54750,上野 瑶介,琉球,1998-10-09,single name match
name-only,9004563,代 健司,宮崎,,11021,代 健司,宮崎,1989-03-27,single name match
name-only,9004564,奥田 裕貴,宮崎,,23185,奥田 裕貴,宮崎,1992-10-05,single name match
name-only,9004565,田中 純平,宮崎,,45079,田中 純平,宮崎,1999-12-06,single name match
name-only,9004566,楠 大樹,宮崎,,49628,楠 大樹,宮崎,2000-07-15,single name match
name-only,9004567,橋本 啓吾,宮崎,,38090,橋本 啓吾,宮崎,1998-09-17,single name match
name-only,9004572,岡野 凜平,北九州,,48990,岡野 凜平,北九州,2000-09-15,single name match
name-only,9004573,井野 文太,北九州,,45017,井野 文太,北九州,2003-09-12,single name match
name-only,9004574,乾 貴哉,北九州,,15748,乾 貴哉,栃木Ｃ,1996-05-12,single name match
name-only,9004575,平山 駿,北九州,,37975,平山 駿,北九州,1998-10-06,single name match
name-only,9004576,本村 武揚,北九州,,32689,本村 武揚,北九州,1997-06-20,single name match
name-only,9004577,伊東 進之輔,北九州,,45015,伊東 進之輔,北九州,2003-04-18,single name match
name-only,9004578,井澤 春輝,北九州,,23398,井澤 春輝,北九州,1999-06-14,single name match
name-only,9004579,若谷 拓海,北九州,,49645,若谷 拓海,北九州,2001-04-01,single name match
name-only,9004580,小林 里駆,北九州,,29406,小林 里駆,高知,2001-08-02,single name match
name-only,9004581,髙橋 隆大,北九州,,49690,髙橋 隆大,北九州,2004-10-30,single name match
name-only,9004582,西川 幸之介,大分,,37968,西川 幸之介,水戸,2002-09-11,single name match
name-only,9004583,木本 真翔,大分,,55405,木本 真翔,大分,2003-09-22,single name match
name-only,9004584,小野 俊輔,大分,,49338,小野 俊輔,大分,2005-06-08,single name match
name-only,9004585,保田 堅心,大分,,37763,保田 堅心,大分,2005-03-05,single name match
name-only,9004586,佐藤 丈晟,大分,,37761,佐藤 丈晟,大分,2004-10-28,single name match
name-only,9004587,宇津元 伸弥,大分,,38043,宇津元 伸弥,大分,2000-03-29,single name match
name-only,9004588,武者 大夢,沼津,,40766,武者 大夢,熊本,1999-01-07,single name match
name-only,9004589,遠山 悠希,沼津,,45068,遠山 悠希,沼津,2003-11-06,single name match
name-only,9004590,持井 響太,沼津,,37838,持井 響太,今治,1999-01-20,single name match
name-only,9004591,津久井 匠海,沼津,,32430,津久井 匠海,千葉,2002-04-30,single name match
name-only,9004592,森 夢真,沼津,,37642,森 夢真,沼津,2001-07-02,single name match
name-only,9004593,渡辺 健太,沼津,,19430,渡辺 健太,沼津,1998-04-28,single name match
name-only,9004594,中村 勇太,沼津,,54808,中村 勇太,沼津,1999-07-06,single name match
name-only,9004595,岩崎 圭吾,沼津,,46832,岩崎 圭吾,沼津,2004-11-29,single name match
name-only,9004596,和田 育,沼津,,49698,和田 育,FC大阪,2000-12-19,single name match
name-only,9004597,杉本 大雅,沼津,,37995,杉本 大雅,沼津,2003-01-02,single name match
name-only,9004598,赤塚 ミカエル,沼津,,49699,赤塚 ミカエル,沼津,2000-11-01,single name match
name-only,9004599,有田 恵人,仙台,,32721,有田 恵人,仙台,2002-01-24,single name match
name-only,9004600,鎌田 大夢,仙台,,37641,鎌田 大夢,仙台,2001-06-23,single name match
name-only,9004601,菅田 真啓,仙台,,37633,菅田 真啓,仙台,1997-06-28,single name match
name-only,9004602,郷家 友太,仙台,,29290,郷家 友太,神戸,1999-06-10,single name match
name-only,9004603,小川 大空,愛媛,,44655,小川 大空,鳥栖,1999-10-18,single name match
name-only,9004604,谷岡 昌,愛媛,,32605,谷岡 昌,愛媛,2001-07-14,single name match
name-only,9004605,石浦 大雅,愛媛,,32728,石浦 大雅,琉球,2001-11-22,single name match
name-only,9004606,佐藤 諒,愛媛,,44982,佐藤 諒,奈良,1997-09-24,single name match
name-only,9004607,カン ソンチャン,愛媛,,54764,カン ソンチャン,愛媛,2005-11-19,single name match
name-only,9004608,谷本 駿介,愛媛,,23495,谷本 駿介,富山,2001-03-07,single name match
name-only,9004612,大和 優槻,盛岡,,44958,大和 優槻,琉球,2003-07-16,single name match
name-only,9004613,佐古 真礼,盛岡,,37794,佐古 真礼,東京Ｖ,2002-12-02,single name match
name-only,9004614,小松 寛太,盛岡,,54787,小松 寛太,岩手,2001-09-22,single name match
name-only,9004615,稲葉 亜我志,盛岡,,45047,稲葉 亜我志,岩手,1999-09-27,single name match
name-only,9004616,斉藤 諒,盛岡,,45025,斉藤 諒,岩手,1999-06-10,single name match
name-only,9004617,深川 大輔,盛岡,,45029,深川 大輔,高知,1999-06-02,single name match
name-only,9004618,弓削 翼,盛岡,,45027,弓削 翼,岩手,2000-02-05,single name match
name-only,9004619,桐 蒼太,盛岡,,45026,桐 蒼太,岩手,1999-07-22,single name match
name-only,9004620,松原 亘紀,盛岡,,49526,松原 亘紀,岩手,2000-09-20,single name match
name-only,9004621,朴 勇志,栃木,,54797,朴 勇志,栃木SC,2002-04-01,single name match
name-only,9004622,青島 太一,栃木,,23359,青島 太一,栃木SC,2001-04-17,single name match
name-only,9004623,南野 遥海,栃木,,45133,南野 遥海,Ｇ大阪,2004-05-13,single name match
name-only,9004624,宮崎 鴻,栃木,,44767,宮崎 鴻,仙台,1999-08-05,single name match
name-only,9004625,中島 佳太郎,栃木,,54785,中島 佳太郎,磐田,2001-06-06,single name match
name-only,9004626,新井山 祥智,八戸,,32284,新井山 祥智,八戸,1985-04-13,single name match
name-only,9004627,藤嵜 智貴,八戸,,23224,藤嵜 智貴,八戸,1994-09-19,single name match
name-only,9004628,柳下 大樹,八戸,,11901,柳下 大樹,八戸,1995-08-09,single name match
name-only,9004629,山内 陸,八戸,,49621,山内 陸,宮崎,2000-08-02,single name match
name-only,9004630,前澤 甲気,八戸,,23227,前澤 甲気,八戸,1993-03-21,single name match
name-only,9004631,大山 晟那,八戸,,49459,大山 晟那,八戸,2002-01-17,single name match
name-only,9004632,オリオラ サンデー,八戸,,44657,オリオラ サンデー,大宮,2003-04-18,single name match
name-only,9004633,上田 樹,金沢,,29382,上田 樹,金沢,2001-06-28,single name match
name-only,9004634,波本 頼,金沢,,44999,波本 頼,金沢,2003-06-10,single name match
name-only,9004635,長峰 祐斗,金沢,,44324,長峰 祐斗,金沢,2000-03-28,single name match
name-only,9004636,ペク インファン,金沢,,55415,ペク インファン,FC東京,2005-09-15,single name match
name-only,9004637,高塩 隼生,金沢,,45302,高塩 隼生,横浜FC,2004-06-03,single name match
name-only,9004638,西谷 優希,金沢,,29542,西谷 優希,金沢,1993-10-05,single name match
name-only,9004639,マリソン,金沢,,54836,マリソン,金沢,1997-12-17,single name match
name-only,9004640,松本 歩夢,岐阜,,19428,松本 歩夢,岐阜,1998-04-28,single name match
name-only,9004641,和田 侑樹,岐阜,,49559,和田 侑樹,高知,2000-10-21,single name match
name-only,9004642,小川 真輝,岐阜,,19321,小川 真輝,岐阜,1999-05-22,single name match
name-only,9004643,河波 櫻士,岐阜,,38906,河波 櫻士,岐阜,2001-01-12,single name match
name-only,9004644,粟飯原 尚平,岐阜,,32351,粟飯原 尚平,水戸,1996-05-26,single name match
name-only,9004645,林 祥太郎,岐阜,,23300,林 祥太郎,岐阜,2000-10-11,single name match
name-only,9004646,遠藤 元一,岐阜,,23272,遠藤 元一,岐阜,1994-09-09,single name match
name-only,9004647,川上 竜,岐阜,,23312,川上 竜,FC大阪,1994-10-25,single name match
name-only,9004648,羽田 一平,岐阜,,49557,羽田 一平,岐阜,2000-12-15,single name match
name-only,9004649,西谷 亮,岐阜,,39188,西谷 亮,いわき,2004-01-10,single name match
name-only,9004650,田口 裕也,岐阜,,37514,田口 裕也,愛媛,2001-04-08,single name match
name-only,9004651,加藤 有輝,大宮,,19196,加藤 有輝,いわき,1997-09-20,single name match
name-only,9004652,貫 真郷,大宮,,45035,貫 真郷,群馬,2003-10-02,single name match
name-only,9004653,村上 陽介,大宮,,54811,村上 陽介,大宮,2002-02-04,single name match
name-only,9004654,浦上 仁騎,大宮,,32501,浦上 仁騎,札幌,1996-11-11,single name match
name-only,9004655,植田 悠太,大宮,,45110,植田 悠太,千葉,2004-07-06,single name match
name-only,9004656,関口 凱心,大宮,,49776,関口 凱心,大宮,2001-09-24,single name match
name-only,9004657,阿部 来誠,大宮,,49640,阿部 来誠,大宮,2004-12-17,single name match
name-only,9004658,中山 昂大,大宮,,55420,中山 昂大,大宮,2002-07-06,single name match
name-only,9004659,種田 陽,大宮,,49342,種田 陽,大宮,2005-04-28,single name match
name-only,9004660,大澤 朋也,大宮,,37870,大澤 朋也,金沢,2002-09-06,single name match
name-only,9004661,市原 吏音,大宮,,45117,市原 吏音,大宮,2005-07-07,single name match
name-only,9004662,下口 稚葉,大宮,,23264,下口 稚葉,湘南,1998-05-02,single name match
name-only,9004663,斉藤 秀輝,大宮,,55421,斉藤 秀輝,大宮,2006-05-12,single name match
name-only,9004664,小島 幹敏,大宮,,15790,小島 幹敏,大宮,1996-09-17,single name match
name-only,9004665,中野 克哉,大宮,,32395,中野 克哉,栃木SC,1996-09-13,single name match
name-only,9004666,藤井 一志,大宮,,52153,藤井 一志,甲府,2001-09-30,single name match
name-only,9004667,浅川 隼人,松本,,29344,浅川 隼人,琉球,1995-05-10,single name match
name-only,9004668,安藤 翼,松本,,37551,安藤 翼,相模原,1996-05-12,single name match
name-only,9004670,加藤 潤也,山口,,23134,加藤 潤也,今治,1994-12-30,single name match
name-only,9004671,水口 飛呂,山口,,50491,水口 飛呂,山口,2002-01-14,single name match
name-only,9004672,相田 勇樹,山口,,37922,相田 勇樹,磐田,1998-08-03,single name match
name-only,9004673,シルビオ ジュニオール,山口,,52064,シルビオ ジュニオール,山口,1994-05-04,single name match
name-only,9004674,藤田 雄士,FC大阪,,45013,藤田 雄士,FC大阪,1999-08-23,single name match
name-only,9004675,坂本 修佑,FC大阪,,29270,坂本 修佑,FC大阪,1993-03-22,single name match
name-only,9004676,國領 雄斗,FC大阪,,49562,國領 雄斗,FC大阪,1999-12-27,single name match
name-only,9004677,石橋 克之,FC大阪,,54829,石橋 克之,FC大阪,2002-01-10,single name match
name-only,9004678,山本 透衣,FC大阪,,32465,山本 透衣,今治,2001-05-31,single name match
name-only,9004679,木出 雄斗,FC大阪,,37984,木出 雄斗,FC大阪,1999-02-13,single name match
name-only,9004680,増田 隼司,FC大阪,,37958,増田 隼司,FC大阪,1998-08-13,single name match
name-only,9004681,宇高 魁人,FC大阪,,49663,宇高 魁人,FC大阪,1998-08-13,single name match
name-only,9004682,エフライン リンタロウ,FC大阪,,10881,エフライン リンタロウ,FC大阪,1991-07-23,single name match
name-only,9004683,石田 侑資,いわき,,37930,石田 侑資,京都,2002-11-11,single name match
name-only,9004684,坂岸 寛大,いわき,,54760,坂岸 寛大,高知,2002-01-18,single name match
name-only,9004685,大西 悠介,いわき,,54761,大西 悠介,新潟,2001-05-20,single name match
name-only,9004686,白輪地 敬大,いわき,,54762,白輪地 敬大,金沢,2001-12-07,single name match
name-only,9004687,ブワニカ 啓太,いわき,,37872,ブワニカ 啓太,金沢,2002-12-16,single name match
name-only,9004688,山口 大輝,いわき,,44966,山口 大輝,いわき,1997-11-02,single name match
name-only,9004689,加瀬 直輝,いわき,,49590,加瀬 直輝,湘南,2000-06-07,single name match
name-only,9004690,加藤 悠馬,いわき,,49496,加藤 悠馬,琉球,2001-12-15,single name match
name-only,9004691,山下 優人,いわき,,44977,山下 優人,水戸,1996-05-24,single name match
name-only,9004692,谷村 海那,いわき,,44969,谷村 海那,横浜FM,1998-03-05,single name match
name-only,9004693,平尾 駿輝,富山,,44954,平尾 駿輝,富山,2003-08-12,single name match
name-only,9004694,安光 将作,富山,,44956,安光 将作,富山,1999-11-02,single name match
name-only,9004695,脇本 晃成,富山,,10412,脇本 晃成,富山,1994-01-08,single name match
name-only,9004696,齋藤 和希,富山,,19473,齋藤 和希,富山,1996-07-26,single name match
name-only,9004697,坪川 潤之,富山,,37525,坪川 潤之,富山,1997-05-15,single name match
name-only,9004698,伊藤 拓巳,富山,,49597,伊藤 拓巳,富山,2000-07-29,single name match
name-only,9004699,大山 武蔵,富山,,23131,大山 武蔵,富山,1998-09-11,single name match
name-only,9004700,相馬 丞,山形,,45637,相馬 丞,山形,2001-06-15,single name match
name-only,9004701,松本 凪生,山形,,29388,松本 凪生,鳥栖,2001-09-04,single name match
name-only,9004702,國分 伸太郎,山形,,23174,國分 伸太郎,山形,1994-08-31,single name match
name-only,9004703,菅原 大幹,山形,,45300,菅原 大幹,山形,2006-11-02,single name match
name-only,9004704,永井 英次,山形,,45292,永井 英次,山形,2006-12-20,single name match
name-only,9004705,阿部 要門,山形,,37791,阿部 要門,山形,2002-04-03,single name match
name-only,9004706,井上 椋太郎,山形,,45298,井上 椋太郎,山形,2006-08-20,single name match
name-only,9004707,堂鼻 起暉,福島,,19478,堂鼻 起暉,いわき,1998-12-05,single name match
name-only,9004708,樋口 寛規,福島,,10984,樋口 寛規,福島,1992-04-16,single name match
name-only,9004709,大関 友翔,福島,,48985,大関 友翔,川崎Ｆ,2005-02-06,single name match
name-only,9004710,阿部 海斗,熊本,,44637,阿部 海斗,栃木SC,1999-06-18,single name match
name-only,9004711,東山 達稀,熊本,,45066,東山 達稀,熊本,1999-06-03,single name match
name-only,9004712,豊田 歩,熊本,,49582,豊田 歩,鳥栖,2000-11-25,single name match
name-only,9004713,ベ ジョンミン,熊本,,54748,ベ ジョンミン,熊本,2001-06-16,single name match
name-only,9004714,石川 大地,熊本,,29329,石川 大地,千葉,1996-02-22,single name match
name-only,9004715,森川 裕基,長野,,15721,森川 裕基,讃岐,1993-01-07,single name match
name-only,9004716,パク スビン,長野,,45630,パク スビン,長野,1999-09-22,single name match
name-only,9004717,田中 康介,長野,,38015,田中 康介,長野,1999-02-01,single name match
name-only,9004718,イ スンウォン,長野,,54739,イ スンウォン,長野,2005-07-21,single name match
name-only,9004719,小林 佑熙,長野,,54736,小林 佑熙,長野,2001-09-21,single name match
name-only,9004720,工藤 駿,長野,,54737,工藤 駿,長野,2001-12-18,single name match
name-only,9004721,丹羽 匠,長野,,49606,丹羽 匠,長野,2000-04-15,single name match
name-only,9004722,高橋 耕平,長野,,44749,高橋 耕平,八戸,1999-09-20,single name match
name-only,9004723,木原 励,長野,,39339,木原 励,滋賀,2003-06-04,single name match
name-only,9004724,田中 颯,徳島,,45048,田中 颯,FC東京,1999-06-10,single name match
name-only,9004725,石尾 崚雅,徳島,,29385,石尾 崚雅,愛媛,2000-05-18,single name match
name-only,9004726,髙田 優,徳島,,54767,髙田 優,徳島,2005-09-08,single name match
name-only,9004727,ブラウン ノア 賢信,徳島,,32428,ブラウン ノア 賢信,岡山,2001-05-27,single name match
name-only,9004728,後東 尚輝,徳島,,32730,後東 尚輝,FC大阪,2002-04-26,single name match
name-only,9004729,武田 絢都,徳島,,48708,武田 絢都,徳島,2006-09-13,single name match
name-only,9004730,棚橋 尭士,徳島,,19564,棚橋 尭士,相模原,2000-07-12,single name match
name-only,9004731,柳 世根,盛岡,,54793,柳 世根,岩手,2001-12-25,single name match
name-only,9004732,新玉 瑛琉,盛岡,,49319,新玉 瑛琉,岩手,2001-10-12,single name match
name-only,9004733,下上 昇大,盛岡,,49602,下上 昇大,岩手,2000-10-26,single name match
name-only,9004734,キム ソンゴン,盛岡,,54794,キム ソンゴン,岩手,2002-03-22,single name match
name-only,9004735,藪中 海皇,盛岡,,54792,藪中 海皇,岩手,2001-09-10,single name match
name-only,9004736,上笹貫 剣,盛岡,,45084,上笹貫 剣,岩手,1999-05-04,single name match
name-only,9004737,飯田 雅浩,八戸,,49625,飯田 雅浩,山口,2000-10-05,single name match
name-only,9004738,安藤 由翔,八戸,,11455,安藤 由翔,八戸,1991-08-28,single name match
name-only,9004739,湯本 創也,八戸,,31519,湯本 創也,八戸,2001-09-28,single name match
name-only,9004740,坂本 琉維,八戸,,55399,坂本 琉維,八戸,2001-08-19,team narrow-down
name-only,9004741,清水 悠斗,八戸,,45304,清水 悠斗,八戸,2004-09-04,single name match
name-only,9004742,生駒 仁,いわき,,29347,生駒 仁,北九州,1999-07-01,single name match
name-only,9004743,下田 栄祐,いわき,,49330,下田 栄祐,栃木Ｃ,2004-05-05,single name match
name-only,9004744,ジュ ヒョンジン,いわき,,54758,ジュ ヒョンジン,いわき,2005-02-06,single name match
name-only,9004745,パク ジュンヨン,いわき,,54759,パク ジュンヨン,いわき,1995-03-15,single name match
name-only,9004746,五十嵐 聖己,いわき,,55422,五十嵐 聖己,仙台,2002-04-13,single name match
name-only,9004747,坂元 一渚璃,いわき,,49593,坂元 一渚璃,いわき,2004-11-22,single name match
name-only,9004748,米原 秀亮,松本,,15954,米原 秀亮,群馬,1998-04-20,single name match
name-only,9004749,菊井 悠介,松本,,44990,菊井 悠介,藤枝,1999-09-17,single name match
name-only,9004750,トーマス モスキオン,今治,,54772,トーマス モスキオン,今治,2000-06-02,single name match
name-only,9004751,近藤 高虎,今治,,37622,近藤 高虎,今治,1997-09-28,single name match
name-only,9004752,楠美 圭史,今治,,11367,楠美 圭史,今治,1994-07-25,single name match
name-only,9004753,髙瀨 太聖,今治,,37982,髙瀨 太聖,今治,2003-02-08,single name match
name-only,9004755,泉森 涼太,鹿児島,,45050,泉森 涼太,鳥栖,1999-07-21,single name match
name-only,9004756,山口 卓己,鹿児島,,48982,山口 卓己,大分,2000-07-21,single name match
name-only,9004758,前田 紘基,北九州,,37882,前田 紘基,北九州,1998-08-25,single name match
name-only,9004759,高 昇辰,北九州,,49641,高 昇辰,北九州,2000-10-10,single name match
name-only,9004763,大友 竜輔,沼津,,23389,大友 竜輔,沼津,2000-05-24,single name match
name-only,9004765,染矢 一樹,沼津,,10329,染矢 一樹,沼津,1986-10-13,single name match
name-only,9004766,向井 ひな太,沼津,,54807,向井 ひな太,沼津,2001-12-27,single name match
name-only,9004767,坂本 勘汰,札幌,,49001,坂本 勘汰,札幌,2006-08-25,single name match
name-only,9004769,小柳 達司,秋田,,11148,小柳 達司,群馬,1990-02-07,single name match
name-only,9004770,河野 貴志,秋田,,32320,河野 貴志,千葉,1996-06-17,single name match
name-only,9004771,才藤 龍治,秋田,,15796,才藤 龍治,秋田,1993-03-12,single name match
name-only,9004772,池ヶ谷 颯斗,長野,,15917,池ヶ谷 颯斗,長野,1992-03-30,single name match
name-only,9004775,佐藤 颯真,横浜FC,,52276,佐藤 颯真,横浜FC,2003-11-03,single name match
name-only,9004776,グエン コンフオン,横浜FC,,19395,グエン コンフオン,横浜FC,1995-01-21,single name match
name-only,9004777,松下 衣舞希,横浜FC,,54802,松下 衣舞希,横浜FC,2006-03-02,single name match
name-only,9004778,橋本 丈,横浜FC,,40846,橋本 丈,横浜FC,2001-09-21,single name match
name-only,9004779,宮田 和純,横浜FC,,31517,宮田 和純,横浜FC,2001-04-28,single name match
name-only,9004780,庄司 啓太郎,横浜FC,,48696,庄司 啓太郎,横浜FC,2006-10-29,single name match
name-only,9004781,川上 優樹,富山,,37586,川上 優樹,富山,1997-07-18,single name match
name-only,9004782,大迫 暁,富山,,37578,大迫 暁,富山,1997-11-26,single name match
name-only,9004785,パク ソンス,琉球,,15782,パク ソンス,琉球,1996-05-12,single name match
name-only,9004786,高安 孝幸,琉球,,32744,高安 孝幸,琉球,2001-09-25,single name match
name-only,9004787,岩渕 良太,琉球,,8913,岩渕 良太,琉球,1990-04-26,single name match
name-only,9004790,宮㟢 海斗,熊本,,49584,宮㟢 海斗,沼津,2000-11-29,single name match
name-only,9004791,神代 慶人,熊本,,54754,神代 慶人,熊本,2007-10-25,single name match
name-only,9004792,道脇 豊,熊本,,45135,道脇 豊,福岡,2006-04-05,single name match
name-only,9004793,吉村 弦,奈良,,32334,吉村 弦,奈良,1996-05-21,single name match
name-only,9004794,伊勢 渉,奈良,,37554,伊勢 渉,奈良,1996-07-18,single name match
name-only,9004795,寺島 はるひ,奈良,,49604,寺島 はるひ,奈良,1993-11-09,single name match
name-only,9004796,西田 恵,奈良,,37589,西田 恵,奈良,1998-01-10,single name match
name-only,9004797,桑島 良汰,奈良,,37609,桑島 良汰,奈良,1992-09-05,single name match
name-only,9004798,林 克俊,奈良,,60243,林 克俊,奈良,2007-02-19,single name match
name-only,9004799,関口 智也,奈良,,55406,関口 智也,奈良,2007-06-19,single name match
name-only,9004800,温井 駿斗,鳥取,,12159,温井 駿斗,鳥取,1996-11-14,single name match
name-only,9004801,丸山 壮大,鳥取,,19613,丸山 壮大,北九州,1999-06-25,single name match
name-only,9004802,小澤 秀充,鳥取,,39352,小澤 秀充,鳥取,1999-04-28,single name match
name-only,9004803,坂本 敬,鳥取,,29456,坂本 敬,鳥取,2001-07-05,single name match
name-only,9004804,二階堂 正哉,鳥取,,49577,二階堂 正哉,鳥取,2000-11-02,single name match
name-only,9004805,小泉 隆斗,鳥取,,54744,小泉 隆斗,滋賀,1994-09-05,single name match
name-only,9004806,普光院 誠,鳥取,,19244,普光院 誠,鳥取,1993-05-20,single name match
name-only,9004807,高橋 友矢,横浜FC,,48697,高橋 友矢,横浜FC,2006-08-21,single name match
name-only,9004808,竹内 琉真,札幌,,48994,竹内 琉真,札幌,2006-04-19,single name match
name-only,9004809,川崎 幹大,札幌,,59531,川崎 幹大,札幌,2007-04-04,single name match
name-only,9004810,ガブリエル エンリケ,富山,,38902,ガブリエル エンリケ,八戸,2002-07-24,single name match
name-only,9004811,佐々木 陽次,富山,,9844,佐々木 陽次,富山,1992-07-02,single name match
name-only,9004815,関口 正大,甲府,,37797,関口 正大,長崎,1998-04-21,single name match
name-only,9004816,林田 滉也,甲府,,38912,林田 滉也,甲府,1999-07-14,single name match
name-only,9004817,木村 卓斗,甲府,,19555,木村 卓斗,横浜FM,2000-05-16,single name match
name-only,9004818,中山 陸,甲府,,29532,中山 陸,相模原,2001-01-22,single name match
name-only,9004819,村上 千歩,甲府,,40772,村上 千歩,甲府,2001-05-28,single name match
name-only,9004821,後藤 啓介,磐田,,49550,後藤 啓介,磐田,2005-06-03,single name match
name-only,9004822,アンソニー アクム,鳥栖,,49614,アンソニー アクム,鳥栖,1992-10-20,single name match
name-only,9004823,オム イェフン,鳥栖,,40768,オム イェフン,鳥栖,2002-09-23,single name match
name-only,9002548,鈴木 和裕,京都,,1888,鈴木 和裕,水戸,1976-11-16,single name match
name-only,9002549,リカルド,京都,,4365,リカルド,京都,1977-02-23,team narrow-down
name-only,9002550,鈴木 悟,京都,,3411,鈴木 悟,京都,1975-07-19,single name match
name-only,9004824,菅谷 脩人,札幌,,48998,菅谷 脩人,札幌,2006-12-25,single name match
name-only,9004826,大里 皇馬,鳥栖,,49325,大里 皇馬,鳥栖,2004-07-11,single name match
name-only,9004829,宇田 光史朗,横浜FC,,44604,宇田 光史朗,横浜FC,2004-09-26,single name match
name-only,9004830,伊藤 稜介,磐田,,49754,伊藤 稜介,磐田,2005-05-02,single name match
name-only,9004836,林 奏太朗,鳥栖,,49771,林 奏太朗,鳥栖,2005-08-25,single name match
name-only,9004841,深谷 圭佑,鳥栖,,45019,深谷 圭佑,鳥栖,1998-06-20,single name match
name-only,9004844,清田 奈央弥,磐田,,32481,清田 奈央弥,福島,2001-08-25,single name match
name-only,9004847,サムエル,大分,,45069,サムエル,大分,2000-10-27,single name match
name-only,9004849,漆舘 拳大,札幌,,39184,漆舘 拳大,札幌,2004-04-22,single name match
name-only,9004855,今掛 航貴,鳥栖,,37967,今掛 航貴,水戸,1999-02-17,single name match
name-only,9004857,井岡 海都,仙台,,37980,井岡 海都,長崎,1998-04-27,single name match
name-only,9004860,安藤 寿岐,鳥栖,,38046,安藤 寿岐,鳥栖,2003-10-14,single name match
name-only,9004861,加藤 壱盛,仙台,,40770,加藤 壱盛,仙台,2003-05-28,single name match
name-only,9004862,淀川 誠珠,仙台,,41109,淀川 誠珠,仙台,2003-11-04,single name match
name-only,9004863,榎本 樹,松本,,32394,榎本 樹,松本,2000-06-04,single name match
name-only,9004864,吉田 将也,松本,,32312,吉田 将也,松本,1996-10-10,single name match
name-only,9004866,王 嘉楠,鳥栖,,37678,王 嘉楠,鳥栖,1993-05-31,single name match
name-only,9004867,深宮 祐徳,横浜FC,,37817,深宮 祐徳,横浜FC,2002-10-18,single name match
name-only,9004868,高橋 祐翔,大分,,32026,高橋 祐翔,大分,2001-09-19,single name match
name-only,9004869,平川 絢大,大分,,37670,平川 絢大,大分,2003-01-08,single name match
name-only,9004872,大和 蓮,札幌,,32466,大和 蓮,札幌,2002-06-25,single name match
name-only,9004873,伊藤 遼哉,鳥栖,,29318,伊藤 遼哉,鳥栖,1998-05-02,single name match
name-only,9004874,溝渕 雄志,松本,,19673,溝渕 雄志,讃岐,1994-07-20,single name match
name-only,9004876,本間 洋平,札幌,,29422,本間 洋平,札幌,2001-07-23,single name match
name-only,9004878,三ッ田 啓希,松本,,32539,三ッ田 啓希,八戸,1997-12-22,single name match
name-only,9004879,ジョ ジヌ,松本,,29260,ジョ ジヌ,松本,1999-11-17,single name match
name-only,9004880,鈴木 史哉,仙台,,32589,鈴木 史哉,仙台,2002-04-18,single name match
name-only,9004881,庄司 悦大,仙台,,11169,庄司 悦大,岐阜,1989-09-14,single name match
name-only,9004882,戸嶋 祥郎,新潟,,29340,戸嶋 祥郎,柏,1995-09-26,single name match
name-only,9004883,五十嵐 新,新潟,,23536,五十嵐 新,新潟,2000-04-28,single name match
name-only,9004884,ブルーノ メネゲウ,新潟,,19229,ブルーノ メネゲウ,横浜FC,1987-06-03,single name match
name-only,9004887,入間川 景太,甲府,,23315,入間川 景太,甲府,1999-05-20,single name match
name-only,9004889,秋山 拓也,甲府,,29337,秋山 拓也,FC大阪,1994-08-26,single name match
name-only,9004892,アレックス ムラーリャ,新潟,,11466,アレックス ムラーリャ,新潟,1989-11-10,single name match
name-only,9004894,モルベッキ,磐田,,23367,モルベッキ,相模原,1997-08-20,single name match
name-only,9004895,中島 千風,甲府,,29397,中島 千風,鳥取,2000-07-25,single name match
name-only,9004896,福田 心之助,札幌,,29423,福田 心之助,京都,2000-09-04,single name match
name-only,9004899,佐藤 唯斗,仙台,,23550,佐藤 唯斗,仙台,2001-04-20,single name match
name-only,9004900,宮脇 健太,仙台,,19361,宮脇 健太,仙台,2001-01-04,single name match
name-only,9004903,ファンティーニ 燦,鳥栖,,23382,ファンティーニ 燦,京都,1998-05-24,single name match
name-only,9004904,坂井 大将,新潟,,12062,坂井 大将,鳥取,1997-01-18,single name match
name-only,9004905,渡邉 尚樹,甲府,,29398,渡邉 尚樹,甲府,2000-11-14,single name match
name-only,9004908,瀬戸 貴幸,甲府,,31504,瀬戸 貴幸,甲府,1986-02-05,single name match
name-only,9004910,藤沼 拓夢,大宮,,15901,藤沼 拓夢,相模原,1997-06-14,single name match
name-only,9004911,若杉 好輝,甲府,,11486,若杉 好輝,甲府,1995-11-08,single name match
name-only,9004912,ジャン パトリック,新潟,,23200,ジャン パトリック,新潟,1992-06-25,single name match
name-only,9004914,倉員 宏人,鳥栖,,23395,倉員 宏人,鹿児島,1999-05-29,single name match
name-only,9004915,藤松 航矢,鳥栖,,19511,藤松 航矢,鳥栖,1999-09-10,single name match
name-only,9004916,森山 真伍,鳥栖,,23396,森山 真伍,鳥栖,1999-08-31,single name match
name-only,9004918,川田 拳登,大宮,,15899,川田 拳登,長野,1997-07-09,single name match
name-only,9004919,松浦 祥太郎,仙台,,19286,松浦 祥太郎,仙台,1998-05-04,single name match
name-only,9004920,柴村 直弥,甲府,,9297,柴村 直弥,甲府,1982-09-11,single name match
name-only,9002551,米田 兼一郎,京都,,6480,米田 兼一郎,鳥栖,1982-07-02,single name match
name-only,9004923,パク テファン,湘南,,19421,パク テファン,湘南,1997-07-29,single name match
name-only,9004925,谷奥 健四郎,松本,,15746,谷奥 健四郎,秋田,1992-05-28,single name match
name-only,9004926,和田 達也,松本,,11339,和田 達也,栃木SC,1994-06-21,single name match
name-only,9004927,平 秀斗,鳥栖,,11350,平 秀斗,福島,1994-06-25,single name match
name-only,9004932,木下 淑晶,徳島,,11314,木下 淑晶,徳島,1990-06-12,single name match
name-only,9004933,ソン セファン,徳島,,11980,ソン セファン,徳島,1995-07-29,single name match
name-only,9005144,松本 幹太,山形,,37792,松本 幹太,宮崎,1998-07-16,single name match
name-only,9005147,井出 敬大,栃木,,32608,井出 敬大,滋賀,2001-08-18,single name match
name-only,9005148,山下 令雄,琉球,,19603,山下 令雄,琉球,1998-05-19,single name match
name-only,9005321,久保 征一郎,藤枝,,31518,久保 征一郎,藤枝,2001-06-22,single name match
name-only,9005322,渡邉 禅,長野,,70798,渡邉 禅,長野,2004-01-08,single name match
name-only,9005323,チェ ドヒョン,福島,,71062,チェ ドヒョン,福島,2004-10-11,single name match
name-only,9005324,田所 莉旺,山口,,61959,田所 莉旺,山口,2006-04-08,single name match
name-only,9005325,田中 祉同,山形,,70775,田中 祉同,山形,2003-05-22,single name match
name-only,9005326,秋元 琉星,群馬,,61020,秋元 琉星,群馬,2003-01-25,single name match
name-only,9005327,エジケ 唯吹ヴィンセント,鳥栖,,61014,エジケ 唯吹ヴィンセント,鳥栖,2008-12-31,single name match
name-only,9005328,申 奎元,FC大阪,,71378,申 奎元,FC大阪,2003-05-21,single name match
name-only,9005329,長谷川 夢叶,鳥取,,49436,長谷川 夢叶,鳥取,2007-07-22,single name match
name-only,9005331,佐藤 喜生,北九州,,37550,佐藤 喜生,栃木Ｃ,1997-11-06,single name match
name-only,9005332,岡村 和哉,北九州,,7349,岡村 和哉,岐阜,1987-12-15,single name match
name-only,9005333,永野 雄大,北九州,,37523,永野 雄大,北九州,1998-01-22,single name match
name-only,9005334,梅井 大輝,相模原,,9704,梅井 大輝,相模原,1989-10-05,single name match
name-only,9005335,夛田 凌輔,相模原,,9973,夛田 凌輔,北九州,1992-08-07,single name match
name-only,9005336,中山 雄希,相模原,,23159,中山 雄希,北九州,1994-10-16,single name match
name-only,9005338,フィリップ クリャイッチ,大宮,,37582,フィリップ クリャイッチ,大宮,1990-08-16,single name match
name-only,9005339,ネルミン ハスキッチ,大宮,,37583,ネルミン ハスキッチ,大宮,1989-06-27,single name match
name-only,9005340,山田 尚幸,秋田,,11956,山田 尚幸,八戸,1987-12-26,single name match
name-only,9005341,ビクトル,山形,,23257,ビクトル,松本,1989-04-21,single name match
name-only,9005343,西岡 大志,愛媛,,23223,西岡 大志,宮崎,1994-07-28,single name match
name-only,9005344,澤井 直人,山口,,11411,澤井 直人,山口,1995-04-03,single name match
name-only,9005345,ホムロ,相模原,,37694,ホムロ,相模原,1991-11-02,single name match
name-only,9005346,ユーリ,相模原,,37692,ユーリ,相模原,1995-05-07,single name match
name-only,9005347,戸島 章,松本,,10817,戸島 章,松本,1991-10-04,single name match
name-only,9005348,西田 剛,愛媛,,10340,西田 剛,愛媛,1986-09-14,single name match
name-only,9005349,篠原 弘次郎,松本,,9199,篠原 弘次郎,松本,1991-07-20,single name match
name-only,9005350,島津 頼盛,金沢,,23532,島津 頼盛,鹿児島,1999-04-07,single name match
name-only,9005352,ゴンサロ ゴンザレス,新潟,,37565,ゴンサロ ゴンザレス,新潟,1993-10-07,single name match
name-only,9005353,久富 賢,秋田,,10342,久富 賢,秋田,1990-09-29,single name match
name-only,9005355,一木 立一,群馬,,37920,一木 立一,群馬,1998-11-24,single name match
name-only,9005356,瀧澤 修平,山形,,19417,瀧澤 修平,宮崎,1993-07-19,single name match
name-only,9005358,饗庭 瑞生,秋田,,37598,饗庭 瑞生,八戸,1997-05-03,single name match
name-only,9005360,岩井 柊弥,愛媛,,29252,岩井 柊弥,愛媛,2000-10-11,single name match
name-only,9005361,ルリーニャ,山形,,37575,ルリーニャ,山形,1990-04-10,single name match
name-only,9005362,本塚 聖也,金沢,,32700,本塚 聖也,金沢,1997-05-20,single name match
name-only,9005372,神田 渉馬,松本,,37772,神田 渉馬,松本,2002-07-09,single name match
name-only,9005374,ホドルフォ,金沢,,32338,ホドルフォ,金沢,1997-03-05,single name match
name-only,9005375,長谷川 凌,秋田,,29281,長谷川 凌,秋田,1999-04-21,single name match
name-only,9005376,ルカオ,松本,,32703,ルカオ,岡山,1995-09-22,single name match
name-only,9005377,佐藤 颯汰,北九州,,29306,佐藤 颯汰,宮崎,1999-04-21,single name match
name-only,9005378,渡邊 創太,愛媛,,31508,渡邊 創太,愛媛,2000-08-25,single name match
name-only,9005380,山田 真夏斗,松本,,37546,山田 真夏斗,松本,2001-05-31,single name match
name-only,9005382,石井 綾,金沢,,10431,石井 綾,金沢,1993-06-24,single name match
name-only,9005384,新井 博人,北九州,,32314,新井 博人,北九州,1996-06-22,single name match
name-only,9005388,ヴィターリス マクシメンコ,大宮,,37652,ヴィターリス マクシメンコ,大宮,1990-12-08,single name match
name-only,9005390,フェリペ タヴァレス,琉球,,37571,フェリペ タヴァレス,琉球,1994-02-24,single name match
name-only,9005391,池庭 諒耶,栃木,,37682,池庭 諒耶,栃木SC,1997-12-17,single name match
name-only,9005392,エスクデロ 競飛王,栃木,,7946,エスクデロ 競飛王,栃木SC,1988-09-01,single name match
name-only,9005395,マウロ,新潟,,37653,マウロ,新潟,1989-07-07,single name match
name-only,9005396,イウリ,山口,,37597,イウリ,山口,1995-09-06,single name match
name-only,9005397,清永 丈瑠,山口,,23116,清永 丈瑠,鳥取,1994-10-24,single name match
name-only,9005400,西岡 大輝,愛媛,,10957,西岡 大輝,愛媛,1988-08-21,single name match
name-only,9005401,吉田 晴稀,愛媛,,37572,吉田 晴稀,愛媛,2001-04-20,single name match
name-only,9005402,渡邊 一仁,愛媛,,10809,渡邊 一仁,愛媛,1986-09-01,single name match
name-only,9005403,アルヴァロ ロドリゲス,松本,,29301,アルヴァロ ロドリゲス,松本,1993-07-19,single name match
name-only,9005407,フォルリン,磐田,,37576,フォルリン,磐田,1988-01-10,single name match
name-only,9002552,星 大輔,京都,,2815,星 大輔,栃木SC,1980-12-10,single name match
name-only,9002553,中払 大介,京都,,2290,中払 大介,福岡,1977-05-22,single name match
name-only,9002554,登尾 顕徳,京都,,8606,登尾 顕徳,北九州,1983-11-30,single name match
name-only,9002555,美尾 敦,京都,,6517,美尾 敦,岐阜,1983-01-26,single name match
name-only,9002556,松田 正俊,京都,,4458,松田 正俊,栃木SC,1980-09-04,single name match
name-only,9002561,鷲田 雅一,京都,,4013,鷲田 雅一,山形,1978-11-15,single name match
name-only,9002562,アレモン,京都,,8080,アレモン,横浜FC,1984-04-10,single name match
name-only,9002572,三上 卓哉,京都,,5293,三上 卓哉,愛媛,1980-02-13,single name match
name-only,9002575,小原 昇,京都,,5914,小原 昇,京都,1983-07-22,single name match
name-only,9000014,永戸 勝也,横浜FM,,23243,永戸 勝也,神戸,1995-01-15,single name match
name-only,9000010,西尾 隆矢,C大阪,,29387,西尾 隆矢,大宮,2001-05-16,single name match
name-only,9004928,道上 隼人,松本,,9208,道上 隼人,松本,1991-06-17,single name match
name-only,9004929,笹原 脩平,鳥栖,,15764,笹原 脩平,鳥栖,1996-11-22,single name match
name-only,9004930,中村 英之,山形,,9331,中村 英之,山形,1984-06-03,single name match
name-only,9004939,林堂 眞,甲府,,11127,林堂 眞,富山,1989-11-21,single name match
name-only,9004940,吉濱 遼平,湘南,,9803,吉濱 遼平,岐阜,1992-10-24,single name match
name-only,9005149,福井 啓太,大宮,,61009,福井 啓太,甲府,2002-05-19,single name match
name-only,9005150,中田 湧大,群馬,,37956,中田 湧大,群馬,2003-01-21,single name match
name-only,9005151,岩元 ルナ,群馬,,49570,岩元 ルナ,群馬,2001-03-29,single name match
name-only,9005152,白石 智之,群馬,,23228,白石 智之,滋賀,1993-06-10,single name match
name-only,9005156,イ ドンヒ,山形,,70823,イ ドンヒ,山形,2000-02-07,single name match
name-only,9005157,タリソン アウベス,山形,,70825,タリソン アウベス,山形,1999-03-02,single name match
name-only,9005158,鈴木 裕斗,栃木C,,61754,鈴木 裕斗,栃木Ｃ,2000-05-05,single name match
name-only,9005159,田中 パウロ淳一,栃木C,,11144,田中 パウロ淳一,栃木Ｃ,1993-10-23,single name match
name-only,9005160,杉山 耀建,仙台,,70820,杉山 耀建,仙台,2003-11-08,single name match
name-only,9005161,古屋 歩夢,仙台,,70186,古屋 歩夢,仙台,2007-05-09,single name match
name-only,9005162,トム グローバー,大宮,,70818,トム グローバー,大宮,1997-12-24,single name match
name-only,9005164,松井 匠,大宮,,69847,松井 匠,大宮,2003-11-21,single name match
name-only,9005165,金子 光汰,松本,,70187,金子 光汰,松本,2004-01-27,single name match
name-only,9005166,渋谷 諒太,松本,,70782,渋谷 諒太,松本,2003-05-15,single name match
name-only,9005167,藤枝 康佑,松本,,69845,藤枝 康佑,松本,2003-07-30,single name match
name-only,9005168,森田 大智,長野,,70796,森田 大智,長野,2003-06-18,single name match
name-only,9005169,長谷川 隼,長野,,37693,長谷川 隼,長野,1997-09-14,single name match
name-only,9005170,吉田 桂介,長野,,61714,吉田 桂介,長野,2003-01-20,single name match
name-only,9005171,野嶋 圭人,長野,,70794,野嶋 圭人,長野,2003-04-11,single name match
name-only,9005172,清水 蒼太朗,長野,,70795,清水 蒼太朗,長野,2003-10-28,single name match
name-only,9005173,武井 成豪,甲府,,38040,武井 成豪,甲府,1998-04-15,single name match
name-only,9005174,スタチオーリ ミケーレ,甲府,,70855,スタチオーリ ミケーレ,甲府,2003-10-06,single name match
name-only,9005175,泉 彩稀,福島,,37899,泉 彩稀,福島,2003-08-21,single name match
name-only,9005176,田中 慶汰,福島,,70212,田中 慶汰,福島,2003-04-17,single name match
name-only,9005177,石井 大生,奈良,,37675,石井 大生,奈良,2003-12-29,single name match
name-only,9005178,戸水 利紀,奈良,,61723,戸水 利紀,奈良,2002-09-30,single name match
name-only,9005179,後藤 卓磨,奈良,,37951,後藤 卓磨,奈良,1997-07-16,single name match
name-only,9005180,岡﨑 大志郎,奈良,,70848,岡﨑 大志郎,奈良,2002-06-29,single name match
name-only,9005181,官澤 琉汰,北九州,,54805,官澤 琉汰,北九州,2005-10-31,single name match
name-only,9005182,荒井 涼,鳥取,,70814,荒井 涼,鳥取,2003-07-01,single name match
name-only,9005183,田制 裕作,鳥取,,70812,田制 裕作,鳥取,2003-10-06,single name match
name-only,9005184,三木 直土,鳥取,,32480,三木 直土,鳥取,2001-05-08,single name match
name-only,9005185,桃井 玲,鳥取,,70147,桃井 玲,鳥取,2002-11-13,single name match
name-only,9005186,本保 奏希,鳥取,,70815,本保 奏希,鳥取,2003-10-28,single name match
name-only,9005187,星 景虎,鳥取,,70141,星 景虎,鳥取,2003-07-04,single name match
name-only,9005188,三木 仁太,藤枝,,69817,三木 仁太,藤枝,2003-08-21,single name match
name-only,9005189,真鍋 隼虎,藤枝,,38957,真鍋 隼虎,藤枝,2004-01-02,single name match
name-only,9005190,山﨑 絢心,藤枝,,70772,山﨑 絢心,藤枝,2007-06-25,single name match
name-only,9005191,セランテス,岐阜,,32302,セランテス,岐阜,1989-10-24,single name match
name-only,9005192,中野 陽斗,いわき,,70837,中野 陽斗,いわき,2007-05-06,single name match
name-only,9005193,荒木 仁翔,いわき,,70910,荒木 仁翔,いわき,2007-08-02,single name match
name-only,9005194,松本 琉雅,いわき,,70906,松本 琉雅,いわき,2004-09-30,single name match
name-only,9005195,斉藤 涼優,愛媛,,70832,斉藤 涼優,愛媛,2003-02-15,single name match
name-only,9005196,バウマン,新潟,,61966,バウマン,新潟,1996-04-10,single name match
name-only,9005197,内山 翔太,新潟,,49494,内山 翔太,新潟,2006-11-09,single name match
name-only,9005198,島田 拓海,FC大阪,,37925,島田 拓海,FC大阪,1996-08-25,single name match
name-only,9005199,関沼 海亜,FC大阪,,54821,関沼 海亜,FC大阪,2005-05-30,single name match
name-only,9005200,イ ギサン,讃岐,,70884,イ ギサン,讃岐,2003-12-08,single name match
name-only,9005201,禹 相皓,讃岐,,9987,禹 相皓,讃岐,1992-12-07,single name match
name-only,9005202,有田 朱里,讃岐,,70865,有田 朱里,讃岐,1999-05-29,single name match
name-only,9005203,宮﨑 慎,讃岐,,70863,宮﨑 慎,讃岐,2003-08-30,single name match
name-only,9005204,淺田 彗潤,讃岐,,70877,淺田 彗潤,讃岐,2004-02-12,single name match
name-only,9005205,佐野 竜眞,讃岐,,70864,佐野 竜眞,讃岐,2004-02-16,single name match
name-only,9005206,ガブリエル ゴメス,今治,,70901,ガブリエル ゴメス,今治,1999-08-23,single name match
name-only,9005207,丸山 大和,今治,,70776,丸山 大和,今治,2003-12-11,single name match
name-only,9005208,久保 恵音,今治,,70778,久保 恵音,今治,2007-04-25,single name match
name-only,9005209,藤森 隆汰,高知,,70859,藤森 隆汰,高知,2000-09-16,single name match
name-only,9005210,大野 来生,高知,,70858,大野 来生,高知,2001-09-02,single name match
name-only,9005211,松本 大地,高知,,70854,松本 大地,高知,2003-06-01,single name match
name-only,9005212,金原 朝陽,高知,,61424,金原 朝陽,高知,2000-09-24,single name match
name-only,9005213,長 疾風,高知,,66915,長 疾風,高知,2007-08-17,single name match
name-only,9005214,香川 太朗,富山,,70916,香川 太朗,富山,2004-07-14,single name match
name-only,9005215,伊藤 颯真,熊本,,44785,伊藤 颯真,熊本,2001-07-18,single name match
name-only,9005216,那須 健一,熊本,,70192,那須 健一,熊本,2003-10-02,single name match
name-only,9005217,鹿取 勇斗,熊本,,70801,鹿取 勇斗,熊本,2003-11-11,single name match
name-only,9005218,藤森 颯太,山口,,70813,藤森 颯太,山口,2003-07-17,single name match
name-only,9005219,中山 桂吾,鹿児島,,70846,中山 桂吾,鹿児島,2003-12-14,single name match
name-only,9005220,三品 直哉,鹿児島,,70844,三品 直哉,鹿児島,2003-04-23,single name match
name-only,9005221,岡本 享也,宮崎,,29332,岡本 享也,宮崎,1995-05-15,single name match
name-only,9005222,カル ジェニングス,琉球,,70915,カル ジェニングス,琉球,1997-05-17,single name match
name-only,9005223,松本 皐誠,群馬,,38956,松本 皐誠,群馬,2003-08-12,single name match
name-only,9005224,吉村 耕一,八戸,,39216,吉村 耕一,八戸,2003-06-20,single name match
name-only,9005225,鈴木 慎之介,八戸,,70810,鈴木 慎之介,八戸,2003-05-07,single name match
name-only,9005226,ピトリック,相模原,,61963,ピトリック,相模原,1997-11-14,single name match
name-only,9005227,田鎖 勇作,相模原,,70152,田鎖 勇作,相模原,2003-05-27,single name match
name-only,9005228,川畑 優翔,相模原,,70805,川畑 優翔,相模原,2003-09-09,single name match
name-only,9005229,杉本 蓮,相模原,,61694,杉本 蓮,相模原,2003-03-18,single name match
name-only,9005230,木寺 優直,大宮,,70917,木寺 優直,大宮,2008-09-12,single name match
name-only,9005231,ティラパット,札幌,,70907,ティラパット,札幌,2007-02-17,single name match
name-only,9005232,高畠 捷,奈良,,70841,高畠 捷,奈良,2003-07-04,single name match
name-only,9005233,一村 聖連,奈良,,70843,一村 聖連,奈良,2004-01-17,single name match
name-only,9005234,ロドリゴ ソウザ,今治,,70922,ロドリゴ ソウザ,今治,2002-05-31,single name match
name-only,9005235,田畑 知起,栃木,,70806,田畑 知起,栃木SC,2004-02-26,single name match
name-only,9005236,堤 陽輝,栃木,,70191,堤 陽輝,栃木SC,2003-06-13,single name match
name-only,9005237,永井 大士,栃木,,70804,永井 大士,栃木SC,2004-01-01,single name match
name-only,9005238,宝納 拓斗,福島,,49675,宝納 拓斗,福島,2004-06-27,single name match
name-only,9005239,鳥山 陽斗,FC大阪,,70869,鳥山 陽斗,FC大阪,2008-02-27,single name match
name-only,9005240,ヴィニシウス ソウザ,FC大阪,,63018,ヴィニシウス ソウザ,FC大阪,2003-03-26,single name match
name-only,9005241,村田 侑大,高知,,70853,村田 侑大,高知,2005-09-09,single name match
name-only,9004937,藤井 悠太,大宮,,11448,藤井 悠太,群馬,1991-05-25,single name match
name-only,9004943,守田 創,鳥栖,,10202,守田 創,岩手,1992-05-14,single name match
name-only,9004944,ブルーノ カスタニェイラ,新潟,,8829,鈴木 ブルーノ,岐阜,1990-05-20,single name match
name-only,9004948,森下 怜哉,鳥栖,,19337,森下 怜哉,鳥栖,1998-11-01,single name match
name-only,9004949,石尾 陸登,仙台,,49760,石尾 陸登,千葉,2001-08-07,single name match
name-only,9004950,エロン,仙台,,54824,エロン,仙台,1998-07-16,single name match
name-only,9004951,早坂 勇希,いわき,,19318,早坂 勇希,川崎Ｆ,1999-05-22,single name match
name-only,9004952,松本 崚汰,いわき,,61676,松本 崚汰,いわき,2002-10-25,single name match
name-only,9004953,村上 陽斗,いわき,,61674,村上 陽斗,いわき,2002-07-17,single name match
name-only,9004954,久永 瑠音,いわき,,61858,久永 瑠音,いわき,2004-03-04,single name match
name-only,9004955,加藤 大晟,いわき,,61006,加藤 大晟,いわき,2002-09-06,single name match
name-only,9004959,楠本 卓海,藤枝,,29278,楠本 卓海,藤枝,1995-12-10,single name match
name-only,9004960,久富 良輔,藤枝,,11879,久富 良輔,藤枝,1991-03-19,single name match
name-only,9004961,千葉 寛汰,藤枝,,38098,千葉 寛汰,清水,2003-06-17,single name match
name-only,9004962,ディアマンカ センゴール,藤枝,,61658,ディアマンカ センゴール,栃木SC,2001-01-20,single name match
name-only,9004963,山田 奈央,徳島,,37971,山田 奈央,徳島,2002-11-18,single name match
name-only,9004964,小林 慶太,熊本,,37878,小林 慶太,熊本,2003-01-30,single name match
name-only,9004965,甲田 英將,愛媛,,37687,甲田 英將,名古屋,2003-10-02,single name match
name-only,9004966,加藤 徹也,今治,,49686,加藤 徹也,新潟,1996-03-13,single name match
name-only,9004967,イ ヨンジュン,今治,,61697,イ ヨンジュン,今治,2006-08-07,single name match
name-only,9004968,濵田 太郎,大分,,45058,濵田 太郎,岡山,2000-02-21,single name match
name-only,9004969,木吹 翔太,いわき,,49718,木吹 翔太,いわき,2006-08-19,single name match
name-only,9004970,西村 慧祐,山形,,32683,西村 慧祐,山形,1998-02-19,single name match
name-only,9004971,岡本 一真,山形,,44993,岡本 一真,山形,2003-09-19,single name match
name-only,9004972,ジョーンズ レイ,藤枝,,37683,ジョーンズ レイ,藤枝,2002-05-04,single name match
name-only,9004973,ホッキ ジュニオール,藤枝,,61663,ホッキ ジュニオール,藤枝,2002-01-15,single name match
name-only,9004974,山内 琳太郎,いわき,,61012,山内 琳太郎,相模原,2002-10-25,single name match
name-only,9004975,石渡 ネルソン,いわき,,45104,石渡 ネルソン,Ｃ大阪,2005-05-10,single name match
name-only,9004976,金沢 一矢,愛媛,,58351,金沢 一矢,愛媛,2002-10-31,single name match
name-only,9004977,ヴァウ ソアレス,甲府,,64234,ヴァウ ソアレス,甲府,1997-03-12,single name match
name-only,9004978,トーマス ヒュワード ベル,山形,,61745,トーマス ヒュワード ベル,山形,1997-03-11,single name match
name-only,9004979,トニー アンデルソン,徳島,,61672,トニー アンデルソン,徳島,1997-12-27,single name match
name-only,9004981,吉田 泰授,山形,,48902,吉田 泰授,東京Ｖ,2000-04-21,single name match
name-only,9004982,ネーミアス,甲府,,65129,ネーミアス,甲府,2000-02-13,single name match
name-only,9004983,南 秀仁,山形,,10500,南 秀仁,山形,1993-05-05,single name match
name-only,9004984,河本 大雅,藤枝,,60472,河本 大雅,藤枝,2006-07-23,single name match
name-only,9004985,野口 航,今治,,29305,野口 航,今治,1996-01-18,single name match
name-only,9004986,マリオ セルジオ,札幌,,69797,マリオ セルジオ,札幌,1995-09-02,single name match
name-only,9004987,西岡 健斗,磐田,,69798,西岡 健斗,磐田,2008-07-14,single name match
name-only,9004988,堀内 智葵,秋田,,55408,堀内 智葵,秋田,2006-12-17,single name match
name-only,9004989,榊原 杏太,藤枝,,44619,榊原 杏太,名古屋,2001-10-20,single name match
name-only,9004990,ヤン ファンデンベルフ,磐田,,69814,ヤン ファンデンベルフ,磐田,1994-10-02,single name match
name-only,9004991,ポラメート アーウィライ,磐田,,69815,ポラメート アーウィライ,磐田,1998-07-20,single name match
name-only,9004992,ミカエル ドカ,甲府,,69960,ミカエル ドカ,甲府,2000-01-24,single name match
name-only,9004993,アレフ フィルミーノ,山口,,70002,アレフ フィルミーノ,山口,1998-03-16,single name match
name-only,9004994,河野 孝汰,山口,,32521,河野 孝汰,岡山,2003-08-12,single name match
name-only,9004995,グスタボ シルバ,磐田,,69843,グスタボ シルバ,磐田,1997-09-07,single name match
name-only,9004996,田中 幹大,いわき,,70115,田中 幹大,いわき,2003-07-22,single name match
name-only,9004997,大森 彗斗,藤枝,,61648,大森 彗斗,藤枝,2003-01-04,single name match
name-only,9004998,池田 季礼,鳥栖,,70172,池田 季礼,鳥栖,2007-07-29,single name match
name-only,9004999,中村 優斗,藤枝,,70194,中村 優斗,藤枝,2003-10-09,single name match
name-only,9005001,前田 一翔,富山,,49746,前田 一翔,福岡,2006-06-16,single name match
name-only,9005002,湯之前 匡央,富山,,70199,湯之前 匡央,富山,2003-12-30,single name match
name-only,9005004,橋本 陸斗,熊本,,38049,橋本 陸斗,神戸,2005-04-02,single name match
name-only,9005009,速水 修平,いわき,,49589,速水 修平,八戸,2000-11-11,single name match
name-only,9005011,佐藤 祥,栃木,,10709,佐藤 祥,栃木SC,1993-07-22,single name match
name-only,9005012,大森 渚生,栃木,,45030,大森 渚生,水戸,1999-08-19,single name match
name-only,9005013,奥田 晃也,栃木,,23178,奥田 晃也,水戸,1994-10-01,single name match
name-only,9005014,神戸 康輔,栃木,,45031,神戸 康輔,相模原,2000-03-09,single name match
name-only,9005015,渡邉 英祐,鹿児島,,45051,渡邉 英祐,宮崎,1999-11-03,single name match
name-only,9005016,五領 淳樹,鹿児島,,11119,五領 淳樹,鹿児島,1989-12-13,single name match
name-only,9005017,飯島 陸,甲府,,44791,飯島 陸,福島,1999-11-17,single name match
name-only,9005018,中島 元彦,仙台,,19484,中島 元彦,Ｃ大阪,1999-04-18,single name match
name-only,9005020,宮下 翔,甲府,,60244,宮下 翔,甲府,2006-04-03,single name match
name-only,9005023,ユ イェチャン,愛媛,,54765,ユ イェチャン,愛媛,2001-05-09,single name match
name-only,9005025,沼田 駿也,鹿児島,,45036,沼田 駿也,町田,1999-04-19,single name match
name-only,9005026,マクーラ,甲府,,60999,マクーラ,甲府,2000-06-10,single name match
name-only,9005027,サーラット ユーイェン,山口,,60469,サーラット ユーイェン,山口,1992-05-30,single name match
name-only,9005029,三浦 颯太,甲府,,44165,三浦 颯太,川崎Ｆ,2000-09-07,single name match
name-only,9005030,小野 雅史,山形,,29535,小野 雅史,名古屋,1996-08-09,single name match
name-only,9005031,デラトーレ,山形,,45702,デラトーレ,山形,1992-05-01,single name match
name-only,9005032,河合 秀人,山形,,19199,河合 秀人,山形,1993-10-01,single name match
name-only,9005036,金浦 真樹,藤枝,,45045,金浦 真樹,鳥取,1999-12-10,single name match
name-only,9005041,松橋 優安,山口,,37635,松橋 優安,東京Ｖ,2001-10-27,single name match
name-only,9005042,笠原 昂史,大宮,,10904,笠原 昂史,大宮,1988-11-21,single name match
name-only,9005043,柴山 昌也,大宮,,37869,柴山 昌也,Ｃ大阪,2002-07-02,single name match
name-only,9005048,ジェフェルソン バイアーノ,金沢,,29289,ジェフェルソン バイアーノ,金沢,1995-05-10,single name match
name-only,9005050,ホ ヨンジュン,仙台,,49677,ホ ヨンジュン,仙台,1993-01-08,single name match
name-only,9005051,相澤 佑哉,熊本,,49581,相澤 佑哉,熊本,2000-10-17,single name match
name-only,9005054,阿部 海大,秋田,,29244,阿部 海大,岡山,1999-09-18,single name match
name-only,9005056,ジェトゥリオ,甲府,,49250,ジェトゥリオ,甲府,1997-06-10,single name match
name-only,9005057,山田 雄士,栃木,,29561,山田 雄士,柏,2000-05-17,single name match
name-only,9005059,田辺 圭佑,熊本,,12053,田辺 圭佑,熊本,1992-03-29,single name match
name-only,9005060,中井 崇仁,藤枝,,44997,中井 崇仁,藤枝,1999-04-08,single name match
name-only,9005061,五十嵐 理人,栃木,,39341,五十嵐 理人,栃木SC,1999-06-13,single name match
name-only,9005062,国本 玲央,山口,,37516,国本 玲央,宮崎,2001-09-01,single name match
name-only,9005065,岡﨑 建哉,山形,,8825,岡﨑 建哉,山形,1990-05-31,single name match
name-only,9005066,ルイズミ ケサダ,徳島,,49655,ルイズミ ケサダ,徳島,1996-02-11,single name match
name-only,9005067,山崎 倫,大宮,,45034,山崎 倫,鹿児島,2003-05-20,single name match
name-only,9005068,面矢 行斗,栃木,,37944,面矢 行斗,栃木SC,1998-08-29,single name match
name-only,9005069,新井 栄聡,大分,,23520,新井 栄聡,町田,1995-09-27,single name match
name-only,9005070,沖野 将基,秋田,,12160,沖野 将基,秋田,1996-12-13,single name match
name-only,9005071,青嶋 佑弥,栃木,,45043,青嶋 佑弥,千葉,1999-07-26,single name match
name-only,9005072,テイシェイラ,大分,,49706,テイシェイラ,大分,1999-03-08,single name match
name-only,9005073,ペドロ,藤枝,,44974,ペドロ,藤枝,2003-06-02,single name match
name-only,9005074,上本 銀太,山口,,45037,上本 銀太,山口,2003-09-29,single name match
name-only,9005075,ウォー モハメッド,秋田,,49770,ウォー モハメッド,秋田,2000-04-04,single name match
name-only,9005076,黒宮 渉,いわき,,44980,黒宮 渉,いわき,1998-12-21,single name match
name-only,9005077,安田 祐生,秋田,,37801,安田 祐生,秋田,1998-06-25,single name match
name-only,9005078,新垣 貴之,山形,,32316,新垣 貴之,岐阜,1996-08-12,single name match
name-only,9005080,酒井 匠,熊本,,49667,酒井 匠,福島,1998-06-25,single name match
name-only,9005081,ネルソン エンリケ,いわき,,52065,ネルソン エンリケ,いわき,2002-06-07,single name match
name-only,9005082,谷山 湧人,熊本,,38025,谷山 湧人,熊本,2003-10-31,single name match
name-only,9005084,小野寺 健也,栃木,,37517,小野寺 健也,滋賀,1997-11-18,single name match
name-only,9005086,小松 駿太,盛岡,,23186,小松 駿太,FC大阪,1997-11-07,single name match
name-only,9005087,ブレンネル,盛岡,,37698,ブレンネル,岩手,1999-01-10,single name match
name-only,9005088,中野 雅臣,盛岡,,12130,中野 雅臣,岩手,1996-04-09,single name match
name-only,9005089,涌井 寿大,大宮,,41107,涌井 寿大,大宮,2004-10-25,single name match
name-only,9005090,吉永 昇偉,大宮,,32409,吉永 昇偉,宮崎,2000-04-18,single name match
name-only,9005091,眞鍋 旭輝,山口,,32723,眞鍋 旭輝,宮崎,1997-10-17,single name match
name-only,9005094,ウィリアン リラ,甲府,,37979,ウィリアン リラ,甲府,1993-12-09,single name match
name-only,9005095,名倉 巧,仙台,,23365,名倉 巧,長崎,1998-06-03,single name match
name-only,9005096,ダニー カルバハル,琉球,,29316,ダニー カルバハル,琉球,1989-01-08,single name match
name-only,9005097,シティチョーク パソ,琉球,,23288,シティチョーク パソ,琉球,1999-01-28,single name match
name-only,9005098,人見 拓哉,琉球,,37567,人見 拓哉,滋賀,1997-12-18,single name match
name-only,9005100,半田 陸,山形,,29444,半田 陸,Ｇ大阪,2002-01-01,single name match
name-only,9005101,木戸 皓貴,山形,,29259,木戸 皓貴,山形,1995-06-28,single name match
name-only,9005104,奥抜 侃志,大宮,,23531,奥抜 侃志,Ｇ大阪,1999-08-11,single name match
name-only,9005105,モレラト,盛岡,,37696,モレラト,岩手,1994-05-25,single name match
name-only,9005106,杉浦 力斗,金沢,,37790,杉浦 力斗,宮崎,2002-10-22,single name match
name-only,9005108,東野 広太郎,熊本,,19401,東野 広太郎,熊本,1998-06-10,single name match
name-only,9005109,宮原 愛輝,熊本,,38024,宮原 愛輝,熊本,2002-04-10,single name match
name-only,9005110,色摩 雄貴,盛岡,,37590,色摩 雄貴,岩手,1997-10-01,single name match
name-only,9005111,松本 怜大,山形,,8893,松本 怜大,山形,1990-11-21,single name match
name-only,9005113,レナト ヴィスキ,甲府,,44986,レナト ヴィスキ,甲府,1998-05-30,single name match
name-only,9005114,ブルーノ パライバ,甲府,,44971,ブルーノ パライバ,甲府,1994-07-20,single name match
name-only,9005115,若林 学歩,大宮,,45033,若林 学歩,大宮,2004-03-10,single name match
name-only,9005116,岸田 和人,山口,,8946,岸田 和人,山口,1990-04-03,single name match
name-only,9005117,田部井 涼,横浜FC,,39401,田部井 涼,岡山,1999-06-25,single name match
name-only,9005120,石井 圭太,盛岡,,11866,石井 圭太,岩手,1995-06-22,single name match
name-only,9005121,韓 勇太,盛岡,,32460,韓 勇太,岩手,1996-10-30,single name match
name-only,9005122,積田 景介,琉球,,19180,積田 景介,琉球,1993-06-23,single name match
name-only,9005124,ヴィニシウス ドスサントス,琉球,,44621,ヴィニシウス ドスサントス,琉球,1999-11-15,single name match
name-only,9005126,荒川 永遠,山形,,44988,荒川 永遠,山形,2003-08-29,single name match
name-only,9005127,村瀬 悠介,琉球,,37960,村瀬 悠介,琉球,1998-04-09,single name match
name-only,9005128,ファム バン ルアン,琉球,,45704,ファム バン ルアン,琉球,1999-05-26,single name match
name-only,9005129,ケルヴィン,琉球,,48387,ケルヴィン,琉球,1993-06-01,single name match
name-only,9000045,井上 黎生人,浦和,,15862,井上 黎生人,Ｃ大阪,1997-03-09,single name match
name-only,9000007,舩木 翔,C大阪,,19335,舩木 翔,新潟,1998-04-13,single name match
name-only,9000013,ジャン クルード,横浜FM,,60468,ジャン クルード,横浜FM,2003-12-14,single name match
name-only,9000018,サンディ ウォルシュ,横浜FM,,61979,サンディ ウォルシュ,横浜FM,1995-03-14,single name match
name-only,9005131,サダム スレイ,琉球,,48934,サダム スレイ,琉球,1996-10-16,single name match
name-only,9005132,西方 優太郎,横浜FC,,45707,西方 優太郎,横浜FC,2005-07-05,single name match
name-only,9005133,山田 泰樹,仙台,,45136,山田 泰樹,仙台,2004-09-28,single name match
name-only,9005134,稲葉 楽,金沢,,37835,稲葉 楽,金沢,2002-04-27,single name match
name-only,9005135,片倉 誠也,金沢,,37962,片倉 誠也,金沢,1998-12-05,single name match
name-only,9005136,ブー ホン クアン,琉球,,45705,ブー ホン クアン,琉球,1999-10-03,single name match
name-only,9005137,アレックス バレラ,琉球,,48922,アレックス バレラ,琉球,1991-05-12,single name match
name-only,9005153,光永 祐也,群馬,,11500,光永 祐也,群馬,1995-11-29,single name match
name-only,9005154,中山 雄登,群馬,,9323,中山 雄登,群馬,1991-04-11,single name match
name-only,9005155,田部井 悠,群馬,,44994,田部井 悠,滋賀,1999-06-25,single name match
name-only,9005242,キム テウォン,富山,,70911,キム テウォン,富山,2005-03-11,single name match
name-only,9005243,松岡 敏也,新潟,,70779,松岡 敏也,新潟,2007-09-28,single name match
name-only,9005244,山崎 太新,大分,,41104,山崎 太新,大分,2004-02-27,single name match
name-only,9005245,坂下 湧太郎,北九州,,69819,坂下 湧太郎,北九州,2007-08-06,single name match
name-only,9005246,吉田 晃盛,北九州,,62290,吉田 晃盛,北九州,2003-07-17,single name match
name-only,9005247,松岡 響祈,鳥栖,,70905,松岡 響祈,鳥栖,2005-02-02,single name match
name-only,9005248,伊東 倖希,滋賀,,37906,伊東 倖希,滋賀,1996-05-17,single name match
name-only,9005249,宮城 雅史,滋賀,,15722,宮城 雅史,滋賀,1991-01-19,single name match
name-only,9005250,海口 彦太,滋賀,,70581,海口 彦太,滋賀,1996-12-09,single name match
name-only,9005251,中村 健人,滋賀,,37544,中村 健人,滋賀,1997-09-01,single name match
name-only,9005252,秋山 駿,滋賀,,19577,秋山 駿,滋賀,1999-08-26,single name match
name-only,9005253,本吉 勇貴,滋賀,,70874,本吉 勇貴,滋賀,1992-09-22,single name match
name-only,9005254,角田 駿,滋賀,,70580,角田 駿,滋賀,1996-09-24,single name match
name-only,9005255,木下 礼生,滋賀,,70577,木下 礼生,滋賀,2002-09-25,single name match
name-only,9005256,竜田 柊士,滋賀,,70579,竜田 柊士,滋賀,1998-12-05,single name match
name-only,9005257,北條 真汰,滋賀,,44789,北條 真汰,滋賀,2001-05-20,single name match
name-only,9005258,寺沢 優太,鳥取,,38005,寺沢 優太,鳥取,1993-07-31,single name match
name-only,9005259,ムン ミン,鳥取,,70816,ムン ミン,鳥取,2005-02-04,single name match
name-only,9005260,篠田 大輝,鳥取,,70808,篠田 大輝,鳥取,2003-08-14,single name match
name-only,9005261,チャ ウォンジュン,鳥取,,70817,チャ ウォンジュン,鳥取,2006-07-25,single name match
name-only,9005262,中村 龍,湘南,,71137,中村 龍,湘南,2008-07-11,single name match
name-only,9005263,栗澤 陸,八戸,,69816,栗澤 陸,八戸,2003-07-31,single name match
name-only,9005264,日髙 元,大宮,,70912,日髙 元,大宮,2007-11-13,single name match
name-only,9005265,藤田 仁朗,福島,,70211,藤田 仁朗,福島,2003-05-02,single name match
name-only,9005266,保坂 知希,甲府,,61725,保坂 知希,甲府,2006-05-25,single name match
name-only,9005267,笠原 淳,滋賀,,9827,笠原 淳,滋賀,1989-07-21,single name match
name-only,9005268,三宅 海斗,滋賀,,32647,三宅 海斗,滋賀,1997-08-27,single name match
name-only,9005269,森本 ヒマン,滋賀,,49568,森本 ヒマン,滋賀,1997-05-01,single name match
name-only,9005270,青戸 翔,高知,,45000,青戸 翔,高知,1996-08-09,single name match
name-only,9005271,前田 稜太,北九州,,70170,前田 稜太,北九州,2004-01-22,single name match
name-only,9005272,鄭 翔英,鳥取,,71136,鄭 翔英,鳥取,2003-10-01,single name match
name-only,9005273,奥田 陽琉,滋賀,,70875,奥田 陽琉,滋賀,2001-05-23,single name match
name-only,9005274,キム グニル,群馬,,71063,キム グニル,群馬,2002-12-06,single name match
name-only,9005275,増田 大空,磐田,,70780,増田 大空,磐田,2008-01-13,single name match
name-only,9005276,神田 泰斗,大宮,,63015,神田 泰斗,大宮,2008-05-07,single name match
name-only,9005277,仙波 隼太郎,愛媛,,71138,仙波 隼太郎,愛媛,2009-04-27,single name match
name-only,9005278,菊島 卓,滋賀,,70575,菊島 卓,滋賀,1993-12-31,single name match
name-only,9005279,田端 琉聖,栃木,,38097,田端 琉聖,栃木SC,2003-05-11,single name match
name-only,9005280,岩崎 亮佑,横浜FC,,62288,岩崎 亮佑,横浜FC,2008-01-30,single name match
name-only,9005281,近藤 優成,藤枝,,70773,近藤 優成,藤枝,2003-10-02,single name match
name-only,9005282,岡 英輝,讃岐,,40773,岡 英輝,讃岐,2003-05-26,single name match
name-only,9005283,原野 楼惟,讃岐,,70876,原野 楼惟,讃岐,2007-05-06,single name match
name-only,9005284,柳 雄太郎,讃岐,,29302,柳 雄太郎,讃岐,1995-09-18,single name match
name-only,9005285,濵名 元希,奈良,,70892,濵名 元希,奈良,2008-07-29,single name match
name-only,9005286,薬師田 澪,熊本,,70800,薬師田 澪,熊本,2003-10-17,single name match
name-only,9005287,石原 央羅,熊本,,70803,石原 央羅,熊本,2002-06-18,single name match
name-only,9005288,志賀 一允,群馬,,63155,志賀 一允,群馬,2001-05-20,single name match
name-only,9005289,ソン ミンソッ,群馬,,70807,ソン ミンソッ,群馬,2007-09-20,single name match
name-only,9005290,韓 峻領,FC大阪,,70913,韓 峻領,FC大阪,2007-03-01,single name match
name-only,9005291,桑子 流空,FC大阪,,70870,桑子 流空,FC大阪,2003-06-29,single name match
name-only,9005292,金 潤識,FC大阪,,63742,金 潤識,FC大阪,2003-07-21,single name match
name-only,9005293,カウアン ディニース,大宮,,71065,カウアン ディニース,大宮,2004-03-07,single name match
name-only,9005294,川原 颯斗,札幌,,39177,川原 颯斗,札幌,2003-10-02,single name match
name-only,9005295,大嶌 貴,栃木C,,23424,大嶌 貴,栃木Ｃ,2000-10-18,single name match
name-only,9005296,牧野 虎太郎,長野,,61712,牧野 虎太郎,長野,2002-07-13,single name match
name-only,9005297,木内 達也,鳥取,,70809,木内 達也,鳥取,2002-04-07,single name match
name-only,9005298,志慶眞 巧洋,琉球,,69802,志慶眞 巧洋,琉球,2007-12-30,single name match
name-only,9005299,髙橋 一平,仙台,,37799,髙橋 一平,仙台,2003-10-02,single name match
name-only,9005300,栗栖 汰志,藤枝,,60476,栗栖 汰志,藤枝,2006-09-17,single name match
name-only,9005301,尾崎 裕人,長野,,70797,尾崎 裕人,長野,2003-07-04,single name match
name-only,9005302,早河 恭哉,松本,,70781,早河 恭哉,松本,2004-01-09,single name match
name-only,9005303,坂田 陸,大分,,70826,坂田 陸,大分,2003-07-30,single name match
name-only,9005304,櫻井 勇斗,大分,,70828,櫻井 勇斗,大分,2004-01-20,single name match
name-only,9005305,田中 翼冴,八戸,,70822,田中 翼冴,八戸,2007-07-18,single name match
name-only,9005306,高橋 クリス,讃岐,,58719,高橋 クリス,讃岐,2002-01-11,single name match
name-only,9005307,ファビオ アゼヴェド,岐阜,,71383,ファビオ アゼヴェド,岐阜,1999-01-04,single name match
name-only,9005308,辻岡 招真,讃岐,,70862,辻岡 招真,讃岐,2004-03-05,single name match
name-only,9005309,咲本 大,FC大阪,,70866,咲本 大,FC大阪,2007-07-26,single name match
name-only,9005310,山本 颯太,鳥取,,71387,山本 颯太,鳥取,2004-12-04,single name match
name-only,9005311,薬真寺 孝弥,滋賀,,70574,薬真寺 孝弥,滋賀,1999-03-07,single name match
name-only,9005312,中田 舜貴,長野,,45313,中田 舜貴,長野,2002-05-21,single name match
name-only,9005313,オラスンカンミ,奈良,,70849,オラスンカンミ,奈良,2007-07-21,single name match
name-only,9005314,本多 康太郎,八戸,,45254,本多 康太郎,八戸,2006-05-20,single name match
name-only,9005315,ペドロ アウグスト,栃木C,,71419,ペドロ アウグスト,栃木Ｃ,1997-03-03,single name match
name-only,9005316,リ トビン,松本,,70788,リ トビン,松本,2003-09-24,single name match
name-only,9005317,戸田 峻平,熊本,,70802,戸田 峻平,熊本,2004-01-16,single name match
name-only,9005318,佐藤 遼,宮崎,,70171,佐藤 遼,宮崎,2004-01-08,single name match
name-only,9005319,芳野 凱斗,鳥栖,,71418,芳野 凱斗,鳥栖,2005-03-30,single name match
name-only,9005320,小池 直矢,磐田,,71420,小池 直矢,磐田,2005-02-12,single name match
name-only,9005363,栗山 直樹,山形,,11333,栗山 直樹,愛媛,1990-12-08,single name match
name-only,9005364,パウロ バイヤ,甲府,,37972,パウロ バイヤ,甲府,1999-07-26,single name match
name-only,9005365,狩土名 禅,北九州,,37974,狩土名 禅,北九州,1998-05-12,single name match
name-only,9005367,鳥養 祐矢,琉球,,7903,鳥養 祐矢,琉球,1988-05-11,single name match
name-only,9005368,アジェノール,相模原,,38020,アジェノール,相模原,1989-12-11,single name match
name-only,9005369,クンデ,相模原,,40841,クンデ,相模原,1997-09-17,single name match
name-only,9005370,作田 裕次,金沢,,10876,作田 裕次,金沢,1987-12-04,single name match
name-only,9005371,ヘニキ,山口,,12082,ヘニキ,岐阜,1989-09-08,single name match
name-only,9005409,清川 流石,愛媛,,32389,清川 流石,愛媛,1996-07-20,single name match
name-only,9005411,ペドロ マンジー,新潟,,37559,ペドロ マンジー,新潟,1988-10-13,single name match
name-only,9005412,摂津 颯登,山形,,12142,摂津 颯登,山形,1996-10-05,single name match
name-only,9005413,松本 健太,大宮,,32720,松本 健太,柏,1997-05-04,single name match
name-only,9005414,竹嶋 裕二,愛媛,,29241,竹嶋 裕二,愛媛,1999-06-11,single name match
name-only,9005415,内藤 洋平,北九州,,10949,内藤 洋平,北九州,1988-07-09,single name match
name-only,9005417,川村 琉偉,琉球,,37810,川村 琉偉,琉球,2003-01-07,single name match
name-only,9005418,中村 駿太,山形,,29297,中村 駿太,讃岐,1999-05-10,single name match
name-only,9005419,磐瀬 剛,群馬,,11863,磐瀬 剛,群馬,1995-06-28,single name match
name-only,9005421,シシーニョ,愛媛,,23256,シシーニョ,愛媛,1986-04-22,single name match
name-only,9005422,伊藤 竜司,栃木,,10341,伊藤 竜司,栃木SC,1990-07-23,single name match
name-only,9005423,丸山 嵩大,新潟,,37783,丸山 嵩大,富山,2004-08-16,single name match
name-only,9005424,菅 和範,栃木,,9711,菅 和範,栃木SC,1985-11-11,single name match
name-only,9005425,田中 奏一,鹿児島,,8399,田中 奏一,鹿児島,1989-06-27,single name match
name-only,9005426,ウイリアン,鹿児島,,29578,ウイリアン,鹿児島,1987-02-11,single name match
name-only,9005427,中原 優生,鹿児島,,19149,中原 優生,鹿児島,1993-06-15,single name match
name-only,9005428,藤澤 典隆,鹿児島,,8296,藤澤 典隆,鹿児島,1988-08-23,single name match
name-only,9005429,赤尾 公,鹿児島,,19145,赤尾 公,鹿児島,1988-02-15,single name match
name-only,9005430,吉井 孝輔,鹿児島,,7714,吉井 孝輔,鹿児島,1986-03-19,single name match
name-only,9005431,薗田 卓馬,鹿児島,,23221,薗田 卓馬,宮崎,1993-06-14,single name match
name-only,9005433,ダヴィッド バブンスキー,大宮,,23277,ダヴィッド バブンスキー,大宮,1994-03-01,single name match
name-only,9005434,佐藤 洸一,甲府,,10272,佐藤 洸一,甲府,1986-11-28,single name match
name-only,9005435,ユ ヒョン,栃木,,32456,ユ ヒョン,栃木SC,1984-08-01,single name match
name-only,9005436,阿部 正紀,岐阜,,12092,阿部 正紀,岐阜,1991-12-25,single name match
name-only,9005437,永島 悠史,岐阜,,12113,永島 悠史,鳥取,1996-07-12,single name match
name-only,9005438,ライアン デ フリース,岐阜,,29333,ライアン デ フリース,岐阜,1991-09-14,single name match
name-only,9005439,原田 祐輔,岐阜,,29331,原田 祐輔,岐阜,1991-05-17,single name match
name-only,9005440,会津 雄生,岐阜,,12137,会津 雄生,岐阜,1996-08-01,single name match
name-only,9005443,カルバハル,琉球,,29316,ダニー カルバハル,琉球,1989-01-08,single name match
name-only,9005444,新井 純平,琉球,,11228,新井 純平,琉球,1994-11-12,team narrow-down
name-only,9005445,越智 亮介,琉球,,8940,越智 亮介,今治,1990-04-07,single name match
name-only,9005448,神田 夢実,愛媛,,11326,神田 夢実,YS横浜,1994-09-14,single name match
name-only,9005451,ドストン,山口,,32368,ドストン,山口,1995-06-13,single name match
name-only,9005452,マルシーリオ,山口,,32475,マルシーリオ,山口,1995-08-10,single name match
name-only,9005453,山本 凌太郎,横浜FC,,23160,山本 凌太郎,YS横浜,1998-12-07,single name match
name-only,9005455,クルーニー,金沢,,32359,クルーニー,金沢,1994-12-20,single name match
name-only,9005456,古波津 辰希,栃木,,15948,古波津 辰希,栃木SC,1993-09-11,single name match
name-only,9005457,小野 悠斗,岐阜,,9353,小野 悠斗,岐阜,1991-09-28,single name match
name-only,9005460,ヤン オレ ジーバース,岐阜,,32477,ヤン オレ ジーバース,岐阜,1995-02-16,single name match
name-only,9005461,咸 泳俊,岐阜,,32341,ハム ヨンジュン,岐阜,1997-05-04,single name match
name-only,9005462,玉林 睦実,愛媛,,10283,玉林 睦実,愛媛,1984-10-12,single name match
name-only,9005463,廣瀬 浩二,栃木,,8630,廣瀬 浩二,栃木SC,1984-03-13,single name match
name-only,9005464,山岡 哲也,鹿児島,,19153,山岡 哲也,鹿児島,1990-03-04,single name match
name-only,9005465,枝本 雄一郎,鹿児島,,11306,枝本 雄一郎,藤枝,1988-08-06,single name match
name-only,9005468,ユトリッチ,愛媛,,32511,ユトリッチ,愛媛,1996-04-19,single name match
name-only,9005469,ロビン シモヴィッチ,大宮,,19261,ロビン シモヴィッチ,大宮,1991-05-29,single name match
name-only,9005470,水本 勝成,鹿児島,,10930,水本 勝成,鹿児島,1990-02-19,single name match
name-only,9005471,萱沼 優聖,鹿児島,,15923,萱沼 優聖,YS横浜,1993-08-06,single name match
name-only,9005473,サムエル サントス,新潟,,32448,サムエル サントス,新潟,1990-04-25,single name match
name-only,9005474,フランシス,新潟,,32450,フランシス,新潟,1990-04-16,single name match
name-only,9005475,フレデリック,岐阜,,32340,フレデリック,岐阜,1990-09-27,single name match
name-only,9005476,後藤 京介,甲府,,23177,後藤 京介,岩手,1992-07-29,single name match
name-only,9005477,ニウド,鹿児島,,12105,ニウド,鹿児島,1993-08-23,single name match
name-only,9005479,パウロン,新潟,,11322,パウロン,岐阜,1989-12-04,single name match
name-only,9005480,イ レジュン,栃木,,32593,イ レジュン,栃木SC,1997-03-19,single name match
name-only,9005481,田上 裕,鹿児島,,19154,田上 裕,鹿児島,1986-01-12,single name match
name-only,9005482,田所 諒,横浜FC,,7341,田所 諒,横浜FC,1986-04-08,single name match
name-only,9005483,金 成純,琉球,,29287,金 成純,琉球,1995-12-31,single name match
name-only,9005484,坂田 良太,栃木,,11443,坂田 良太,栃木SC,1992-02-25,single name match
name-only,9005485,冨成 慎司,鹿児島,,7088,冨成 慎司,鹿児島,1987-02-22,single name match
name-only,9005486,チャキット,徳島,,32323,チャキット,徳島,1994-12-02,single name match
name-only,9005487,儀保 幸英,琉球,,23310,儀保 幸英,宮崎,1996-04-02,single name match
name-only,9005488,荒井 秀賀,栃木,,19304,荒井 秀賀,栃木SC,1999-10-29,single name match
name-only,9005489,ミシャエル,岐阜,,29557,ミシャエル,岐阜,1996-02-16,single name match
name-only,9005492,水上 珠吏,甲府,,32615,水上 珠吏,甲府,2001-05-18,single name match
name-only,9005493,西岡 謙太,鹿児島,,10878,西岡 謙太,鹿児島,1987-04-15,single name match
name-only,9005494,キム ヒョン,栃木,,32648,キム ヒョン,栃木SC,1993-05-03,single name match
name-only,9005497,ヨン ジェミン,鹿児島,,32693,ヨン ジェミン,鹿児島,1993-05-28,single name match
name-only,9005498,ユウリ,栃木,,32708,ユーリ ララ,横浜FC,1994-04-20,single name match
name-only,9005499,アラーノ,甲府,,32707,アラーノ,甲府,1995-04-24,single name match
name-only,9005500,猿田 遥己,鹿児島,,23168,猿田 遥己,柏,1999-04-23,single name match
name-only,9005502,浅沼 優瑠,栃木,,15833,浅沼 優瑠,長崎,1992-04-12,single name match
name-only,9005503,中川 裕仁,愛媛,,29579,中川 裕仁,愛媛,2000-05-25,single name match
name-only,9000042,マリウス ホイブラーテン,浦和,,49673,マリウス ホイブラーテン,浦和,1995-01-23,single name match
name-only,9000047,長倉 幹樹,浦和,,49251,長倉 幹樹,FC東京,1999-10-07,single name match
name-only,9000016,植中 朝日,横浜FM,,37631,植中 朝日,Ｇ大阪,2001-11-01,single name match
name-only,9000015,ヤン マテウス,横浜FM,,49284,ヤン マテウス,横浜FM,1998-09-04,single name match
name-only,9000043,松本 泰志,浦和,,19671,松本 泰志,広島,1998-08-22,single name match
name-only,9005505,薮内 健人,岐阜,,11206,薮内 健人,岩手,1995-01-21,single name match
name-only,9005506,ジョニー レオーニ,栃木,,19472,ジョニー レオーニ,栃木SC,1984-06-30,single name match
name-only,9005507,修行 智仁,大分,,11161,修行 智仁,今治,1984-06-29,single name match
name-only,9005508,清本 拓己,大分,,11342,清本 拓己,FC大阪,1993-06-07,single name match
name-only,9005509,原田 直樹,金沢,,12020,原田 直樹,金沢,1991-08-05,single name match
name-only,9005511,市村 篤司,讃岐,,7228,市村 篤司,讃岐,1984-11-18,single name match
name-only,9005512,パク チャニョン,讃岐,,15855,パク チャニョン,讃岐,1996-01-27,single name match
name-only,9005513,麻田 将吾,讃岐,,19513,麻田 将吾,京都,1998-07-06,single name match
name-only,9005514,木島 徹也,讃岐,,11100,木島 徹也,讃岐,1983-08-20,single name match
name-only,9005515,ソン ヨンミン,讃岐,,23372,ソン ヨンミン,讃岐,1995-03-11,single name match
name-only,9005516,武田 有祐,讃岐,,9305,武田 有祐,讃岐,1991-07-20,single name match
name-only,9005517,フェリペ アウベス,山形,,29299,フェリペ アウベス,山形,1990-05-06,team narrow-down
name-only,9005518,井筒 陸也,徳島,,19188,井筒 陸也,徳島,1994-02-10,single name match
name-only,9005521,鈴木 翔登,熊本,,15739,鈴木 翔登,福島,1992-10-16,single name match
name-only,9005522,坂本 広大,熊本,,11439,坂本 広大,熊本,1995-09-20,single name match
name-only,9005523,畑 実,熊本,,11120,畑 実,鹿児島,1989-03-30,single name match
name-only,9005524,上原 拓郎,熊本,,10688,上原 拓郎,今治,1991-07-08,single name match
name-only,9005525,八久保 颯,熊本,,19213,八久保 颯,熊本,1993-06-23,single name match
name-only,9005528,イム ジンウ,熊本,,23127,イム ジンウ,熊本,1993-06-15,single name match
name-only,9005529,林 祥太,熊本,,23126,林 祥太,熊本,1995-02-24,single name match
name-only,9005531,髙橋 壱晟,山口,,23194,髙橋 壱晟,千葉,1998-04-20,single name match
name-only,9005532,大石 治寿,山口,,12094,大石 治寿,藤枝,1989-09-25,single name match
name-only,9005536,植田 龍仁朗,熊本,,7453,植田 龍仁朗,熊本,1988-01-29,single name match
name-only,9005539,ペ スンジン,横浜FC,,9451,ペ スンジン,横浜FC,1987-11-03,single name match
name-only,9005540,立花 歩夢,横浜FC,,29255,立花 歩夢,相模原,1995-11-04,single name match
name-only,9005541,佐野 翼,熊本,,29275,佐野 翼,長野,1994-10-18,single name match
name-only,9005542,姫野 宥弥,大分,,15752,姫野 宥弥,八戸,1996-09-27,single name match
name-only,9005543,林 友哉,讃岐,,19505,林 友哉,YS横浜,1999-08-27,single name match
name-only,9005544,似鳥 康太,熊本,,15732,似鳥 康太,熊本,1996-04-16,single name match
name-only,9005546,ジェルソン ビエイラ,山口,,29432,ジェルソン ビエイラ,山口,1992-10-04,single name match
name-only,9005548,上形 洋介,栃木,,15813,上形 洋介,八戸,1992-09-25,single name match
name-only,9005549,村上 巧,熊本,,11175,村上 巧,熊本,1989-09-12,single name match
name-only,9005550,池谷 友喜,熊本,,11437,池谷 友喜,讃岐,1995-06-27,single name match
name-only,9005551,杉本 真,栃木,,10855,杉本 真,栃木SC,1987-10-27,single name match
name-only,9005554,ジャイロ ロドリゲス,山形,,29300,ジャイロ ロドリゲス,山形,1992-12-31,single name match
name-only,9005555,廣田 隆治,山口,,10758,廣田 隆治,岩手,1993-07-16,single name match
name-only,9005558,バラル,徳島,,29553,バラル,徳島,1983-05-10,single name match
name-only,9005560,アラン,金沢,,11506,アラン,金沢,1989-02-20,team narrow-down
name-only,9005562,青木 翼,岐阜,,15942,青木 翼,群馬,1993-11-17,single name match
name-only,9005563,エセキエル ハム,岐阜,,29380,エセキエル ハム,岐阜,1994-03-10,single name match
name-only,9005565,山藤 健太,金沢,,12009,山藤 健太,金沢,1986-11-14,single name match
name-only,9005566,濱口 草太,讃岐,,29237,濱口 草太,讃岐,1999-05-22,single name match
name-only,9005567,福家 勇輝,讃岐,,11862,福家 勇輝,讃岐,1991-04-25,single name match
name-only,9005568,長澤 拓哉,讃岐,,23117,長澤 拓哉,讃岐,1993-04-10,single name match
name-only,9005569,荻野 広大,讃岐,,15950,荻野 広大,京都,1997-05-02,single name match
name-only,9005570,大沢 朋也,讃岐,,7463,大沢 朋也,讃岐,1984-10-22,single name match
name-only,9005571,パク ゴン,群馬,,11313,パク ゴン,群馬,1990-07-11,single name match
name-only,9005572,川岸 祐輔,群馬,,15831,川岸 祐輔,群馬,1992-05-26,single name match
name-only,9005573,鈴木 崇文,群馬,,11166,鈴木 崇文,群馬,1987-11-17,single name match
name-only,9005574,高橋 駿太,群馬,,9128,高橋 駿太,富山,1989-02-09,single name match
name-only,9005580,ヴァシリェヴィッチ,徳島,,23206,ヴァシリェヴィッチ,徳島,1991-06-30,single name match
name-only,9005586,永藤 歩,山形,,19174,永藤 歩,山形,1997-12-25,single name match
name-only,9005587,野崎 陽介,横浜FC,,9098,野崎 陽介,横浜FC,1985-02-16,single name match
name-only,9005588,ヨ ソンヘ,松本,,10835,ヨ ソンヘ,群馬,1987-08-06,single name match
name-only,9005589,山田 晃平,岐阜,,10894,山田 晃平,岐阜,1989-01-08,single name match
name-only,9005590,安田 晃大,愛媛,,8326,安田 晃大,愛媛,1989-08-08,single name match
name-only,9005591,太田 康介,金沢,,8758,太田 康介,金沢,1982-10-26,single name match
name-only,9005592,大槻 優平,金沢,,7870,大槻 優平,金沢,1988-05-06,single name match
name-only,9005593,富田 康仁,金沢,,12011,富田 康仁,沼津,1990-04-18,single name match
name-only,9005594,嶺岸 佳介,金沢,,12061,嶺岸 佳介,沼津,1991-09-12,single name match
name-only,9005596,出岡 大輝,群馬,,11211,出岡 大輝,藤枝,1994-08-16,single name match
name-only,9005597,イ ガンウ,群馬,,19687,イ ガンウ,群馬,1994-03-19,single name match
name-only,9005598,楠元 秀真,横浜FC,,12157,楠元 秀真,富山,1992-09-12,single name match
name-only,9005599,綱田 大志,讃岐,,11508,綱田 大志,讃岐,1984-04-05,single name match
name-only,9000008,北野 颯太,C大阪,,37855,北野 颯太,Ｃ大阪,2004-08-13,single name match
name-only,9000012,井上 健太,横浜FM,,37666,井上 健太,清水,1998-07-23,single name match
name-only,9005602,三原 向平,愛媛,,11172,三原 向平,愛媛,1989-12-08,single name match
name-only,9005604,瀧谷 亮,岐阜,,19393,瀧谷 亮,富山,1994-02-16,single name match
name-only,9005605,アシチェリッチ,徳島,,23208,アシチェリッチ,徳島,1991-04-19,single name match
name-only,9005606,山本 翔平,讃岐,,3019,山本 翔平,讃岐,1982-08-29,single name match
name-only,9005609,阿渡 真也,金沢,,12006,阿渡 真也,藤枝,1990-06-07,single name match
name-only,9005610,岡 佳樹,松本,,23154,岡 佳樹,八戸,1994-04-26,single name match
name-only,9005613,堀田 秀平,愛媛,,8246,堀田 秀平,秋田,1989-05-12,single name match
name-only,9005614,市川 恵多,群馬,,11358,市川 恵多,群馬,1990-10-03,single name match
name-only,9005616,大津 耀誠,大分,,11878,大津 耀誠,相模原,1995-08-07,single name match
name-only,9005617,朴 昇利,群馬,,19223,朴 昇利,沼津,1993-01-18,single name match
name-only,9005618,イ ジェスン,山形,,19172,イ ジェスン,山形,1994-07-21,single name match
name-only,9005619,ユン ソンホ,讃岐,,23320,ユン ソンホ,讃岐,1995-11-08,single name match
name-only,9005620,ク ボンヒョク,山形,,19643,ク ボンヒョク,山形,1998-02-09,single name match
name-only,9005621,チェ ジュンギ,群馬,,23304,チェ ジュンギ,群馬,1994-04-13,single name match
name-only,9005622,村田 翔,群馬,,7319,村田 翔,群馬,1987-04-02,single name match
name-only,9005624,シキーニョ,湘南,,23253,シキーニョ,大分,1989-07-27,single name match
name-only,9005626,クリスチャン,岐阜,,23289,クリスチャン,岐阜,1993-12-01,single name match
name-only,9005627,松本 蓮,山口,,23417,松本 蓮,山口,1999-09-15,single name match
name-only,9005629,鈴木 潤,岐阜,,15891,鈴木 潤,岐阜,1993-07-30,single name match
name-only,9005630,レオナルド ラモス,山口,,23502,レオナルド ラモス,山口,1989-08-21,single name match
name-only,9005633,マルセロ ビダル,山口,,23489,マルセロ ビダル,山口,1991-01-15,single name match
name-only,9005634,アベル ルシアッティ,山口,,23516,アベル ルシアッティ,山口,1993-02-18,single name match
name-only,9005637,吉田 直矢,群馬,,23506,吉田 直矢,岩手,1994-12-20,single name match
name-only,9005638,水永 翔馬,金沢,,11390,水永 翔馬,宮崎,1985-05-22,single name match
name-only,9005639,ロマリーニョ,金沢,,19190,ロマリーニョ,金沢,1993-09-20,single name match
name-only,9005642,曵地 裕哉,愛媛,,8895,曵地 裕哉,愛媛,1990-09-02,single name match
name-only,9005643,パク カンイル,愛媛,,11397,パク カンイル,愛媛,1991-02-10,single name match
name-only,9005645,森川 泰臣,熊本,,11049,森川 泰臣,藤枝,1994-09-27,single name match
name-only,9005646,ウィリアンス,松本,,15933,ウィリアンス,松本,1988-05-22,single name match
name-only,9005647,デニス ハリロヴィッチ,横浜FC,,19194,デニス ハリロヴィッチ,横浜FC,1986-03-02,single name match
name-only,9005648,常盤 聡,群馬,,8050,常盤 聡,群馬,1987-05-14,single name match
name-only,9005649,小牟田 洋佑,群馬,,15830,小牟田 洋佑,福島,1992-07-18,single name match
name-only,9005650,イム チョンビン,群馬,,19225,イム チョンビン,群馬,1993-02-04,single name match
name-only,9005651,野垣内 俊,岐阜,,10273,野垣内 俊,岐阜,1986-09-11,single name match
name-only,9005652,苅部 隆太郎,岐阜,,9790,苅部 隆太郎,岐阜,1992-12-19,single name match
name-only,9005653,髙地 系治,岐阜,,6543,髙地 系治,岐阜,1980-04-23,single name match
name-only,9005654,レオナルド ロシャ,岐阜,,19273,レオナルド ロシャ,岐阜,1985-03-07,single name match
name-only,9005655,エヴァンドロ,岐阜,,15757,エヴァンドロ,岐阜,1987-09-26,single name match
name-only,9005656,寺岡 真弘,北九州,,10074,寺岡 真弘,北九州,1991-11-13,single name match
name-only,9005657,弓崎 恭平,北九州,,12169,弓崎 恭平,富山,1992-10-30,single name match
name-only,9005658,ディエゴ ローザ,山形,,19160,ディエゴ ローザ,山形,1989-03-23,single name match
name-only,9005661,藤田 浩平,讃岐,,11505,藤田 浩平,讃岐,1989-06-19,single name match
name-only,9005663,玉城 峻吾,金沢,,15773,玉城 峻吾,今治,1991-04-25,single name match
name-only,9005664,小谷 健悟,北九州,,15836,小谷 健悟,北九州,1992-08-31,single name match
name-only,9005665,ユン シンヨン,山口,,19365,ユン シンヨン,山口,1987-05-22,single name match
name-only,9005666,ロク シュトラウス,横浜FC,,18984,ロク シュトラウス,横浜FC,1987-03-03,single name match
name-only,9005668,鈴木 ブルーノ,岐阜,,8829,鈴木 ブルーノ,岐阜,1990-05-20,single name match
name-only,9005669,坂元 大希,熊本,,15741,坂元 大希,熊本,1996-04-15,single name match
name-only,9005671,星野 有亮,金沢,,15774,星野 有亮,鳥取,1992-05-12,single name match
name-only,9005672,原口 拓人,山口,,9951,原口 拓人,鳥取,1992-05-03,single name match
name-only,9005675,小牧 成亘,熊本,,15743,小牧 成亘,八戸,1992-04-28,single name match
name-only,9005679,ボカ,群馬,,19238,ボカ,群馬,1988-05-12,single name match
name-only,9005680,志村 駿太,群馬,,19236,志村 駿太,群馬,1997-04-26,single name match
name-only,9005681,藤 直也,愛媛,,11117,藤 直也,愛媛,1993-05-31,single name match
name-only,9005682,多田 高行,北九州,,10927,多田 高行,北九州,1988-04-07,single name match
name-only,9005683,キム キョンジュン,徳島,,15943,キム キョンジュン,徳島,1991-04-16,single name match
name-only,9005686,冨士 祐樹,岐阜,,8105,冨士 祐樹,岐阜,1981-05-07,single name match
name-only,9005690,ナ ソンス,横浜FC,,11155,ナ ソンス,鹿児島,1993-08-13,single name match
name-only,9005691,韓 昌柱,讃岐,,15735,韓 昌柱,讃岐,1995-12-07,single name match
name-only,9005692,玉城 史也,讃岐,,19161,玉城 史也,讃岐,1993-07-23,single name match
name-only,9005693,小川 雄大,岐阜,,15822,小川 雄大,岐阜,1996-10-04,single name match
name-only,9005695,ハン スンヒョン,松本,,19173,ハン スンヒョン,富山,1993-11-10,single name match
name-only,9000071,白井 康介,東京,,12000,白井 康介,岡山,1994-05-01,single name match
name-only,9002589,アンドレ,京都,,9028,アンドレ,京都,1978-12-14,team narrow-down
name-only,9002590,ピニェイロ,京都,,9029,ピニェイロ,京都,1976-08-22,single name match
name-only,9002597,橋田 聡司,京都,,7651,橋田 聡司,群馬,1981-12-20,single name match
name-only,9002610,池松 秀明,京都,,7740,池松 秀明,京都,1986-01-10,single name match
name-only,9002626,ホージェル,神戸,,7752,ホージェル,神戸,1975-04-25,single name match
name-only,9002627,ホルヴィ,神戸,,8054,ホルヴィ,神戸,1975-04-22,single name match
name-only,9002633,村瀬 和隆,神戸,,7754,村瀬 和隆,神戸,1985-09-11,single name match
name-only,9002634,エムボマ,神戸,,2069,エムボマ,神戸,1970-11-15,single name match
name-only,9005696,八角 剛史,北九州,,6583,八角 剛史,北九州,1985-04-20,single name match
name-only,9005697,若杉 拓哉,熊本,,19647,若杉 拓哉,熊本,1993-11-24,single name match
name-only,9005700,鵜飼 亮多,群馬,,19660,鵜飼 亮多,群馬,1996-05-28,single name match
name-only,9005701,ルーカス ガウショ,群馬,,19658,ルーカス ガウショ,群馬,1991-06-13,single name match
name-only,9005702,ルシアーノ,山口,,19656,ルシアーノ,山口,1993-08-28,single name match
name-only,9005704,グエン トゥアン アイン,横浜FC,,19251,グエン トゥアン アイン,横浜FC,1995-05-16,single name match
name-only,9005705,杉山 俊,松本,,19445,杉山 俊,松本,1998-04-26,single name match
name-only,9005708,大橋 基史,金沢,,7580,大橋 基史,金沢,1987-06-24,single name match
name-only,9005710,キム ビョンヨン,熊本,,12151,キム ビョンヨン,熊本,1994-04-25,single name match
name-only,9005711,アクレイソン,群馬,,15837,アクレイソン,群馬,1982-05-21,single name match
name-only,9005712,タンケ,群馬,,15838,ドウグラス タンキ,清水,1993-10-27,single name match
name-only,9005713,野崎 桂太,群馬,,9013,野崎 桂太,群馬,1990-04-25,single name match
name-only,9005714,北 一真,群馬,,8159,北 一真,群馬,1981-12-21,single name match
name-only,9005715,パク テホン,横浜FC,,10953,パク テホン,横浜FC,1991-03-25,single name match
name-only,9005720,関田 寛士,岐阜,,11107,関田 寛士,長野,1989-10-02,single name match
name-only,9005721,チャ ヨンファン,金沢,,11200,チャ ヨンファン,金沢,1990-07-16,single name match
name-only,9005722,大町 将梧,金沢,,12007,大町 将梧,金沢,1992-05-04,single name match
name-only,9005723,ジャーン モーゼル,金沢,,15772,ジャーン モーゼル,栃木SC,1993-06-23,single name match
name-only,9005724,渡辺 亮太,愛媛,,11364,渡辺 亮太,藤枝,1991-03-11,single name match
name-only,9005725,アンドレア,讃岐,,11511,アンドレア,讃岐,1984-07-06,single name match
name-only,9005726,赤井 秀行,栃木,,10375,赤井 秀行,相模原,1985-05-02,single name match
name-only,9005727,ハン ヒフン,栃木,,11483,ハン ヒフン,栃木SC,1990-08-10,single name match
name-only,9005728,西川 優大,栃木,,7372,西川 優大,富山,1986-04-19,single name match
name-only,9005729,ナザリト,札幌,,12083,ナザリト,札幌,1990-08-13,single name match
name-only,9005734,辻 正男,金沢,,11310,辻 正男,群馬,1987-03-29,single name match
name-only,9005735,近藤 貫太,愛媛,,10777,近藤 貫太,愛媛,1993-08-11,single name match
name-only,9005737,上村 岬,磐田,,9416,上村 岬,磐田,1991-10-28,single name match
name-only,9005738,堀河 俊大,讃岐,,11507,堀河 俊大,讃岐,1989-05-28,single name match
name-only,9005739,菊岡 拓朗,札幌,,9725,菊岡 拓朗,相模原,1985-06-30,single name match
name-only,9005741,鄭 震浩,讃岐,,15877,鄭 震浩,讃岐,1996-02-08,single name match
name-only,9005743,森本 良,横浜FC,,7879,森本 良,横浜FC,1988-06-24,single name match
name-only,9005745,関原 凌河,讃岐,,9357,関原 凌河,讃岐,1991-06-20,single name match
name-only,9005751,小見 恵吾,岐阜,,15820,小見 恵吾,富山,1992-08-01,single name match
name-only,9005753,徳武 正之,金沢,,12014,徳武 正之,沼津,1991-08-18,single name match
name-only,9005756,井手口 正昭,横浜FC,,10998,井手口 正昭,横浜FC,1988-08-10,single name match
name-only,9005758,ユン ヨンスン,群馬,,12163,ユン ヨンスン,群馬,1991-08-13,single name match
name-only,9005759,ジョナタン,栃木,,18981,ジョナタン,栃木SC,1989-01-31,single name match
name-only,9005760,比嘉 諒人,岐阜,,9230,比嘉 諒人,秋田,1990-10-17,single name match
name-only,9005761,ペ フミン,横浜FC,,11293,ペ フミン,横浜FC,1991-02-13,single name match
name-only,9005762,カン ユング,愛媛,,11420,カン ユング,愛媛,1993-02-08,single name match
name-only,9005765,サビア,松本,,11055,サビア,町田,1982-11-02,single name match
name-only,9005766,北井 佑季,松本,,11167,北井 佑季,相模原,1990-01-27,single name match
name-only,9005767,時久 省吾,岐阜,,7439,時久 省吾,岐阜,1984-04-15,single name match
name-only,9005768,田中 秀人,岐阜,,10328,田中 秀人,鹿児島,1985-11-08,single name match
name-only,9005769,田中 智大,岐阜,,9283,田中 智大,富山,1991-01-10,single name match
name-only,9005770,野口 遼太,讃岐,,10536,野口 遼太,讃岐,1986-06-24,single name match
name-only,9005771,持留 新作,讃岐,,8004,持留 新作,讃岐,1988-04-29,single name match
name-only,9005772,森田 耕一郎,讃岐,,7284,森田 耕一郎,山口,1984-10-28,single name match
name-only,9005773,波夛野 寛,讃岐,,11504,波夛野 寛,讃岐,1984-12-22,single name match
name-only,9005774,フェルジナンド,磐田,,12066,フェルジナンド,磐田,1980-04-22,single name match
name-only,9005775,工藤 光輝,札幌,,10691,工藤 光輝,岩手,1991-08-23,single name match
name-only,9005776,パク ソンホ,横浜FC,,10916,パク ソンホ,横浜FC,1982-07-27,single name match
name-only,9005777,関根 永悟,愛媛,,8584,関根 永悟,愛媛,1981-09-11,single name match
name-only,9005779,柴田 大地,富山,,9064,柴田 大地,富山,1990-08-13,single name match
name-only,9005780,木本 敬介,富山,,10321,木本 敬介,富山,1984-08-23,single name match
name-only,9005781,田中 優毅,北九州,,11357,田中 優毅,北九州,1991-03-27,single name match
name-only,9005782,柿本 健太,北九州,,11360,柿本 健太,秋田,1990-10-19,single name match
name-only,9005786,矢野 大輔,熊本,,7281,矢野 大輔,熊本,1984-10-26,single name match
name-only,9005790,黄 大俊,群馬,,11331,黄 大俊,群馬,1988-05-03,single name match
name-only,9005791,エデル,群馬,,11329,エデル,群馬,1984-12-31,team narrow-down
name-only,9002644,和多田 充寿,神戸,,1324,和多田 充寿,神戸,1976-03-26,single name match
name-only,9002669,小島 宏美,神戸,,2313,小島 宏美,岐阜,1977-12-12,single name match
name-only,9002674,マルティン,神戸,,8544,マルティン,神戸,1970-11-06,single name match
name-only,9000092,村上 昌謙,福岡,,15859,村上 昌謙,京都,1992-08-07,single name match
name-only,9000079,加藤 聖,岡山,,37629,加藤 聖,大宮,2001-09-16,single name match
name-only,9000088,松岡 大起,福岡,,29441,松岡 大起,福岡,2001-06-01,single name match
name-only,9000080,佐々木 雅士,岡山,,32704,佐々木 雅士,いわき,2002-05-01,single name match
name-only,9000073,エンリケ トレヴィザン,東京,,39337,エンリケ トレヴィザン,京都,1997-01-20,single name match
name-only,9000078,柳 貴博,岡山,,19256,柳 貴博,岡山,1997-08-05,single name match
name-only,9000090,ウェリントン,福岡,,11459,ウェリントン,福岡,1988-02-11,team narrow-down
name-only,9000070,岡 哲平,東京,,32518,岡 哲平,福岡,2001-09-06,single name match
name-only,9000087,志知 孝明,福岡,,15908,志知 孝明,広島,1993-12-27,single name match
name-only,9000069,野澤 大志ブランドン,東京,,31521,野澤 大志ブランドン,FC東京,2002-12-25,single name match
name-only,9005793,森安 洋文,岐阜,,6635,森安 洋文,岐阜,1985-04-23,single name match
name-only,9005794,吉川 拓也,富山,,10986,吉川 拓也,富山,1988-09-01,single name match
name-only,9005795,吉川 健太,富山,,10359,吉川 健太,富山,1986-05-16,team narrow-down
name-only,9005798,大迫 希,熊本,,10349,大迫 希,藤枝,1990-11-27,single name match
name-only,9005800,森保 翔平,讃岐,,9327,森保 翔平,讃岐,1991-08-17,single name match
name-only,9005801,ド ドンヒョン,岐阜,,11467,ド ドンヒョン,岐阜,1993-11-19,single name match
name-only,9005802,石井 健太,讃岐,,11509,石井 健太,宮崎,1987-12-08,single name match
name-only,9005803,丁 成勳,札幌,,12106,丁 成勳,札幌,1979-07-04,single name match
name-only,9005805,ユン ソンヨル,松本,,11232,ユン ソンヨル,松本,1987-12-22,single name match
name-only,9005806,飯田 健巳,富山,,10529,飯田 健巳,富山,1985-07-22,single name match
name-only,9005807,藤本 大,熊本,,11413,藤本 大,熊本,1990-05-02,single name match
name-only,9005808,ソン ハンキ,讃岐,,11005,ソン ハンキ,讃岐,1988-08-07,single name match
name-only,9005810,田中 寛己,富山,,11985,田中 寛己,富山,1991-05-25,single name match
name-only,9005811,棚橋 雄介,富山,,10985,棚橋 雄介,富山,1987-04-09,single name match
name-only,9005812,鈴木 翼,山形,,11291,鈴木 翼,山形,1994-04-26,team narrow-down
name-only,9005814,ムン ドンジュ,愛媛,,12078,ムン ドンジュ,愛媛,1990-07-08,single name match
name-only,9005817,ヤン ヘジュン,富山,,11321,ヤン ヘジュン,富山,1990-10-04,single name match
name-only,9005818,村松 知輝,富山,,11301,村松 知輝,富山,1990-07-10,single name match
name-only,9005819,山之内 優貴,北九州,,11361,山之内 優貴,大分,1994-09-18,single name match
name-only,9005820,小松 憲太,松本,,11098,小松 憲太,松本,1988-01-19,single name match
name-only,9005821,朝日 大輔,富山,,10315,朝日 大輔,富山,1980-07-26,single name match
name-only,9005822,キム ジョンソク,熊本,,11349,キム ジョンソク,山口,1994-01-03,single name match
name-only,9005824,ステファノ,札幌,,12108,ステファノ,札幌,1990-01-10,single name match
name-only,9005826,チンガ,磐田,,12146,チンガ,磐田,1990-10-12,single name match
name-only,9005827,大杉 誠人,讃岐,,11503,大杉 誠人,讃岐,1983-02-02,single name match
name-only,9005828,イ ジュンヒョブ,松本,,12166,イ ジュンヒョブ,松本,1989-03-30,single name match
name-only,9005831,中田 大貴,富山,,13986,中田 大貴,富山,1992-11-04,single name match
name-only,9005833,森 泰次郎,富山,,10852,森 泰次郎,富山,1991-12-08,single name match
name-only,9005834,大和田 真史,栃木,,3242,大和田 真史,栃木SC,1981-07-28,single name match
name-only,9005835,勝又 慶典,栃木,,11162,勝又 慶典,長野,1985-12-07,single name match
name-only,9005836,川鍋 良祐,松本,,6934,川鍋 良祐,鳥取,1986-02-26,single name match
name-only,9005837,蔵田 岬平,松本,,11337,蔵田 岬平,沼津,1990-09-22,single name match
name-only,9005838,チョ ソンジン,札幌,,10336,チョ ソンジン,札幌,1990-12-14,single name match
name-only,9005839,デズモンド,岐阜,,11353,デズモンド,藤枝,1989-04-17,single name match
name-only,9005840,尾泉 大樹,岐阜,,11109,尾泉 大樹,岐阜,1989-06-30,single name match
name-only,9005841,杉本 裕之,岐阜,,10593,杉本 裕之,岐阜,1986-10-06,single name match
name-only,9005842,中島 康平,岐阜,,11111,中島 康平,町田,1989-12-07,single name match
name-only,9005843,シュナイダー 潤之介,横浜FC,,6496,シュナイダー 潤之介,横浜FC,1977-05-22,single name match
name-only,9005844,松本 陽介,北九州,,11354,松本 陽介,北九州,1990-03-27,single name match
name-only,9005845,アン ヨンギュ,北九州,,11356,アン ヨンギュ,北九州,1989-12-04,single name match
name-only,9005846,ナム イルウ,北九州,,11414,ナム イルウ,北九州,1989-08-28,single name match
name-only,9005847,キム ドンフィ,北九州,,11352,キム ドンフィ,北九州,1989-05-06,single name match
name-only,9005848,谷田 悠介,富山,,9664,谷田 悠介,富山,1983-09-22,single name match
name-only,9005849,福王 忠世,熊本,,6188,福王 忠世,藤枝,1984-05-06,single name match
name-only,9005850,白谷 建人,熊本,,9659,白谷 建人,町田,1989-06-10,single name match
name-only,9005851,杉本 拓也,鳥取,,11081,杉本 拓也,藤枝,1989-12-31,single name match
name-only,9005852,尾崎 瑛一郎,鳥取,,7305,尾崎 瑛一郎,沼津,1984-12-07,single name match
name-only,9005853,実信 憲明,鳥取,,10928,実信 憲明,鳥取,1980-05-07,single name match
name-only,9005854,鶴見 聡貴,鳥取,,7434,鶴見 聡貴,鳥取,1986-12-22,single name match
name-only,9005855,奥山 泰裕,鳥取,,9649,奥山 泰裕,鳥取,1985-11-21,single name match
name-only,9005856,三浦 修,鳥取,,11195,三浦 修,鳥取,1989-06-24,single name match
name-only,9005857,森 英次郎,鳥取,,10929,森 英次郎,岩手,1986-04-08,single name match
name-only,9005858,ブルーノ,鳥取,,9651,ブルーノ,鳥取,1989-02-06,team narrow-down
name-only,9005859,岡本 達也,鳥取,,6901,岡本 達也,鳥取,1986-09-19,single name match
name-only,9005861,保﨑 淳,群馬,,7073,保﨑 淳,相模原,1987-03-14,single name match
name-only,9005862,遠藤 敬佑,群馬,,7900,遠藤 敬佑,藤枝,1989-03-20,single name match
name-only,9005867,吉井 直人,富山,,10851,吉井 直人,富山,1987-11-30,single name match
name-only,9005868,李 根鎬,北九州,,11269,李 根鎬,秋田,1993-02-27,single name match
name-only,9005869,林 東賢,鳥取,,11417,林 東賢,鳥取,1994-06-01,single name match
name-only,9005870,赤井 秀一,愛媛,,8586,赤井 秀一,愛媛,1981-09-02,single name match
name-only,9005872,山崎 侑輝,熊本,,8923,山崎 侑輝,熊本,1990-04-21,single name match
name-only,9005875,レモス,岐阜,,11078,レモス,岐阜,1990-01-05,single name match
name-only,9005878,谷口 功,北九州,,11355,谷口 功,鹿児島,1991-02-16,single name match
name-only,9005879,ドゥグラス,熊本,,11345,ドゥグラス,熊本,1983-12-13,team narrow-down
name-only,9005880,後藤 涼,群馬,,8157,後藤 涼,群馬,1986-08-25,single name match
name-only,9005881,レジナルド,鳥取,,11202,レジナルド,千葉,1983-07-31,single name match
name-only,9005882,鴇田 周作,松本,,11334,鴇田 周作,岩手,1990-09-09,single name match
name-only,9005883,ホドリゴ カベッサ,松本,,11398,ホドリゴ カベッサ,富山,1992-01-14,single name match
name-only,9005884,櫻田 和樹,群馬,,8165,櫻田 和樹,群馬,1982-08-01,single name match
name-only,9005888,松本 浩幸,群馬,,11146,松本 浩幸,藤枝,1989-07-09,single name match
name-only,9005889,井上 亮太,鳥取,,8912,井上 亮太,鳥取,1990-04-26,single name match
name-only,9000102,パトリッキ ヴェロン,川崎F,,54801,パトリッキ ヴェロン,大分,2004-09-08,single name match
name-only,9000074,安斎 颯馬,東京,,49780,安斎 颯馬,FC東京,2002-09-29,single name match
name-only,9000105,車屋 紳太郎,川崎F,,12141,車屋 紳太郎,川崎Ｆ,1992-04-05,single name match
name-only,9000098,中島 舜,柏,,37861,中島 舜,いわき,2002-04-08,single name match
name-only,9005892,ヴィンセント ケイン,岐阜,,9241,ヴィンセント ケイン,岐阜,1988-10-29,single name match
name-only,9005893,バージェ,岐阜,,11470,バージェ,岐阜,1984-07-09,single name match
name-only,9005894,レ コン ビン,札幌,,11480,レ コン ビン,札幌,1985-12-10,single name match
name-only,9005897,阿部 一樹,徳島,,8604,阿部 一樹,徳島,1987-04-18,single name match
name-only,9005899,ペーニャ,山形,,11481,ペーニャ,山形,1989-03-08,single name match
name-only,9005900,武田 大,北九州,,11074,武田 大,長野,1989-10-24,single name match
name-only,9005901,山本 祥輝,富山,,11320,山本 祥輝,富山,1994-11-16,team narrow-down
name-only,9005902,谷村 憲一,山形,,11290,谷村 憲一,岩手,1995-01-26,single name match
name-only,9005909,エイジソン,松本,,11194,エイジソン,松本,1988-05-30,single name match
name-only,9005910,片山 真人,松本,,6363,片山 真人,松本,1984-04-19,single name match
name-only,9005911,ユ デヒョン,栃木,,11084,ユ デヒョン,栃木SC,1990-02-28,single name match
name-only,9005912,野田 恭平,岐阜,,5953,野田 恭平,岐阜,1981-10-06,single name match
name-only,9005913,野田 明弘,岐阜,,8295,野田 明弘,福島,1988-09-05,single name match
name-only,9005914,橋本 卓,岐阜,,10330,橋本 卓,岐阜,1982-06-16,single name match
name-only,9005915,村上 一樹,岐阜,,10825,村上 一樹,岐阜,1987-12-21,single name match
name-only,9005916,地主園 秀美,岐阜,,11054,地主園 秀美,岐阜,1989-04-14,single name match
name-only,9005917,加藤 秀典,鳥取,,7718,加藤 秀典,鳥取,1981-05-13,single name match
name-only,9005918,小井手 翔太,鳥取,,7767,小井手 翔太,岩手,1981-09-29,single name match
name-only,9005919,福井 理人,鳥取,,10931,福井 理人,鳥取,1988-11-14,single name match
name-only,9005920,内間 安路,鳥取,,9053,内間 安路,鳥取,1984-09-10,single name match
name-only,9005921,ロイ スミス,鳥取,,11139,ロイ スミス,鳥取,1990-04-19,single name match
name-only,9005922,三浦 旭人,鳥取,,7667,三浦 旭人,鳥取,1987-08-11,single name match
name-only,9005923,ケニー クニンガム,鳥取,,11141,ケニー クニンガム,鳥取,1985-06-07,single name match
name-only,9005928,高野 光司,北九州,,10016,高野 光司,鹿児島,1992-12-23,single name match
name-only,9005929,加部 未蘭,北九州,,10907,加部 未蘭,北九州,1992-06-17,single name match
name-only,9005930,キム チャンフン,大分,,11158,キム チャンフン,大分,1990-02-17,single name match
name-only,9005931,イ ドンミョン,大分,,10903,イ ドンミョン,大分,1987-10-04,single name match
name-only,9005935,金 正賢,岐阜,,11196,金 正賢,岐阜,1990-01-03,single name match
name-only,9005936,田中 俊一,熊本,,10978,田中 俊一,熊本,1987-09-13,single name match
name-only,9005937,崔 根植,熊本,,10780,崔 根植,熊本,1981-04-25,single name match
name-only,9005938,藤川 祐司,大分,,7662,藤川 祐司,YS横浜,1987-06-08,single name match
name-only,9005940,西野 誠,富山,,10322,西野 誠,富山,1984-07-03,single name match
name-only,9005942,ピンバ,甲府,,11180,ピンバ,甲府,1990-07-04,single name match
name-only,9005943,金 東權,岐阜,,11189,金 東權,岐阜,1992-04-04,single name match
name-only,9005944,朴 台洪,横浜FC,,10953,パク テホン,横浜FC,1991-03-25,single name match
name-only,9005946,熊澤 圭祐,鳥取,,11186,熊澤 圭祐,鳥取,1989-06-29,single name match
name-only,9005948,マセナ,湘南,,11174,マセナ,湘南,1989-02-25,single name match
name-only,9005949,松原 優吉,富山,,10981,松原 優吉,富山,1988-09-05,single name match
name-only,9005950,村上 聖弥,湘南,,11217,村上 聖弥,八戸,1990-12-25,single name match
name-only,9005953,吉田 正樹,松本,,9672,吉田 正樹,松本,1984-04-10,single name match
name-only,9005954,畑田 真輝,甲府,,8773,畑田 真輝,秋田,1990-09-11,single name match
name-only,9005955,阪本 一仁,岐阜,,10826,阪本 一仁,岐阜,1991-09-24,single name match
name-only,9005956,金 善珉,鳥取,,10974,金 善珉,鳥取,1991-12-12,single name match
name-only,9005958,チェ スビン,松本,,11233,チェ スビン,松本,1988-10-14,single name match
name-only,9005959,大島 康明,北九州,,5958,大島 康明,北九州,1981-09-01,single name match
name-only,9005960,藤牧 祥吾,甲府,,8154,藤牧 祥吾,鳥取,1989-06-13,single name match
name-only,9005961,藤本 修司,鳥取,,10956,藤本 修司,千葉,1988-04-10,single name match
name-only,9005962,今井 昌太,松本,,11099,今井 昌太,秋田,1984-07-16,single name match
name-only,9005963,木下 正貴,甲府,,8317,木下 正貴,甲府,1989-06-22,single name match
name-only,9005965,アリソン リカルド,松本,,11256,アリソン リカルド,松本,1988-01-30,single name match
name-only,9005967,ダニロ,岐阜,,11267,ダニロ,岐阜,1986-06-20,single name match
name-only,9005968,石川 雅博,徳島,,10337,石川 雅博,岩手,1990-05-23,single name match
name-only,9005970,山田 修平,松本,,11279,山田 修平,藤枝,1993-04-22,single name match
name-only,9005972,宮下 周歩,松本,,11275,宮下 周歩,松本,1994-10-26,single name match
name-only,9005981,佐藤 真也,北九州,,10814,佐藤 真也,北九州,1978-11-13,single name match
name-only,9005982,重光 貴葵,北九州,,8685,重光 貴葵,北九州,1983-07-31,single name match
name-only,9005983,橋村 祐太,北九州,,9577,橋村 祐太,北九州,1991-09-10,single name match
name-only,9005986,ハメド,鳥取,,10944,ハメド,鳥取,1987-11-02,single name match
name-only,9000076,エヴェルトン ガウディーノ,東京,,61019,エヴェルトン ガウディーノ,FC東京,1997-03-17,single name match
name-only,9000103,山田 新,川崎F,,19499,山田 新,川崎Ｆ,2000-05-30,single name match
name-only,9000110,加藤 玄,名古屋,,38950,加藤 玄,大宮,2003-04-15,single name match
name-only,9000096,田中 隼人,柏,,37863,田中 隼人,Ｃ大阪,2003-11-01,single name match
name-only,9000101,高井 幸大,川崎F,,44626,高井 幸大,川崎Ｆ,2004-09-04,single name match
name-only,9000094,金森 健志,福岡,,11284,金森 健志,福岡,1994-04-04,single name match
name-only,9000106,田邉 秀斗,川崎F,,37976,田邉 秀斗,東京Ｖ,2002-05-05,single name match
name-only,9005988,嶋田 正吾,岐阜,,9712,嶋田 正吾,岐阜,1979-11-13,single name match
name-only,9005989,村尾 龍矢,岐阜,,10827,村尾 龍矢,岐阜,1988-03-26,single name match
name-only,9005990,長谷川 博一,大分,,9867,長谷川 博一,大分,1986-10-20,single name match
name-only,9005992,山内 智裕,岐阜,,10776,山内 智裕,岐阜,1987-09-05,single name match
name-only,9005993,アンドレジーニョ,札幌,,10207,アンドレジーニョ,札幌,1985-02-15,single name match
name-only,9005994,入江 利和,栃木,,9227,入江 利和,栃木SC,1984-11-11,single name match
name-only,9005995,鴨志田 誉,栃木,,10373,鴨志田 誉,福島,1985-07-09,single name match
name-only,9005996,トリポジ,栃木,,10968,トリポジ,栃木SC,1987-07-03,single name match
name-only,9005999,永冨 裕也,富山,,8587,永冨 裕也,富山,1982-07-30,single name match
name-only,9006000,福田 健人,湘南,,10394,福田 健人,湘南,1990-05-15,single name match
name-only,9006003,冨山 達行,鳥取,,8102,冨山 達行,鳥取,1982-08-27,single name match
name-only,9006004,ソン イニョン,熊本,,11062,ソン イニョン,熊本,1990-01-07,single name match
name-only,9006005,岡本 剛史,愛媛,,9333,岡本 剛史,愛媛,1991-05-27,single name match
name-only,9006006,酒井 貴政,富山,,10987,酒井 貴政,富山,1988-05-18,single name match
name-only,9006007,ファン スンミン,湘南,,11066,ファン スンミン,湘南,1990-09-14,single name match
name-only,9006010,内田 昂輔,大分,,10844,内田 昂輔,大分,1987-10-02,single name match
name-only,9006012,余 孝珍,栃木,,10892,余 孝珍,栃木SC,1983-04-25,single name match
name-only,9006013,チャン ギョンジン,大分,,10896,チャン ギョンジン,大分,1983-08-31,single name match
name-only,9006014,中川 雄二,富山,,5473,中川 雄二,富山,1978-10-22,single name match
name-only,9006015,濵野 勇気,富山,,4738,濵野 勇気,富山,1978-06-23,single name match
name-only,9006016,堤 健吾,富山,,4654,堤 健吾,富山,1978-03-08,single name match
name-only,9006017,姜 鉉守,富山,,9088,姜 鉉守,富山,1984-06-16,single name match
name-only,9006018,長山 一也,富山,,10318,長山 一也,富山,1982-04-01,single name match
name-only,9006019,石田 英之,富山,,10320,石田 英之,讃岐,1982-04-15,single name match
name-only,9006020,文 周元,鳥栖,,10834,文 周元,鳥栖,1983-05-08,single name match
name-only,9006021,井畑 翔太郎,熊本,,10333,井畑 翔太郎,熊本,1987-02-12,single name match
name-only,9006022,山下 訓広,熊本,,10304,山下 訓広,熊本,1986-05-29,single name match
name-only,9006023,山内 祐一,熊本,,9677,山内 祐一,熊本,1984-10-26,single name match
name-only,9006024,笹垣 拓也,熊本,,10829,笹垣 拓也,藤枝,1991-06-01,single name match
name-only,9006025,金 裕晋,横浜FC,,8689,金 裕晋,横浜FC,1983-06-19,single name match
name-only,9006026,中嶋 雄大,北九州,,10823,中嶋 雄大,北九州,1984-08-31,single name match
name-only,9006027,船津 佑也,北九州,,6798,船津 佑也,北九州,1983-11-22,single name match
name-only,9006028,日高 智樹,北九州,,10822,日高 智樹,北九州,1980-04-06,single name match
name-only,9006029,松下 幸平,愛媛,,7683,松下 幸平,愛媛,1985-07-24,single name match
name-only,9006039,朴 基棟,岐阜,,10865,朴 基棟,岐阜,1988-11-01,single name match
name-only,9006042,下地 奨,鳥栖,,6740,下地 奨,鳥栖,1985-08-02,single name match
name-only,9006043,伊藤 琢矢,北九州,,1975,伊藤 琢矢,北九州,1974-06-11,single name match
name-only,9006044,中田 洋平,富山,,10317,中田 洋平,富山,1983-11-11,single name match
name-only,9006046,麦田 和志,徳島,,9106,麦田 和志,徳島,1984-11-10,single name match
name-only,9006047,江後 賢一,愛媛,,2564,江後 賢一,愛媛,1979-06-07,single name match
name-only,9006049,タチコ,北九州,,10813,タチコ,北九州,1981-01-10,single name match
name-only,9006050,野嶋 良,富山,,5467,野嶋 良,富山,1979-10-05,single name match
name-only,9006051,渡辺 誠,富山,,7449,渡辺 誠,富山,1980-09-25,single name match
name-only,9006053,片野 寛理,北九州,,10824,片野 寛理,北九州,1982-04-06,single name match
name-only,9006054,キム ドンソプ,徳島,,9611,キム ドンソプ,徳島,1989-03-29,single name match
name-only,9006055,朴 鎭琇,札幌,,10898,朴 鎭琇,札幌,1987-03-01,single name match
name-only,9006056,桜井 正人,富山,,7008,桜井 正人,富山,1986-09-25,single name match
name-only,9006060,松永 祥兵,愛媛,,10910,松永 祥兵,愛媛,1989-01-07,single name match
name-only,9006062,朴 庭秀,鳥栖,,10915,朴 庭秀,鳥栖,1987-01-13,single name match
name-only,9006063,浅井 俊光,鳥栖,,6289,浅井 俊光,秋田,1983-04-04,single name match
name-only,9006066,金 浩男,鳥栖,,10921,金 浩男,鳥栖,1989-06-14,single name match
name-only,9006068,中田 健太郎,横浜FC,,8365,中田 健太郎,横浜FC,1989-05-13,single name match
name-only,9006069,長谷川 満,富山,,5482,長谷川 満,富山,1979-02-03,single name match
name-only,9006070,石田 祐樹,徳島,,7235,石田 祐樹,徳島,1980-11-04,single name match
name-only,9006071,菅原 康太,徳島,,9690,菅原 康太,徳島,1985-05-22,single name match
name-only,9006072,斎藤 雅也,栃木,,6683,斎藤 雅也,栃木SC,1985-06-08,single name match
name-only,9006073,稲葉 久人,栃木,,10372,稲葉 久人,栃木SC,1985-05-26,single name match
name-only,9006074,石舘 靖樹,栃木,,8698,石舘 靖樹,栃木SC,1984-09-24,single name match
name-only,9006075,橋内 竜真,岐阜,,9716,橋内 竜真,岐阜,1989-04-22,single name match
name-only,9006076,菊池 完,岐阜,,9707,菊池 完,岐阜,1977-05-03,single name match
name-only,9006077,水谷 允俊,岐阜,,9713,水谷 允俊,岐阜,1987-07-07,single name match
name-only,9006078,朴 俊慶,岐阜,,10331,朴 俊慶,岐阜,1986-02-12,single name match
name-only,9006081,趙 晟桓,札幌,,10384,趙 晟桓,札幌,1982-04-09,single name match
name-only,9006082,マルセロ ソアレス,仙台,,10350,マルセロ ソアレス,仙台,1982-03-09,single name match
name-only,9006083,島嵜 佑,鳥栖,,9680,島嵜 佑,鳥栖,1985-09-26,single name match
name-only,9006084,谷口 堅三,鳥栖,,9096,谷口 堅三,藤枝,1988-12-22,single name match
name-only,9000104,チョン ソンリョン,川崎F,,19177,チョン ソンリョン,福島,1985-01-04,single name match
name-only,9000099,白井 永地,柏,,11931,白井 永地,新潟,1995-09-26,single name match
name-only,9000109,山内 日向汰,川崎F,,49741,山内 日向汰,柏,2001-05-30,single name match
name-only,9000108,セサル アイダル,川崎F,,61005,セサル アイダル,川崎Ｆ,2001-03-31,single name match
name-only,9000075,山下 敬大,東京,,29368,山下 敬大,栃木Ｃ,1996-03-13,single name match
name-only,9006086,チャ ジホ,熊本,,9673,チャ ジホ,熊本,1983-03-23,single name match
name-only,9006087,藤川 康司,富山,,2914,藤川 康司,富山,1978-10-07,single name match
name-only,9006089,ジョズエ,鳥栖,,9118,ジョズエ,鳥栖,1987-07-10,single name match
name-only,9006091,高安 亮介,栃木,,10371,高安 亮介,栃木SC,1984-05-14,single name match
name-only,9006092,宮崎 大志郎,熊本,,9675,宮崎 大志郎,熊本,1983-04-21,single name match
name-only,9006093,徐 冠秀,岐阜,,10388,徐 冠秀,岐阜,1980-02-25,single name match
name-only,9006094,吉田 智志,熊本,,9665,吉田 智志,熊本,1990-02-10,single name match
name-only,9006095,景山 健司,富山,,2714,景山 健司,富山,1980-04-02,single name match
name-only,9006097,劉 孝眞,横浜FC,,10339,劉 孝眞,横浜FC,1981-04-05,single name match
name-only,9006098,松下 和磨,富山,,10319,松下 和磨,富山,1982-06-25,single name match
name-only,9006100,松岡 康暢,熊本,,7102,松岡 康暢,熊本,1986-05-02,single name match
name-only,9006101,江﨑 一仁,富山,,10326,江﨑 一仁,秋田,1986-10-31,single name match
name-only,9006102,石黒 智久,富山,,10316,石黒 智久,富山,1981-04-27,single name match
name-only,9006104,田村 仁崇,栃木,,8607,田村 仁崇,相模原,1988-01-12,single name match
name-only,9006105,車 東訓,岐阜,,10338,車 東訓,岐阜,1989-11-07,single name match
name-only,9006106,今井 大悟,富山,,10323,今井 大悟,富山,1984-02-19,single name match
name-only,9006108,萩原 洪拓,富山,,6902,萩原 洪拓,富山,1986-07-11,single name match
name-only,9006109,須崎 恭平,岐阜,,8276,須崎 恭平,岐阜,1989-06-21,single name match
name-only,9006113,菅野 将太,富山,,10324,菅野 将太,富山,1984-01-06,single name match
name-only,9006114,ハファエル,札幌,,10773,ハファエル,札幌,1985-01-01,team narrow-down
name-only,9006115,工藤 祐生,栃木,,10414,工藤 祐生,相模原,1986-04-05,single name match
name-only,9006116,挽地 祐哉,徳島,,6801,挽地 祐哉,徳島,1983-05-02,single name match
name-only,9006120,網田 慎,熊本,,9666,網田 慎,熊本,1989-04-28,single name match
name-only,9006121,片岡 功二,徳島,,8104,片岡 功二,徳島,1977-06-19,single name match
name-only,9006122,星野 真悟,愛媛,,8581,星野 真悟,愛媛,1978-05-02,single name match
name-only,9006123,井上 秀人,愛媛,,8589,井上 秀人,愛媛,1982-06-27,single name match
name-only,9006124,車 智鎬,熊本,,9673,チャ ジホ,熊本,1983-03-23,single name match
name-only,9006125,太 洋一,熊本,,5931,太 洋一,東京Ｖ,1982-08-03,single name match
name-only,9006129,山田 正道,岐阜,,5928,山田 正道,岐阜,1981-04-07,single name match
name-only,9006131,小泉 訓,徳島,,9679,小泉 訓,徳島,1985-06-09,single name match
name-only,9006132,中田 洋介,横浜FC,,7696,中田 洋介,横浜FC,1981-09-15,single name match
name-only,9006133,姜 曉一,岐阜,,9742,姜 曉一,岐阜,1988-03-28,single name match
name-only,9006137,寄井 憲,甲府,,6332,寄井 憲,甲府,1984-04-26,single name match
name-only,9006138,古田 泰士,徳島,,8107,古田 泰士,徳島,1982-08-04,single name match
name-only,9006140,パク チョンヘ,鳥栖,,9698,パク チョンヘ,鳥栖,1987-04-21,single name match
name-only,9006143,神丸 洋一,愛媛,,6260,神丸 洋一,愛媛,1984-06-30,single name match
name-only,9006145,河野 健一,熊本,,9670,河野 健一,熊本,1982-09-15,single name match
name-only,9006147,町田 多聞,熊本,,9669,町田 多聞,熊本,1982-02-14,single name match
name-only,9006148,小島 弘已,岐阜,,9715,小島 弘已,岐阜,1989-10-27,single name match
name-only,9006149,長谷川 豊喜,鳥栖,,8127,長谷川 豊喜,鳥栖,1986-04-18,single name match
name-only,9006150,佐藤 聡,岐阜,,9708,佐藤 聡,岐阜,1979-03-31,single name match
name-only,9006151,鈴木 祐輔,熊本,,9667,鈴木 祐輔,熊本,1982-05-19,single name match
name-only,9006152,髙橋 健史,徳島,,6367,髙橋 健史,徳島,1985-01-01,single name match
name-only,9006153,大西 孝治,徳島,,10025,大西 孝治,徳島,1988-06-06,single name match
name-only,9006154,笹垣 亮介,愛媛,,6350,笹垣 亮介,愛媛,1985-01-13,single name match
name-only,9006155,栗山 裕貴,鳥栖,,9051,栗山 裕貴,鳥栖,1988-09-15,single name match
name-only,9006156,石原 卓,徳島,,9156,石原 卓,徳島,1988-10-03,single name match
name-only,9006159,森 洋介,岐阜,,10243,森 洋介,岐阜,1985-07-25,single name match
name-only,9006160,ナジソン,仙台,,10262,ナジソン,仙台,1982-01-30,single name match
name-only,9006161,斉藤 紀由,熊本,,9668,斉藤 紀由,熊本,1982-10-11,single name match
name-only,9006163,内藤 友康,山形,,8143,内藤 友康,福島,1986-09-11,single name match
name-only,9006164,小林 陽介,熊本,,6146,小林 陽介,熊本,1983-05-06,single name match
name-only,9006165,クォン ソックン,熊本,,10264,クォン ソックン,熊本,1983-05-08,single name match
name-only,9006166,ジョニウソン,仙台,,9158,ジョニウソン,仙台,1978-11-28,single name match
name-only,9006167,青葉 幸洋,徳島,,6807,青葉 幸洋,徳島,1979-07-26,single name match
name-only,9006168,金 尚佑,徳島,,8662,金 尚佑,徳島,1987-05-18,single name match
name-only,9006169,石川 裕司,徳島,,1506,石川 裕司,徳島,1979-07-02,single name match
name-only,9006170,クレベルソン,徳島,,9176,クレベルソン,徳島,1984-07-04,single name match
name-only,9006175,蒲原 達也,鳥栖,,6694,蒲原 達也,鳥栖,1983-07-08,single name match
name-only,9006178,天羽 良輔,徳島,,8621,天羽 良輔,讃岐,1983-09-19,single name match
name-only,9006182,森谷 佳祐,湘南,,8116,森谷 佳祐,湘南,1986-07-11,single name match
name-only,9006177,ゼ ルイス,東京V,,9027,ゼ ルイス,東京Ｖ,1979-03-23,single name match
name-only,9006184,須田 興輔,山形,,7761,須田 興輔,山形,1980-02-04,single name match
name-only,9006185,エドワルド マルケス,湘南,,9574,エドワルド マルケス,湘南,1976-06-26,single name match
name-only,9006187,グスタヴォ,山形,,9602,グスタヴォ,山形,1984-07-07,team narrow-down
name-only,9006188,イタカレ,札幌,,9609,イタカレ,札幌,1987-08-21,single name match
name-only,9006191,関 隆倫,札幌,,7210,関 隆倫,札幌,1981-01-16,single name match
name-only,9006192,ニヴァウド,湘南,,7254,ニヴァウド,湘南,1975-09-28,single name match
name-only,9006193,戸田 賢良,湘南,,6842,戸田 賢良,湘南,1979-12-08,single name match
name-only,9006195,谷池 洋平,徳島,,3403,谷池 洋平,徳島,1977-04-05,single name match
name-only,9006196,濱岡 和久,愛媛,,5880,濱岡 和久,愛媛,1981-02-28,single name match
name-only,9006197,友近 聡朗,愛媛,,3319,友近 聡朗,愛媛,1975-04-24,single name match
name-only,9006198,八柄 堅一,愛媛,,5125,八柄 堅一,愛媛,1981-09-14,single name match
name-only,9006199,猿田 浩得,愛媛,,8585,猿田 浩得,愛媛,1982-10-28,single name match
name-only,9006200,トゥイード,横浜FC,,7706,トゥイード,横浜FC,1972-08-08,single name match
name-only,9006201,イザイアス,横浜FC,,8651,イザイアス,横浜FC,1975-06-05,single name match
name-only,9006202,田中 賢治,鳥栖,,7703,田中 賢治,琉球,1983-12-13,single name match
name-only,9006203,鈴木 智樹,札幌,,7373,鈴木 智樹,札幌,1985-06-08,single name match
name-only,9006213,尾上 勇也,徳島,,8622,尾上 勇也,徳島,1985-04-08,single name match
name-only,9006214,大場 啓,徳島,,8106,大場 啓,徳島,1976-04-22,single name match
name-only,9006215,チアゴ ネーヴィス,仙台,,8661,チアゴ ネーヴィス,仙台,1985-02-27,single name match
name-only,9006216,ボルジェス,仙台,,8660,ボルジェス,仙台,1980-10-05,single name match
name-only,9006218,大坪 博和,愛媛,,8588,大坪 博和,愛媛,1979-12-07,single name match
name-only,9006219,大橋 良隆,仙台,,8657,大橋 良隆,長野,1983-07-01,single name match
name-only,9006221,高林 佑樹,山形,,7279,高林 佑樹,山形,1980-05-22,single name match
name-only,9006222,広庭 輝,愛媛,,7686,広庭 輝,愛媛,1985-07-05,single name match
name-only,9006224,山口 篤史,徳島,,3194,山口 篤史,徳島,1980-07-08,single name match
name-only,9006225,奈良﨑 寛,鳥栖,,7768,奈良﨑 寛,鳥栖,1981-06-01,single name match
name-only,9006228,川井 健太,愛媛,,4590,川井 健太,愛媛,1981-06-07,single name match
name-only,9006229,橋垣戸 光一,愛媛,,6127,橋垣戸 光一,愛媛,1982-03-30,single name match
name-only,9006230,林 威宏,徳島,,8101,林 威宏,徳島,1976-01-23,single name match
name-only,9006231,金子 豊,愛媛,,8583,金子 豊,愛媛,1979-10-16,single name match
name-only,9006232,川井 光一,愛媛,,8582,川井 光一,愛媛,1979-03-29,single name match
name-only,9006234,池田 昌広,湘南,,8460,池田 昌広,湘南,1981-10-09,single name match
name-only,9006235,アマリウド,湘南,,9058,アマリウド,湘南,1986-07-06,single name match
name-only,9006237,バリシッチ,湘南,,8140,バリシッチ,湘南,1981-03-07,single name match
name-only,9006238,シルビオ,横浜FC,,8086,シルビオ,横浜FC,1981-08-21,single name match
name-only,9006240,シュウェンク,仙台,,8128,シュウェンク,仙台,1979-02-08,single name match
name-only,9006241,鎌田 祥平,徳島,,8094,鎌田 祥平,徳島,1980-05-11,single name match
name-only,9006242,田中 大輔,徳島,,6429,田中 大輔,徳島,1983-01-06,single name match
name-only,9006243,アレックス オリベイラ,甲府,,8272,アレックス オリベイラ,甲府,1978-06-17,single name match
name-only,9006246,久保田 学,横浜FC,,3251,久保田 学,横浜FC,1981-06-27,single name match
name-only,9006247,チッコ,山形,,8173,チッコ,山形,1977-12-21,single name match
name-only,9006248,徐 暁飛,札幌,,8112,徐 暁飛,札幌,1982-03-07,single name match
name-only,9006251,下司 隆士,鳥栖,,7719,下司 隆士,鳥栖,1985-07-24,single name match
name-only,9006252,白尾 秀人,甲府,,7223,白尾 秀人,甲府,1980-09-30,single name match
name-only,9006254,松浦 敦史,徳島,,8461,松浦 敦史,徳島,1981-12-28,single name match
name-only,9006256,アルレイ,鳥栖,,8535,アルレイ,鳥栖,1986-05-25,single name match
name-only,9006257,セーザ,鳥栖,,8534,セーザ,鳥栖,1986-07-07,single name match
name-only,9006258,カシアーノ,湘南,,8539,カシアーノ,湘南,1970-08-13,single name match
name-only,9006259,ゴーラン,湘南,,8550,ゴーラン,湘南,1981-03-09,single name match
name-only,9006260,立石 飛鳥,鳥栖,,6819,立石 飛鳥,鳥栖,1983-06-09,single name match
name-only,9006261,千野 俊樹,甲府,,6955,千野 俊樹,甲府,1985-07-19,single name match
name-only,9006263,原 拓也,湘南,,6800,原 拓也,湘南,1983-06-04,single name match
name-only,9006264,北出 勉,湘南,,6509,北出 勉,湘南,1978-09-18,single name match
name-only,9006265,マシュー,横浜FC,,7440,マシュー,横浜FC,1975-06-23,team narrow-down
name-only,9006266,ガスパル,仙台,,7695,ガスパル,仙台,1977-08-23,single name match
name-only,9006267,デーニ,山形,,7728,デーニ,山形,1982-08-21,single name match
name-only,9006270,金澤 崇文,甲府,,7741,金澤 崇文,水戸,1981-04-25,single name match
name-only,9006272,内林 広高,甲府,,6785,内林 広高,甲府,1983-06-27,single name match
name-only,9006273,ファビオ ヌネス,仙台,,8028,ファビオ ヌネス,仙台,1980-01-15,single name match
name-only,9006274,セドロスキー,仙台,,8047,セドロスキー,仙台,1974-04-10,single name match
name-only,9006275,レ,甲府,,8056,レ,甲府,1979-07-06,single name match
name-only,9006277,斉川 雄介,札幌,,7680,斉川 雄介,札幌,1985-06-10,single name match
name-only,9006279,宮川 悟,鳥栖,,6495,宮川 悟,鳥栖,1977-03-24,single name match
name-only,9006280,ファンデルフェン,横浜FC,,7304,ファンデルフェン,横浜FC,1970-03-01,single name match
name-only,9006281,ルディ,横浜FC,,7256,ルディ,横浜FC,1970-02-13,single name match
name-only,9006282,アレッシャンドレ,山形,,7255,アレッシャンドレ,山形,1973-11-10,single name match
name-only,9000091,紺野 和也,福岡,,32517,紺野 和也,川崎Ｆ,1997-07-11,single name match
name-only,9000089,岩崎 悠人,福岡,,23192,岩崎 悠人,長崎,1998-06-11,single name match
name-only,9000107,ファンウェルメスケルケン際,川崎F,,54835,ファンウェルメスケルケン際,川崎Ｆ,1994-06-28,single name match
name-only,9000710,竹内 涼,清水,,10363,竹内 涼,岡山,1991-03-08,single name match
name-only,9000632,チャナティップ,川崎F,,23485,チャナティップ,川崎Ｆ,1993-10-05,single name match
name-only,9000506,青山 敏弘,広島,,7647,青山 敏弘,広島,1986-02-22,single name match
name-only,9000474,吉田 真那斗,横浜FM,,48971,吉田 真那斗,大分,2001-11-16,single name match
name-only,9006285,フィナージ,大宮,,7229,フィナージ,大宮,1973-08-20,single name match
name-only,9006286,伊東 真吾,山形,,2195,伊東 真吾,山形,1979-04-28,single name match
name-only,9006287,影山 由高,甲府,,6767,影山 由高,甲府,1978-03-31,single name match
name-only,9006288,田村 直弘,鳥栖,,3929,田村 直弘,鳥栖,1978-07-03,single name match
name-only,9006289,ホベルッチ,札幌,,7250,ホベルッチ,札幌,1971-04-03,single name match
name-only,9006291,カブレリーゾ,鳥栖,,7444,カブレリーゾ,鳥栖,1979-07-09,single name match
name-only,9006293,照井 篤,湘南,,7236,照井 篤,湘南,1980-07-19,single name match
name-only,9006295,本多 剛,甲府,,7451,本多 剛,甲府,1981-05-20,single name match
name-only,9006297,石橋 直希,鳥栖,,6414,石橋 直希,鳥栖,1981-05-14,single name match
name-only,9006298,竹中 穣,横浜FC,,7627,竹中 穣,横浜FC,1976-11-19,single name match
name-only,9006300,レーマン,横浜FC,,7643,レーマン,横浜FC,1971-08-16,single name match
name-only,9006301,ジェイウソン,新潟,,7543,ジェイウソン,新潟,1984-04-10,single name match
name-only,9006305,吉田 匡良,甲府,,6534,吉田 匡良,甲府,1982-08-04,single name match
name-only,9006307,渡邉 英豊,大宮,,1738,渡邉 英豊,大宮,1971-01-19,single name match
name-only,9006308,ピント,鳥栖,,6834,ノグチピント エリキソン,福岡,1981-01-27,single name match
name-only,9006309,藤田 芳正,山形,,5347,藤田 芳正,山形,1979-07-23,single name match
name-only,9006310,鈴木 浩介,甲府,,3220,鈴木 浩介,甲府,1981-06-16,single name match
name-only,9006311,佐賀 一平,山形,,5775,佐賀 一平,山形,1980-05-20,single name match
name-only,9006312,千葉 真也,新潟,,6850,千葉 真也,新潟,1983-05-03,single name match
name-only,9006316,横関 浩一,甲府,,6806,横関 浩一,甲府,1979-09-11,single name match
name-only,9006318,中尾 剛,甲府,,6954,中尾 剛,甲府,1983-05-29,single name match
name-only,9006321,石田 雅人,横浜FC,,6823,石田 雅人,横浜FC,1983-04-17,single name match
name-only,9006324,中島 礼司,甲府,,6771,中島 礼司,甲府,1979-06-28,single name match
name-only,9006325,ウスタ,大宮,,7196,ウスタ,大宮,1972-07-03,single name match
name-only,9006327,スターレンス,大分,,6436,スターレンス,大分,1964-04-30,single name match
name-only,9006328,ヴィエラ,仙台,,6489,ヴィエラ,仙台,1974-09-25,single name match
name-only,9006329,中村 学,仙台,,2359,中村 学,仙台,1977-06-26,single name match
name-only,9006330,石谷 吾一,鳥栖,,4383,石谷 吾一,鳥栖,1979-07-06,single name match
name-only,9006333,内田 哲兵,甲府,,6518,内田 哲兵,甲府,1975-05-22,single name match
name-only,9006334,太田 渉,甲府,,6695,太田 渉,甲府,1981-03-14,single name match
name-only,9006336,ディナス,湘南,,6758,ディナス,湘南,1974-03-16,single name match
name-only,9006337,ルシアノ,大分,,6362,ルシアノ,大分,1977-06-19,single name match
name-only,9006339,吉見 一星,山形,,6571,吉見 一星,山形,1982-06-16,single name match
name-only,9006343,ビタリー,湘南,,6384,ビタリー,湘南,1969-05-04,single name match
name-only,9006344,フチカ,湘南,,6399,フチカ,湘南,1977-07-10,single name match
name-only,9006350,萩原 慎也,甲府,,1789,萩原 慎也,甲府,1971-04-07,single name match
name-only,9006351,清水 武士,甲府,,1792,清水 武士,甲府,1975-08-18,single name match
name-only,9006352,平 聡,仙台,,971,平 聡,仙台,1970-07-16,single name match
name-only,9006354,河原塚 毅,新潟,,5797,河原塚 毅,新潟,1975-02-01,single name match
name-only,9006355,今村 優貴,甲府,,5326,今村 優貴,甲府,1976-07-11,single name match
name-only,9001978,金 承龍,G大阪,,10973,キム スンヨン,Ｇ大阪,1985-03-14,single name match
name-only,9006360,今川 元樹,仙台,,2717,今川 元樹,仙台,1980-05-17,single name match
name-only,9006362,小泉 圭二,甲府,,5276,小泉 圭二,甲府,1976-07-28,single name match
name-only,9006364,植村 映一,甲府,,4708,植村 映一,甲府,1975-12-01,single name match
name-only,9006365,山本 啓人,群馬,,7924,山本 啓人,鹿児島,1988-10-16,single name match
name-only,9006366,アレックス ラファエル,群馬,,11249,アレックス ラファエル,群馬,1988-01-01,single name match
name-only,9006367,佐田 聡太郎,群馬,,6818,佐田 聡太郎,群馬,1984-03-18,single name match
name-only,9006368,田中 淳,群馬,,8624,田中 淳,群馬,1983-09-01,single name match
name-only,9006369,伊藤 拓真,群馬,,10141,伊藤 拓真,群馬,1986-08-11,single name match
name-only,9006370,秋葉 信秀,群馬,,6574,秋葉 信秀,YS横浜,1985-04-10,single name match
name-only,9006371,寺田 武史,群馬,,1221,寺田 武史,群馬,1980-03-21,single name match
name-only,9006372,山崎 渡,群馬,,8160,山崎 渡,群馬,1980-09-18,single name match
name-only,9006373,川原 達也,群馬,,6627,川原 達也,群馬,1985-12-16,single name match
name-only,9006374,佐藤 穣,群馬,,10343,佐藤 穣,群馬,1991-03-02,single name match
name-only,9006375,佐藤 大基,群馬,,9112,佐藤 大基,群馬,1988-09-07,single name match
name-only,9006376,三澤 慶一,群馬,,9137,三澤 慶一,群馬,1988-06-11,single name match
name-only,9006377,石亀 晃,群馬,,7687,石亀 晃,群馬,1985-05-20,single name match
name-only,9006378,岩田 正太,群馬,,9113,岩田 正太,群馬,1988-06-17,single name match
name-only,9006379,反町 一輝,群馬,,8519,反町 一輝,群馬,1987-08-11,single name match
name-only,9006380,チカ,群馬,,8162,チカ,群馬,1979-08-04,single name match
name-only,9006382,吉岡 聡,群馬,,8635,吉岡 聡,群馬,1987-07-06,single name match
name-only,9006383,里見 仁義,群馬,,8703,里見 仁義,群馬,1983-05-13,single name match
name-only,9006384,奥山 卓廊,群馬,,8756,奥山 卓廊,群馬,1983-10-27,single name match
name-only,9006386,大谷 圭志,群馬,,6810,大谷 圭志,群馬,1983-04-17,single name match
name-only,9006387,吉本 淳,群馬,,5991,吉本 淳,群馬,1982-01-14,single name match
name-only,9006389,堺 陽二,群馬,,8161,堺 陽二,群馬,1977-12-13,single name match
name-only,9006391,柳澤 宏太,群馬,,8163,柳澤 宏太,群馬,1982-04-08,single name match
name-only,9006392,杉山 琢也,群馬,,8235,杉山 琢也,福島,1983-01-01,single name match
name-only,9006393,樋口 知行,群馬,,8237,樋口 知行,群馬,1985-03-02,single name match
name-only,9006394,佐藤 大典,群馬,,8234,佐藤 大典,群馬,1983-01-26,single name match
name-only,9000631,登里 享平,川崎F,,10345,登里 享平,Ｃ大阪,1990-11-13,single name match
name-only,9000645,ホセ カンテ,浦和,,49763,ホセ カンテ,浦和,1990-09-27,single name match
name-only,9000711,白崎 凌兵,清水,,11150,白崎 凌兵,町田,1993-05-18,single name match
name-only,9000642,杉本 健勇,横浜FM,,9608,杉本 健勇,大宮,1992-11-18,single name match
name-only,9000658,貴田 遼河,名古屋,,38941,貴田 遼河,名古屋,2005-07-15,single name match
name-only,9000646,田邉 草民,福岡,,10365,田邉 草民,福岡,1990-04-06,single name match
name-only,9000635,アレックス シャルク,浦和,,45706,アレックス シャルク,浦和,1992-08-07,single name match
name-only,9000708,権田 修一,清水,,7811,権田 修一,神戸,1989-03-03,single name match
name-only,9000454,塩貝 健人,横浜FM,,54840,塩貝 健人,横浜FM,2005-03-26,single name match
name-only,9000647,馬渡 和彰,浦和,,12043,馬渡 和彰,松本,1991-06-23,single name match
name-only,9000498,行德 瑛,名古屋,,49639,行德 瑛,長野,2004-12-17,single name match
name-only,9000634,モハマド ファルザン佐名,柏,,49302,モハマド ファルザン佐名,群馬,2004-06-30,single name match
name-only,9000639,青木 拓矢,東京,,9689,青木 拓矢,岐阜,1989-09-16,single name match
name-only,9000502,宇賀神 友弥,浦和,,7579,宇賀神 友弥,浦和,1988-03-23,single name match
name-only,9000504,相馬 勇紀,名古屋,,29538,相馬 勇紀,町田,1997-02-25,single name match
name-only,9002675,イヴォ,神戸,,8548,イヴォ,神戸,1974-09-05,single name match
name-only,9002678,本田 征治,神戸,,1500,本田 征治,群馬,1976-02-25,single name match
name-only,9002679,石澤 典明,神戸,,7750,石澤 典明,神戸,1985-05-25,single name match
name-only,9002685,大江 勇詞,神戸,,8132,大江 勇詞,神戸,1986-04-20,single name match
name-only,9002699,イルハン,神戸,,7770,イルハン,神戸,1975-08-10,single name match
name-only,9002700,レアンドロン,神戸,,7753,レアンドロン,神戸,1983-07-18,single name match
name-only,9002742,森 一紘,神戸,,5959,森 一紘,神戸,1981-04-17,single name match
name-only,9002766,山口 貴之,神戸,,133,山口 貴之,鳥栖,1973-08-01,single name match
name-only,9002767,三浦 泰年,神戸,,235,三浦 泰年,神戸,1965-07-15,single name match
name-only,9002770,冨田 晋矢,京都,,2598,冨田 晋矢,京都,1980-05-08,single name match
name-only,9002771,石丸 清隆,京都,,2295,石丸 清隆,愛媛,1973-10-30,single name match
name-only,9002772,辻本 茂輝,京都,,4306,辻本 茂輝,徳島,1979-06-23,single name match
name-only,9000456,堀内 陽太,浦和,,39626,堀内 陽太,琉球,2004-07-08,single name match
name-only,9000633,小塚 和季,川崎F,,11225,小塚 和季,清水,1994-08-02,single name match
name-only,9000651,吉尾 海夏,横浜FM,,19492,吉尾 海夏,山形,1998-06-28,single name match
name-only,9000640,熊田 直紀,東京,,45138,熊田 直紀,いわき,2004-08-02,single name match
name-only,9000709,鈴木 義宜,清水,,12090,鈴木 義宜,京都,1992-09-11,single name match
name-only,9000455,熊澤 和希,柏,,49585,熊澤 和希,北九州,2001-01-13,single name match
name-only,9000510,西村 拓真,横浜FM,,15808,西村 拓真,町田,1996-10-22,single name match
name-only,9000649,ドウグラス,柏,,10912,ドウグラス,柏,1987-12-30,team narrow-down
name-only,9000458,森山 公弥,福岡,,37834,森山 公弥,愛媛,2002-04-04,single name match
name-only,9000712,中山 克広,清水,,32295,中山 克広,名古屋,1996-07-17,single name match
name-only,9000457,實藤 友紀,横浜FM,,10905,實藤 友紀,富山,1989-01-19,single name match
name-only,9000505,重廣 卓也,名古屋,,23530,重廣 卓也,徳島,1995-05-05,single name match
name-only,9000453,榊原 彗悟,横浜FM,,19558,榊原 彗悟,大分,2000-10-09,single name match
name-only,9000627,中村 亮太朗,鹿島,,32601,中村 亮太朗,山形,1997-09-27,single name match
name-only,9000593,谷 晃生,G大阪,,19460,谷 晃生,町田,2000-11-22,single name match
name-only,9000551,石田 凌太郎,名古屋,,29446,石田 凌太郎,秋田,2001-12-13,single name match
name-only,9000479,柏 好文,広島,,10837,柏 好文,甲府,1987-07-28,single name match
name-only,9000562,住吉 ジェラニレショーン,広島,,37552,住吉 ジェラニレショーン,清水,1997-10-05,single name match
name-only,9000476,平塚 悠知,福岡,,32303,平塚 悠知,甲府,1996-04-13,single name match
name-only,9000478,細谷 航平,広島,,23416,細谷 航平,愛媛,2001-12-11,single name match
name-only,9000573,鈴木 彩艶,浦和,,32694,鈴木 彩艶,浦和,2002-08-21,single name match
name-only,9000571,明本 考浩,浦和,,37541,明本 考浩,浦和,1998-01-31,single name match
name-only,9000596,山本 悠樹,G大阪,,32731,山本 悠樹,川崎Ｆ,1997-11-06,single name match
name-only,9000591,仙頭 啓矢,柏,,23193,仙頭 啓矢,町田,1994-12-29,single name match
name-only,9000536,ジョアン シミッチ,川崎F,,32467,ジョアン シミッチ,川崎Ｆ,1993-05-19,single name match
name-only,9000548,中谷 進之介,名古屋,,11462,中谷 進之介,Ｇ大阪,1996-03-24,single name match
name-only,9000570,ペロッチ,東京,,49715,ペロッチ,FC東京,1997-11-22,single name match
name-only,9000583,山中 亮輔,C大阪,,10479,山中 亮輔,名古屋,1993-04-20,single name match
name-only,9000572,ダヴィド モーベルグ,浦和,,45064,ダヴィド モーベルグ,栃木Ｃ,1994-03-20,single name match
name-only,9000477,佐藤 凌我,福岡,,37839,佐藤 凌我,磐田,1999-02-20,single name match
name-only,9000584,マテイ ヨニッチ,C大阪,,23132,マテイ ヨニッチ,栃木Ｃ,1991-01-29,single name match
name-only,9000550,森下 龍矢,名古屋,,37650,森下 龍矢,名古屋,1997-04-11,single name match
name-only,9000569,渡邊 凌磨,東京,,29548,渡邊 凌磨,浦和,1996-10-02,single name match
name-only,9000537,藤田 譲瑠チマ,横浜FM,,32727,藤田 譲瑠チマ,横浜FM,2002-02-16,single name match
name-only,9000585,鈴木 徳真,C大阪,,32317,鈴木 徳真,Ｇ大阪,1997-03-12,single name match
name-only,9000557,ディエゴ ピトゥカ,鹿島,,38010,ディエゴ ピトゥカ,長崎,1992-08-15,single name match
name-only,9000595,杉山 直宏,G大阪,,37998,杉山 直宏,千葉,1998-09-07,single name match
name-only,9000592,中村 慶太,柏,,15940,中村 慶太,長崎,1993-06-30,single name match
name-only,9000559,広瀬 陸斗,鹿島,,11939,広瀬 陸斗,神戸,1995-09-23,single name match
name-only,9000582,井手口 陽介,福岡,,11434,井手口 陽介,神戸,1996-08-23,single name match
name-only,9000574,犬飼 智也,浦和,,10502,犬飼 智也,柏,1993-05-12,single name match
name-only,9000568,安部 柊斗,東京,,32598,安部 柊斗,Ｇ大阪,1997-12-05,single name match
name-only,9000594,クォン ギョンウォン,G大阪,,45018,クォン ギョンウォン,Ｇ大阪,1992-01-31,single name match
name-only,9000549,丸山 祐市,名古屋,,11131,丸山 祐市,川崎Ｆ,1989-06-16,single name match
name-only,9000558,沖 悠哉,鹿島,,19650,沖 悠哉,清水,1999-08-22,single name match
name-only,9000481,武田 英寿,浦和,,37534,武田 英寿,仙台,2001-09-15,single name match
name-only,9000597,山本 理仁,G大阪,,32444,山本 理仁,Ｇ大阪,2001-12-12,single name match
name-only,9000556,常本 佳吾,鹿島,,19280,常本 佳吾,鹿島,1998-10-21,single name match
name-only,9000560,アルトゥール カイキ,鹿島,,38004,アルトゥール カイキ,鹿島,1992-06-15,single name match
name-only,9000563,柴﨑 晃誠,広島,,9121,柴﨑 晃誠,広島,1984-08-28,single name match
name-only,9000575,松崎 快,浦和,,37547,松崎 快,清水,1997-11-22,single name match
name-only,9000586,加藤 陸次樹,C大阪,,12175,加藤 陸次樹,広島,1997-08-06,single name match
name-only,9000480,武藤 雄樹,柏,,10989,武藤 雄樹,相模原,1988-11-07,single name match
name-only,9000208,ジェジエウ,川崎F,,32333,ジェジエウ,川崎Ｆ,1994-03-05,single name match
name-only,9002773,熱田 眞,京都,,3366,熱田 眞,京都,1976-09-16,single name match
name-only,9002790,高 宗秀,京都,,7388,高 宗秀,京都,1978-10-30,single name match
name-only,9002797,中村 忠,京都,,132,中村 忠,京都,1971-06-10,single name match
name-only,9002798,町田 忠道,京都,,6093,町田 忠道,東京Ｖ,1981-05-23,single name match
name-only,9002804,大槻 紘士,京都,,2599,大槻 紘士,京都,1980-04-23,single name match
name-only,9002825,ビスマルク,神戸,,1573,ビスマルク,神戸,1969-09-17,team narrow-down
name-only,9002826,レジ,京都,,7674,レジ,京都,1973-06-28,single name match
name-only,9002829,菅原 太郎,神戸,,6486,菅原 太郎,岩手,1981-06-14,single name match
name-only,9002844,佐藤 尽,京都,,1926,佐藤 尽,札幌,1974-09-27,single name match
name-only,9002845,松川 友明,京都,,1946,松川 友明,札幌,1973-04-18,single name match
name-only,9002846,安 孝錬,京都,,6426,安 孝錬,横浜FC,1978-04-16,single name match
name-only,9002855,城 彰二,神戸,,1656,城 彰二,横浜FC,1975-06-17,single name match
name-only,9002871,朴 智星,京都,,6386,朴 智星,京都,1981-02-25,single name match
name-only,9000211,永石 拓海,福岡,,15930,永石 拓海,徳島,1996-02-16,single name match
name-only,9000137,山原 怜音,清水,,39403,山原 怜音,川崎Ｆ,1999-06-08,single name match
name-only,9000162,柳 育崇,岡山,,19610,柳 育崇,栃木SC,1994-06-22,single name match
name-only,9000156,小田 逸稀,福岡,,23191,小田 逸稀,松本,1998-07-16,single name match
name-only,9000494,オラ ソルバッケン,浦和,,54788,オラ ソルバッケン,浦和,1998-09-07,single name match
name-only,9000183,西堂 久俊,東京,,44778,西堂 久俊,山口,2001-03-27,single name match
name-only,9000193,金山 隼樹,岡山,,8292,金山 隼樹,岡山,1988-06-12,single name match
name-only,9000489,田中 達也,福岡,,11075,田中 達也,福岡,1992-06-09,team narrow-down
name-only,9000161,岩渕 弘人,岡山,,44972,岩渕 弘人,仙台,1997-09-17,single name match
name-only,9000187,羽田 健人,清水,,32580,羽田 健人,岐阜,1997-07-07,single name match
name-only,9000138,乾 貴士,清水,,9154,乾 貴士,神戸,1988-06-02,single name match
name-only,9000147,井上 潮音,広島,,15894,井上 潮音,磐田,1997-08-03,single name match
name-only,9000188,瀬川 祐輔,川崎F,,19231,瀬川 祐輔,柏,1994-02-07,single name match
name-only,9000151,島村 拓弥,柏,,23210,島村 拓弥,新潟,1999-03-06,single name match
name-only,9000207,塚川 孝輝,東京,,23258,塚川 孝輝,水戸,1994-07-16,single name match
name-only,9000144,田中 聡,広島,,32540,田中 聡,広島,2002-08-13,single name match
name-only,9000182,木村 誠二,東京,,29409,木村 誠二,FC東京,2001-08-24,single name match
name-only,9000194,齋藤 恵太,岡山,,15812,齋藤 恵太,栃木Ｃ,1993-03-31,single name match
name-only,9000148,嵯峨 理久,岡山,,44959,嵯峨 理久,鹿児島,1998-05-27,single name match
name-only,9000149,宮 大樹,名古屋,,19684,宮 大樹,福岡,1996-04-01,single name match
name-only,9000140,宮本 航汰,清水,,12086,宮本 航汰,愛媛,1996-06-19,single name match
name-only,9000160,エウベル,横浜FM,,38029,エウベル,鹿島,1992-05-27,single name match
name-only,9000189,髙橋 利樹,浦和,,37596,髙橋 利樹,清水,1998-01-20,single name match
name-only,9000484,清武 弘嗣,C大阪,,8241,清武 弘嗣,大分,1989-11-12,single name match
name-only,9000176,髙橋 仁胡,C大阪,,60954,髙橋 仁胡,Ｃ大阪,2005-08-17,single name match
name-only,9000195,矢島 慎也,清水,,10561,矢島 慎也,鳥取,1994-01-18,single name match
name-only,9000177,井上 愛簾,広島,,55282,井上 愛簾,松本,2006-09-19,single name match
name-only,9000155,江川 湧清,G大阪,,23325,江川 湧清,長崎,2000-10-24,single name match
name-only,9000146,松本 大弥,広島,,19631,松本 大弥,湘南,2000-08-10,single name match
name-only,9000145,チョン ミンギ,広島,,61972,チョン ミンギ,広島,1996-02-09,single name match
name-only,9000196,小竹 知恩,清水,,45189,小竹 知恩,栃木Ｃ,2006-04-14,single name match
name-only,9000173,ファン アラーノ,G大阪,,37538,ファン アラーノ,Ｇ大阪,1996-09-02,single name match
name-only,9000490,坂田 大樹,福岡,,44973,坂田 大樹,柏,1994-09-11,single name match
name-only,9000139,猪越 優惟,清水,,50479,猪越 優惟,栃木SC,2001-05-26,single name match
name-only,9002884,中河 昌彦,京都,,201,中河 昌彦,京都,1969-08-26,single name match
name-only,9002896,サナブリア,京都,,6172,サナブリア,京都,1977-02-08,single name match
name-only,9002908,野口 裕司,京都,,1676,野口 裕司,大宮,1972-02-25,single name match
name-only,9002945,サントス,神戸,,8,サントス,神戸,1960-12-09,team narrow-down
name-only,9002967,武田 治郎,神戸,,800,武田 治郎,神戸,1972-09-18,single name match
name-only,9000141,ドウグラス タンキ,清水,,15838,ドウグラス タンキ,清水,1993-10-27,single name match
name-only,9000180,佐藤 龍之介,岡山,,49722,佐藤 龍之介,FC東京,2006-10-16,single name match
name-only,9000171,大久保 智明,浦和,,32695,大久保 智明,柏,1998-07-23,single name match
name-only,9000288,仲間 隼斗,鹿島,,9758,仲間 隼斗,柏,1992-05-16,single name match
name-only,9000275,伊藤 敦樹,浦和,,37798,伊藤 敦樹,浦和,1998-08-11,single name match
name-only,9000224,家坂 葉光,岡山,,60457,家坂 葉光,FC大阪,2002-09-26,single name match
name-only,9000231,菅沼 一晃,福岡,,49719,菅沼 一晃,岐阜,2001-09-12,single name match
name-only,9000272,ドウグラス ヴィエイラ,広島,,19262,ドウグラス ヴィエイラ,広島,1987-11-12,single name match
name-only,9000221,山村 和也,横浜FM,,11094,山村 和也,横浜FM,1989-12-02,single name match
name-only,9000219,川上 康平,岡山,,52205,川上 康平,鹿児島,2001-04-24,single name match
name-only,9000293,垣田 裕暉,鹿島,,19240,垣田 裕暉,柏,1997-07-14,single name match
name-only,9000292,ギリェルメ パレジ,鹿島,,54819,ギリェルメ パレジ,鹿島,1995-09-19,single name match
name-only,9000276,小泉 佳穂,浦和,,32404,小泉 佳穂,柏,1996-10-05,single name match
name-only,9000266,川村 拓夢,広島,,19410,川村 拓夢,広島,1999-08-28,single name match
name-only,9000267,ピエロス ソティリウ,広島,,49300,ピエロス ソティリウ,広島,1993-01-13,single name match
name-only,9000274,アレクサンダー ショルツ,浦和,,44320,アレクサンダー ショルツ,FC東京,1992-10-24,single name match
name-only,9000225,グレイソン,岡山,,54810,グレイソン,大分,1996-11-19,single name match
name-only,9000215,キャスパー ユンカー,名古屋,,40769,キャスパー ユンカー,名古屋,1994-03-05,single name match
name-only,9000283,久保 藤次郎,名古屋,,44163,久保 藤次郎,柏,1999-04-05,single name match
name-only,9000220,ターレス ブレーネル,鹿島,,61037,ターレス ブレーネル,鹿島,1998-05-12,single name match
name-only,9000290,須貝 英大,鹿島,,37846,須貝 英大,京都,1998-10-27,single name match
name-only,9000285,米本 拓司,名古屋,,10110,米本 拓司,京都,1990-12-03,single name match
name-only,9000277,佐藤 瑶大,浦和,,37774,佐藤 瑶大,名古屋,1998-09-10,single name match
name-only,9000281,ランゲラック,名古屋,,29352,ランゲラック,名古屋,1988-08-22,single name match
name-only,9000291,名古 新太郎,鹿島,,29529,名古 新太郎,福岡,1996-04-17,single name match
name-only,9000278,大畑 歩夢,浦和,,32698,大畑 歩夢,Ｃ大阪,2001-04-27,single name match
name-only,9000227,仙波 大志,広島,,19412,仙波 大志,水戸,1999-08-19,single name match
name-only,9000287,佐野 海舟,鹿島,,32388,佐野 海舟,鹿島,2000-12-30,single name match
name-only,9000159,佐藤 海宏,鹿島,,49333,佐藤 海宏,新潟,2007-02-26,single name match
name-only,9000271,エゼキエウ,広島,,37560,エゼキエウ,広島,1998-03-09,single name match
name-only,9000216,安藤 駿介,川崎F,,8729,安藤 駿介,川崎Ｆ,1990-08-10,single name match
name-only,9000226,寺山 翼,東京,,23523,寺山 翼,山形,2000-04-10,single name match
name-only,9000217,土屋 櫂大,川崎F,,52286,土屋 櫂大,福島,2006-05-12,single name match
name-only,9000223,イヨハ 理 ヘンリー,広島,,19398,イヨハ 理 ヘンリー,大宮,1998-06-23,single name match
name-only,9000273,酒井 宏樹,浦和,,8780,酒井 宏樹,浦和,1990-04-12,single name match
name-only,9000218,望月 耕平,横浜FM,,45187,望月 耕平,宮崎,2006-06-07,single name match
name-only,9000289,土居 聖真,鹿島,,9925,土居 聖真,山形,1992-05-21,single name match
name-only,9000268,大橋 祐紀,広島,,29536,大橋 祐紀,広島,1996-07-27,single name match
name-only,9000213,牧口 一真,C大阪,,38082,牧口 一真,愛媛,2004-09-08,single name match
name-only,9000363,毎熊 晟矢,C大阪,,37628,毎熊 晟矢,Ｃ大阪,1997-10-16,single name match
name-only,9000259,片山 瑛一,柏,,11962,片山 瑛一,浦和,1991-11-30,single name match
name-only,9000369,松木 玖生,東京,,45067,松木 玖生,FC東京,2003-04-30,single name match
name-only,9000384,高嶺 朋樹,柏,,32538,高嶺 朋樹,名古屋,1997-12-29,single name match
name-only,9000381,瀬古 樹,川崎F,,32685,瀬古 樹,川崎Ｆ,1997-12-22,single name match
name-only,9000367,清水 圭介,C大阪,,9163,清水 圭介,Ｃ大阪,1988-11-25,single name match
name-only,9000383,関根 大輝,柏,,50484,関根 大輝,柏,2002-08-11,single name match
name-only,9000373,ジャジャ シルバ,東京,,52109,ジャジャ シルバ,鳥栖,1998-11-12,single name match
name-only,9000371,荒木 遼太郎,東京,,37537,荒木 遼太郎,鹿島,2002-01-29,single name match
name-only,9000258,マルコス ギリェルメ,東京,,51976,マルコス ギリェルメ,FC東京,1995-08-05,single name match
name-only,9000264,埜口 怜乃,横浜FM,,46835,埜口 怜乃,横浜FM,2006-05-30,single name match
name-only,9000364,鳥海 晃司,C大阪,,29320,鳥海 晃司,千葉,1995-05-09,single name match
name-only,9000257,平野 佑一,C大阪,,29285,平野 佑一,Ｃ大阪,1996-03-11,single name match
name-only,9000366,カピシャーバ,C大阪,,49691,カピシャーバ,清水,1997-01-09,single name match
name-only,9000382,バフェティンビ ゴミス,川崎F,,52149,バフェティンビ ゴミス,川崎Ｆ,1985-08-06,single name match
name-only,9000265,藤原 優大,浦和,,37981,藤原 優大,新潟,2002-06-29,single name match
name-only,9000263,杉本 大地,名古屋,,10661,杉本 大地,相模原,1993-07-15,single name match
name-only,9000365,レオ セアラ,C大阪,,19209,レオ セアラ,鹿島,1995-02-03,single name match
name-only,9000235,マルコス ジュニオール,広島,,32383,マルコス ジュニオール,広島,1993-01-19,single name match
name-only,9003001,松永 成立,京都,,154,松永 成立,京都,1962-08-12,single name match
name-only,9003002,大嶽 直人,京都,,193,大嶽 直人,京都,1968-10-18,single name match
name-only,9003003,宮崎 健治,京都,,3446,宮崎 健治,京都,1977-06-24,single name match
name-only,9003004,崔 成勇,神戸,,5796,崔 成勇,群馬,1975-12-25,single name match
name-only,9003005,長田 道泰,神戸,,1408,長田 道泰,東京Ｖ,1978-03-05,single name match
name-only,9003006,黒崎 久志,神戸,,9,黒崎 久志,大宮,1968-05-08,single name match
name-only,9003007,小島 卓,神戸,,2215,小島 卓,神戸,1973-08-04,single name match
name-only,9003008,河 錫舟,神戸,,4288,河 錫舟,神戸,1968-02-20,single name match
name-only,9003024,本並 健治,東京V,,313,本並 健治,東京Ｖ,1964-06-23,single name match
name-only,9003025,北澤 豪,東京V,,127,北澤 豪,東京Ｖ,1968-08-10,single name match
name-only,9003026,キム ヒョンソク,東京V,,6166,キム ヒョンソク,東京Ｖ,1967-05-05,single name match
name-only,9003027,杉山 弘一,東京V,,925,杉山 弘一,新潟,1971-10-27,single name match
name-only,9003042,吉田 賢太郎,京都,,5776,吉田 賢太郎,水戸,1980-10-05,single name match
name-only,9003043,ファブリッシオ,京都,,6079,ファブリッシオ,京都,1982-01-29,single name match
name-only,9003174,石末 龍治,神戸,,190,石末 龍治,神戸,1964-07-22,single name match
name-only,9003175,ビングリー,神戸,,4253,ビングリー,千葉,1971-08-16,single name match
name-only,9003176,和田 昌裕,神戸,,327,和田 昌裕,神戸,1965-01-21,single name match
name-only,9003177,幸田 将和,神戸,,384,幸田 将和,横浜FC,1969-09-12,single name match
name-only,9003183,柱谷 哲二,東京V,,118,柱谷 哲二,東京Ｖ,1964-07-15,single name match
name-only,9003184,モアシール,東京V,,4338,モアシール,東京Ｖ,1970-03-21,single name match
name-only,9003185,前園 真聖,東京V,,216,前園 真聖,東京Ｖ,1973-10-29,single name match
name-only,9000368,為田 大貴,C大阪,,10449,為田 大貴,磐田,1993-08-24,single name match
name-only,9000380,大南 拓磨,川崎F,,19170,大南 拓磨,川崎Ｆ,1997-12-13,single name match
name-only,9000236,齊藤 聖七,清水,,23350,齊藤 聖七,清水,2000-11-21,single name match
name-only,9000362,ステイマン Ｊ 草太郎,G大阪,,52063,ステイマン Ｊ 草太郎,Ｇ大阪,2007-03-02,single name match
name-only,9000681,谷口 彰悟,川崎F,,11495,谷口 彰悟,川崎Ｆ,1991-07-15,single name match
name-only,9000611,森島 司,広島,,15913,森島 司,名古屋,1997-04-25,single name match
name-only,9000694,エヴェラウド,鹿島,,37539,エヴェラウド,鹿島,1991-07-05,single name match
name-only,9000684,小川 諒也,東京,,15816,小川 諒也,鹿島,1996-11-24,single name match
name-only,9000609,長澤 和輝,名古屋,,11423,長澤 和輝,仙台,1991-12-16,single name match
name-only,9000401,水沼 宏太,横浜FM,,8445,水沼 宏太,横浜FM,1990-02-22,single name match
name-only,9000679,林 卓人,広島,,6383,林 卓人,広島,1982-08-09,single name match
name-only,9000403,ナム テヒ,横浜FM,,52150,ナム テヒ,横浜FM,1991-07-03,single name match
name-only,9000388,川口 尚紀,柏,,11231,川口 尚紀,磐田,1994-05-24,single name match
name-only,9000669,時志 仁,福岡,,44175,時志 仁,福岡,2005-05-15,single name match
name-only,9000667,中川 育,広島,,49716,中川 育,広島,2005-06-07,single name match
name-only,9000387,立田 悠悟,柏,,23251,立田 悠悟,岡山,1998-06-21,single name match
name-only,9000614,一森 純,横浜FM,,9200,一森 純,Ｇ大阪,1991-07-02,single name match
name-only,9000673,藤春 廣輝,G大阪,,10971,藤春 廣輝,琉球,1988-11-28,single name match
name-only,9000389,山本 桜大,柏,,49301,山本 桜大,大宮,2004-06-04,single name match
name-only,9000671,クォン スンテ,鹿島,,23276,クォン スンテ,鹿島,1984-09-11,single name match
name-only,9000664,エレケ,鹿島,,49297,エレケ,鹿島,1996-03-05,single name match
name-only,9000670,岩永 創太,福岡,,44197,岩永 創太,柏,2005-10-07,single name match
name-only,9000692,上田 綺世,鹿島,,32468,上田 綺世,鹿島,1998-08-28,single name match
name-only,9000685,永井 謙佑,東京,,10534,永井 謙佑,名古屋,1989-03-05,single name match
name-only,9000683,知念 慶,川崎F,,23167,知念 慶,鹿島,1995-03-17,single name match
name-only,9000687,岡崎 慎,東京,,19434,岡崎 慎,鹿児島,1998-10-10,single name match
name-only,9000678,三井 大輝,名古屋,,32474,三井 大輝,徳島,2001-05-27,single name match
name-only,9000693,和泉 竜司,鹿島,,18988,和泉 竜司,名古屋,1993-11-06,single name match
name-only,9000386,守田 達弥,柏,,10305,守田 達弥,町田,1990-08-03,single name match
name-only,9000404,村上 悠緋,横浜FM,,38910,村上 悠緋,讃岐,2000-12-19,single name match
name-only,9000688,内田 宅哉,東京,,19471,内田 宅哉,名古屋,1998-06-02,single name match
name-only,9000689,チュ セジョン,G大阪,,37933,チュ セジョン,Ｇ大阪,1990-10-30,single name match
name-only,9000703,野上 結貴,広島,,11215,野上 結貴,名古屋,1991-04-20,single name match
name-only,9000668,棚田 遼,広島,,32748,棚田 遼,鳥取,2003-06-19,single name match
name-only,9000701,江坂 任,浦和,,15829,江坂 任,岡山,1992-05-31,single name match
name-only,9000682,丹野 研太,川崎F,,8117,丹野 研太,栃木SC,1986-08-30,single name match
name-only,9000690,加藤 大智,G大阪,,37564,加藤 大智,Ｇ大阪,1997-04-14,single name match
name-only,9000702,知念 哲矢,浦和,,37569,知念 哲矢,栃木Ｃ,1997-11-08,single name match
name-only,9000677,塚元 大,G大阪,,32592,塚元 大,金沢,2001-06-23,single name match
name-only,9000616,染野 唯月,鹿島,,37535,染野 唯月,東京Ｖ,2001-09-12,single name match
name-only,9000417,ジョルディ クルークス,C大阪,,39400,ジョルディ クルークス,横浜FM,1994-01-15,single name match
name-only,9000622,岩下 航,柏,,37884,岩下 航,熊本,1999-04-01,single name match
name-only,9000405,遠野 大弥,川崎F,,37533,遠野 大弥,横浜FM,1999-03-14,single name match
name-only,9000437,渡邉 りょう,C大阪,,32342,渡邉 りょう,磐田,1996-10-25,single name match
name-only,9003267,トーマス,神戸,,4344,トーマス,神戸,1970-12-19,team narrow-down
name-only,9003274,岩下 潤,神戸,,250,岩下 潤,神戸,1973-04-08,single name match
name-only,9003280,増田 功作,東京V,,4299,増田 功作,横浜FC,1976-04-30,single name match
name-only,9003285,渡辺 淳一,東京V,,147,渡辺 淳一,湘南,1973-05-20,single name match
name-only,9003286,重田 征紀,東京V,,1454,重田 征紀,横浜FC,1976-07-15,single name match
name-only,9003289,辛島 啓珠,京都,,1603,辛島 啓珠,水戸,1971-06-24,single name match
name-only,9003290,鈴村 拓也,神戸,,2126,鈴村 拓也,神戸,1978-09-13,single name match
name-only,9003311,渡辺 一平,神戸,,220,渡辺 一平,水戸,1969-09-28,single name match
name-only,9003312,吉村 寿洋,神戸,,434,吉村 寿洋,大分,1971-06-28,single name match
name-only,9003313,ラウドルップ,神戸,,2867,ラウドルップ,神戸,1964-06-15,single name match
name-only,9003314,ビッケル,神戸,,1498,ビッケル,神戸,1963-10-06,single name match
name-only,9003315,ジアード,神戸,,2214,ジアード,神戸,1963-05-10,single name match
name-only,9003316,江川 重光,神戸,,276,江川 重光,神戸,1966-01-31,single name match
name-only,9003317,内藤 潤,神戸,,200,内藤 潤,神戸,1970-12-18,single name match
name-only,9003326,森下 申一,京都,,506,森下 申一,京都,1960-12-28,single name match
name-only,9003327,カポネ,京都,,1649,カポネ,京都,1972-05-23,single name match
name-only,9003328,カルロス,京都,,1904,カルロス,京都,1971-08-13,team narrow-down
name-only,9003329,井原 康秀,京都,,669,井原 康秀,湘南,1973-03-08,single name match
name-only,9003330,永田 崇,京都,,1855,永田 崇,京都,1972-04-13,single name match
name-only,9003332,チョウ キジェ,神戸,,498,曺 貴裁,神戸,1969-01-16,single name match
name-only,9003333,塚野 真樹,神戸,,638,塚野 真樹,FC東京,1970-10-12,single name match
name-only,9003334,慶越 雄二,京都,,312,慶越 雄二,京都,1963-09-17,single name match
name-only,9003335,松山 吉之,京都,,332,松山 吉之,京都,1966-07-31,single name match
name-only,9003343,松橋 力蔵,京都,,166,松橋 力蔵,京都,1968-08-22,single name match
name-only,9003345,阿部 良則,東京V,,120,阿部 良則,川崎Ｆ,1972-09-10,single name match
name-only,9003346,中尾 幸太郎,神戸,,700,中尾 幸太郎,神戸,1969-06-08,single name match
name-only,9003347,松岡 良彦,神戸,,2354,松岡 良彦,神戸,1977-07-29,single name match
name-only,9003350,アルジェウ,東京V,,2855,アルジェウ,東京Ｖ,1974-09-04,single name match
name-only,9003354,大西 貴,京都,,1089,大西 貴,京都,1971-10-16,single name match
name-only,9003360,ジアス,東京V,,1901,ジアス,東京Ｖ,1967-05-05,single name match
name-only,9000623,加藤 匠人,柏,,44168,加藤 匠人,宮崎,1999-05-09,single name match
name-only,9000528,ゴンサロ パシエンシア,広島,,61065,ゴンサロ パシエンシア,広島,1994-08-01,single name match
name-only,9000620,岩波 拓也,浦和,,11080,岩波 拓也,神戸,1994-06-18,single name match
name-only,9000441,山田 寛人,C大阪,,19333,山田 寛人,湘南,2000-03-07,single name match
name-only,9000530,須藤 直輝,鹿島,,38000,須藤 直輝,高知,2002-10-01,single name match
name-only,9000429,エカニット パンヤ,浦和,,52143,エカニット パンヤ,愛媛,1999-10-21,single name match
name-only,9000416,酒井 宣福,名古屋,,10963,酒井 宣福,鳥栖,1992-11-09,single name match
name-only,9000439,畠中 槙之輔,横浜FM,,11247,畠中 槙之輔,Ｃ大阪,1995-08-25,single name match
name-only,9000621,昌子 源,鹿島,,11010,昌子 源,町田,1992-12-11,single name match
name-only,9000414,山下 達也,C大阪,,8646,山下 達也,Ｃ大阪,1987-11-07,single name match
name-only,9000407,ハ チャンレ,名古屋,,54814,ハ チャンレ,名古屋,1994-10-16,single name match
name-only,9000523,福田 湧矢,G大阪,,29234,福田 湧矢,東京Ｖ,1999-04-04,single name match
name-only,9000419,中村 帆高,東京,,32719,中村 帆高,町田,1997-08-12,single name match
name-only,9000524,寺門 陸,横浜FM,,32432,寺門 陸,富山,2002-11-23,single name match
name-only,9000426,石毛 秀樹,G大阪,,11213,石毛 秀樹,Ｇ大阪,1994-09-21,single name match
name-only,9000766,池田 航,横浜FM,,32429,池田 航,横浜FM,2001-07-04,single name match
name-only,9000714,神谷 優太,清水,,19179,神谷 優太,岡山,1997-04-24,single name match
name-only,9003362,梶山 洋一,神戸,,714,梶山 洋一,神戸,1971-09-08,single name match
name-only,9003363,ヴヤチッチ,神戸,,4261,ヴヤチッチ,神戸,1966-01-04,single name match
name-only,9003364,岡本 浩司,神戸,,2134,岡本 浩司,神戸,1976-04-09,single name match
name-only,9003373,東 博樹,神戸,,323,東 博樹,神戸,1966-07-10,single name match
name-only,9003376,高田 昌明,神戸,,197,高田 昌明,横浜FC,1973-07-26,single name match
name-only,9003377,カイコ,東京V,,2322,カイコ,東京Ｖ,1974-05-15,single name match
name-only,9003378,成山 裕治,京都,,1790,成山 裕治,京都,1971-05-20,single name match
name-only,9003379,フラビオ,京都,,458,フラビオ,京都,1965-08-29,team narrow-down
name-only,9003380,望月 聡,京都,,82,望月 聡,京都,1964-05-18,single name match
name-only,9003381,細川 浩三,京都,,1679,細川 浩三,京都,1971-08-03,single name match
name-only,9003382,後藤 純二,京都,,1708,後藤 純二,京都,1971-08-09,single name match
name-only,9003383,高本 詞史,京都,,302,高本 詞史,京都,1967-12-31,single name match
name-only,9003425,大野 俊三,京都,,5,大野 俊三,京都,1965-03-29,single name match
name-only,9003427,坂元 要介,京都,,1010,坂元 要介,京都,1974-01-12,single name match
name-only,9003431,杉山 誠,京都,,4,杉山 誠,京都,1960-05-17,single name match
name-only,9003432,福重 良一,京都,,531,福重 良一,京都,1971-01-30,single name match
name-only,9003438,望月 慎之,京都,,1004,望月 慎之,京都,1972-05-20,single name match
name-only,9003439,バウタザール,京都,,1905,バウタザール,京都,1959-07-17,single name match
name-only,9003441,佐藤 慶明,京都,,352,佐藤 慶明,京都,1969-06-19,single name match
name-only,9003449,垣内 友二,京都,,520,垣内 友二,新潟,1969-08-31,single name match
name-only,9003450,植村 修一,京都,,519,植村 修一,京都,1966-12-03,single name match
name-only,9003457,澤田 博行,京都,,461,澤田 博行,京都,1974-01-29,single name match
name-only,9000716,大久保 択生,清水,,9694,大久保 択生,富山,1989-09-18,single name match
name-only,9000798,西田 勇祐,横浜FM,,37887,西田 勇祐,長野,2003-08-06,single name match
name-only,9000740,ドッジ,柏,,37957,ドッジ,柏,1996-04-17,single name match
name-only,9000778,ホナウド,清水,,44323,ホナウド,清水,1996-10-23,team narrow-down
name-only,9000801,林 尚輝,鹿島,,38003,林 尚輝,東京Ｖ,1998-06-09,single name match
name-only,9000759,渡 大生,福岡,,11091,渡 大生,徳島,1993-06-25,single name match
name-only,9000715,鈴木 唯人,清水,,37634,鈴木 唯人,清水,2001-10-25,single name match
name-only,9000768,髙萩 洋次郎,東京,,7091,髙萩 洋次郎,栃木SC,1986-08-02,single name match
name-only,9000720,栗原 イブラヒム ジュニア,清水,,37636,栗原 イブラヒム ジュニア,相模原,2001-08-14,single name match
name-only,9000727,杉本 太郎,福岡,,11935,杉本 太郎,徳島,1996-02-12,single name match
name-only,9000787,北爪 健吾,柏,,15751,北爪 健吾,清水,1992-04-30,single name match
name-only,9000803,梶浦 勇輝,東京,,37879,梶浦 勇輝,今治,2004-01-02,single name match
name-only,9000754,永井 龍,広島,,9198,永井 龍,北九州,1991-05-23,single name match
name-only,9000804,品田 愛斗,東京,,19681,品田 愛斗,千葉,1999-09-19,single name match
name-only,9000747,金崎 夢生,名古屋,,9095,金崎 夢生,琉球,1989-02-16,single name match
name-only,9000773,ウェリントン シウバ,G大阪,,40765,ウェリントン シウバ,Ｇ大阪,1993-01-06,single name match
name-only,9000790,桒原 陸人,G大阪,,46831,桒原 陸人,Ｇ大阪,2005-01-21,single name match
name-only,9000744,レオ シルバ,名古屋,,11365,レオ シルバ,名古屋,1985-12-24,single name match
name-only,9000777,ジェアン パトリッキ,C大阪,,45629,ジェアン パトリッキ,神戸,1997-05-14,single name match
name-only,9000767,ンダウ ターラ,横浜FM,,37919,ンダウ ターラ,FC大阪,1999-02-23,single name match
name-only,9000795,安田 虎士朗,東京,,32715,安田 虎士朗,甲府,2003-08-14,single name match
name-only,9000776,アンジェロッティ,柏,,37959,アンジェロッティ,鹿児島,1998-04-27,single name match
name-only,9000738,キム スンギュ,柏,,19267,キム スンギュ,FC東京,1990-09-30,single name match
name-only,9000756,染谷 悠太,柏,,7031,染谷 悠太,柏,1986-09-30,single name match
name-only,9000743,吉田 豊,名古屋,,9652,吉田 豊,清水,1990-02-17,single name match
name-only,9000770,後藤 優介,清水,,10445,後藤 優介,讃岐,1993-04-23,single name match
name-only,9000726,熊本 雄太,福岡,,29295,熊本 雄太,山形,1995-07-18,single name match
name-only,9000739,高橋 祐治,柏,,10654,高橋 祐治,清水,1993-04-11,single name match
name-only,9000758,山ノ井 拓己,福岡,,23212,山ノ井 拓己,山口,1998-10-25,single name match
name-only,9000792,西澤 健太,清水,,32410,西澤 健太,鳥栖,1996-09-06,single name match
name-only,9000786,アダム タガート,C大阪,,38030,アダム タガート,Ｃ大阪,1993-06-02,single name match
name-only,9000745,柿谷 曜一朗,名古屋,,8190,柿谷 曜一朗,徳島,1990-01-03,single name match
name-only,9000799,東 ジョン,名古屋,,37937,東 ジョン,甲府,2002-05-02,single name match
name-only,9000723,岩田 智輝,横浜FM,,15755,岩田 智輝,横浜FM,1997-04-07,single name match
name-only,9000772,三原 雅俊,柏,,9050,三原 雅俊,柏,1988-08-02,single name match
name-only,9000793,大谷 秀和,柏,,6274,大谷 秀和,柏,1984-11-06,single name match
name-only,9000725,ブルーノ メンデス,C大阪,,32434,ブルーノ メンデス,Ｃ大阪,1994-08-02,single name match
name-only,9000784,カルリーニョス ジュニオ,清水,,37689,カルリーニョス ジュニオ,千葉,1994-08-08,single name match
name-only,9003460,長峯 宏範,京都,,1559,長峯 宏範,京都,1973-05-12,single name match
name-only,9003465,セルジオ,京都,,2853,セルジオ,京都,1967-01-11,team narrow-down
name-only,9003467,ハウジネイ,京都,,2854,ハウジネイ,京都,1965-07-18,single name match
name-only,9003507,藤川 孝幸,東京V,,114,藤川 孝幸,東京Ｖ,1962-10-10,single name match
name-only,9003524,エンブー,東京V,,2103,エンブー,東京Ｖ,1973-05-18,single name match
name-only,9003543,蓮見 知弘,東京V,,150,蓮見 知弘,仙台,1972-06-06,single name match
name-only,9000717,岸本 武流,清水,,19200,岸本 武流,Ｇ大阪,1997-07-16,single name match
name-only,9000724,仲川 輝人,横浜FM,,9794,仲川 輝人,FC東京,1992-07-27,single name match
name-only,9000741,宮原 和也,名古屋,,11408,宮原 和也,東京Ｖ,1996-03-22,single name match
name-only,9000760,井林 章,清水,,11219,井林 章,讃岐,1990-09-05,single name match
name-only,9000742,チアゴ,名古屋,,38038,チアゴ,名古屋,1990-06-17,team narrow-down
name-only,9000718,滝 裕太,清水,,23336,滝 裕太,松本,1999-08-29,single name match
name-only,9000728,フアンマ デルガド,福岡,,23269,フアンマ デルガド,長崎,1990-11-17,single name match
name-only,9000811,小川 優介,鹿島,,38001,小川 優介,琉球,2002-04-14,single name match
name-only,9000812,輪湖 直樹,福岡,,8253,輪湖 直樹,福岡,1989-11-26,single name match
name-only,9000820,田中 碧,川崎F,,19314,田中 碧,川崎Ｆ,1998-09-10,single name match
name-only,9000898,大久保 嘉人,C大阪,,6502,大久保 嘉人,Ｃ大阪,1982-06-09,single name match
name-only,9000831,蓮川 壮大,東京,,19508,蓮川 壮大,清水,1998-06-27,single name match
name-only,9000902,呉屋 大翔,柏,,19198,呉屋 大翔,千葉,1994-01-02,single name match
name-only,9000885,福森 直也,清水,,15750,福森 直也,今治,1992-08-29,single name match
name-only,9000832,田川 亨介,東京,,19510,田川 亨介,鹿島,1999-02-11,single name match
name-only,9000830,アルトゥール シルバ,東京,,32443,アルトゥール シルバ,湘南,1995-04-26,single name match
name-only,9000883,町田 浩樹,鹿島,,15737,町田 浩樹,鹿島,1997-08-25,single name match
name-only,9000900,高木 俊幸,C大阪,,9468,高木 俊幸,千葉,1991-05-25,single name match
name-only,9000886,河井 陽介,清水,,10415,河井 陽介,富山,1989-08-04,single name match
name-only,9000825,オナイウ 阿道,横浜FM,,11977,オナイウ 阿道,浦和,1995-11-08,single name match
name-only,9000901,高橋 峻希,柏,,8746,高橋 峻希,岩手,1990-05-04,single name match
name-only,9000899,松井 謙弥,C大阪,,6656,松井 謙弥,秋田,1985-09-10,single name match
name-only,9000884,遠藤 康,鹿島,,9147,遠藤 康,仙台,1988-04-07,single name match
name-only,9000896,瀬古 歩夢,C大阪,,19480,瀬古 歩夢,Ｃ大阪,2000-06-07,single name match
name-only,9000897,坂元 達裕,C大阪,,31514,坂元 達裕,Ｃ大阪,1996-10-22,single name match
name-only,9000822,チアゴ マルチンス,横浜FM,,29591,チアゴ マルチンス,横浜FM,1995-03-17,single name match
name-only,9000824,扇原 貴宏,横浜FM,,9201,扇原 貴宏,神戸,1991-10-05,single name match
name-only,9000905,イッペイ シノヅカ,柏,,23521,イッペイ シノヅカ,新潟,1995-03-20,single name match
name-only,9000826,高野 遼,横浜FM,,15895,高野 遼,相模原,1994-11-13,single name match
name-only,9000816,真木 晃平,C大阪,,15914,真木 晃平,群馬,1998-07-31,single name match
name-only,9000823,ティーラトン,横浜FM,,29367,ティーラトン,横浜FM,1990-02-06,single name match
name-only,9000829,渡辺 剛,東京,,29547,渡辺 剛,FC東京,1997-02-05,single name match
name-only,9000946,清水 航平,広島,,9720,清水 航平,広島,1989-04-30,single name match
name-only,9000913,石津 大介,福岡,,10925,石津 大介,宮崎,1990-01-15,single name match
name-only,9000994,児玉 駿斗,名古屋,,29438,児玉 駿斗,徳島,1998-12-03,single name match
name-only,9000947,ハイネル,広島,,23166,ハイネル,横浜FC,1990-09-05,single name match
name-only,9000985,増田 卓也,広島,,11136,増田 卓也,熊本,1989-06-29,single name match
name-only,9000978,神谷 凱士,川崎F,,37593,神谷 凱士,琉球,1997-06-16,single name match
name-only,9000970,エメルソン サントス,柏,,39335,エメルソン サントス,柏,1995-04-05,single name match
name-only,9000993,土肥 航大,広島,,23415,土肥 航大,FC大阪,2001-04-13,single name match
name-only,9000936,奥井 諒,清水,,11113,奥井 諒,栃木Ｃ,1990-03-07,single name match
name-only,9000982,岡庭 愁人,東京,,19680,岡庭 愁人,湘南,1999-09-16,single name match
name-only,9000931,滝本 晴彦,柏,,15887,滝本 晴彦,今治,1997-05-20,single name match
name-only,9000915,木本 恭生,名古屋,,15927,木本 恭生,FC東京,1993-08-06,single name match
name-only,9000969,藤尾 翔太,C大阪,,29386,藤尾 翔太,町田,2001-05-02,single name match
name-only,9000917,カウエ,福岡,,23500,カウエ,福岡,1989-05-24,team narrow-down
name-only,9000939,エウシーニョ,清水,,15742,エウシーニョ,徳島,1989-11-30,single name match
name-only,9000968,ウィリアム マテウス,清水,,38002,ウィリアム マテウス,清水,1990-04-02,single name match
name-only,9000976,キム ヨングォン,G大阪,,10863,キム ヨングォン,Ｇ大阪,1990-02-27,single name match
name-only,9000949,指宿 洋史,清水,,8783,指宿 洋史,清水,1991-02-27,single name match
name-only,9000943,杉山 力裕,福岡,,8612,杉山 力裕,福岡,1987-05-01,single name match
name-only,9000998,阿部 伸行,東京,,6670,阿部 伸行,岩手,1984-04-27,single name match
name-only,9000912,カルロス グティエレス,福岡,,37532,カルロス グティエレス,長崎,1991-11-04,single name match
name-only,9000937,工藤 孝太,浦和,,38053,工藤 孝太,岡山,2003-08-13,single name match
name-only,9000956,ペドロ ハウル,柏,,39336,ペドロ ハウル,柏,1996-11-05,single name match
name-only,9000977,イサカ ゼイン,川崎F,,32607,イサカ ゼイン,千葉,1997-05-29,single name match
name-only,9000974,ダン バン ラム,C大阪,,40764,ダン バン ラム,Ｃ大阪,1993-08-13,single name match
name-only,9000988,福島 竜弥,浦和,,32746,福島 竜弥,相模原,2002-06-08,single name match
name-only,9000967,ブルーノ ウヴィニ,東京,,39345,ブルーノ ウヴィニ,FC東京,1991-06-03,single name match
name-only,9000916,松田 力,C大阪,,11450,松田 力,富山,1991-07-24,single name match
name-only,9000918,吉岡 雅和,福岡,,23267,吉岡 雅和,秋田,1995-03-09,single name match
name-only,9000941,春名 竜聖,C大阪,,38044,春名 竜聖,水戸,2004-05-01,single name match
name-only,9000911,エミル サロモンソン,福岡,,32308,エミル サロモンソン,福岡,1989-04-28,single name match
name-only,9001066,奈良 竜樹,鹿島,,10697,奈良 竜樹,福岡,1993-09-19,single name match
name-only,9001026,西村 恭史,清水,,29273,西村 恭史,群馬,1999-11-04,single name match
name-only,9003580,パウロ,東京V,,1592,パウロ,東京Ｖ,1960-05-10,single name match
name-only,9003581,加藤 善之,東京V,,116,加藤 善之,福岡,1964-07-27,single name match
name-only,9003582,河本 充弘,東京V,,138,河本 充弘,東京Ｖ,1971-06-12,single name match
name-only,9003590,戸塚 哲也,東京V,,121,戸塚 哲也,東京Ｖ,1961-04-24,single name match
name-only,9003600,カピトン,東京V,,1493,カピトン,東京Ｖ,1966-09-19,single name match
name-only,9003636,ハンセン,東京V,,769,ハンセン,東京Ｖ,1959-01-09,single name match
name-only,9003637,マイヤー,東京V,,768,マイヤー,東京Ｖ,1962-02-17,single name match
name-only,9001055,中林 洋次,横浜FM,,8125,中林 洋次,横浜FM,1986-04-28,single name match
name-only,9001093,芝本 蓮,G大阪,,23285,芝本 蓮,奈良,1999-07-22,single name match
name-only,9001005,鈴木 大輔,浦和,,9450,鈴木 大輔,千葉,1990-01-29,single name match
name-only,9001014,ルーカス ミネイロ,C大阪,,37659,ルーカス ミネイロ,Ｃ大阪,1996-02-24,single name match
name-only,9001065,エヴェルトン,浦和,,32447,エヴェルトン,仙台,1992-12-01,single name match
name-only,9001069,アン ジュンス,C大阪,,19642,アン ジュンス,Ｃ大阪,1998-01-28,single name match
name-only,9001082,桐畑 和繁,柏,,7465,桐畑 和繁,岐阜,1987-06-30,single name match
name-only,9001034,エジガル ジュニオ,横浜FM,,32408,エジガル ジュニオ,今治,1991-05-06,single name match
name-only,9001025,ネト ヴォルピ,清水,,37657,ネト ヴォルピ,清水,1992-08-01,single name match
name-only,9001048,矢島 輝一,東京,,19439,矢島 輝一,福島,1995-04-06,single name match
name-only,9001036,新里 亮,G大阪,,11312,新里 亮,大宮,1990-07-02,single name match
name-only,9001042,金井 貢史,清水,,8444,金井 貢史,讃岐,1990-02-05,single name match
name-only,9001019,鎌田 次郎,柏,,6680,鎌田 次郎,相模原,1985-07-28,single name match
name-only,9001015,都倉 賢,C大阪,,8092,都倉 賢,栃木Ｃ,1986-06-16,single name match
name-only,9001027,ティーラシン デーンダー,清水,,29351,ティーラシン デーンダー,清水,1988-06-06,single name match
name-only,9001047,中村 航輔,柏,,11369,中村 航輔,Ｃ大阪,1995-02-27,single name match
name-only,9001073,川本 梨誉,清水,,23354,川本 梨誉,岐阜,2001-06-11,single name match
name-only,9001090,宮崎 幾笑,東京,,15905,宮崎 幾笑,いわき,1998-02-17,single name match
name-only,9001035,オ ジェソク,G大阪,,11384,オ ジェソク,名古屋,1990-01-04,single name match
name-only,9001037,アデミウソン,G大阪,,15871,アデミウソン,町田,1994-01-09,single name match
name-only,9001095,伊東 幸敏,鹿島,,11093,伊東 幸敏,大分,1993-09-03,single name match
name-only,9001012,レアンドロ デサバト,C大阪,,32435,レアンドロ デサバト,仙台,1990-03-30,single name match
name-only,9001096,山口 竜弥,G大阪,,29263,山口 竜弥,徳島,2000-02-09,single name match
name-only,9001006,柏木 陽介,浦和,,7523,柏木 陽介,岐阜,1987-12-15,single name match
name-only,9001029,六平 光成,清水,,11386,六平 光成,北九州,1991-01-16,single name match
name-only,9001083,成岡 輝瑠,清水,,32515,成岡 輝瑠,山口,2002-07-28,single name match
name-only,9001013,茂木 秀,C大阪,,23130,茂木 秀,宮崎,1999-01-15,single name match
name-only,9001028,西部 洋平,清水,,5795,西部 洋平,富山,1980-12-01,single name match
name-only,9001054,ファブリシオ,浦和,,19661,ファブリシオ,浦和,1990-03-28,team narrow-down
name-only,9001058,マウリシオ,浦和,,23507,マウリシオ,浦和,1992-02-06,team narrow-down
name-only,9001081,中村 憲剛,川崎F,,7212,中村 憲剛,川崎Ｆ,1980-10-31,single name match
name-only,9001075,ジオゴ マテウス,川崎F,,37592,ジオゴ マテウス,川崎Ｆ,1993-02-13,single name match
name-only,9001053,福島 春樹,浦和,,15850,福島 春樹,京都,1993-04-08,single name match
name-only,9001033,遠藤 渓太,横浜FM,,19246,遠藤 渓太,FC東京,1997-11-22,single name match
name-only,9001077,庄司 朋乃也,C大阪,,12177,庄司 朋乃也,金沢,1997-10-08,single name match
name-only,9001059,小林 祐介,柏,,11265,小林 祐介,千葉,1994-10-23,single name match
name-only,9001079,丹羽 大輝,東京,,6647,丹羽 大輝,FC東京,1986-01-16,single name match
name-only,9001049,内田 篤人,鹿島,,8667,内田 篤人,鹿島,1988-03-27,single name match
name-only,9001064,太田 宏介,名古屋,,8641,太田 宏介,町田,1987-07-23,single name match
name-only,9001071,山崎 亮平,柏,,9144,山崎 亮平,宮崎,1989-03-14,single name match
name-only,9001020,オルンガ,柏,,29583,オルンガ,柏,1994-03-26,single name match
name-only,9001153,米倉 恒貴,G大阪,,9116,米倉 恒貴,千葉,1988-05-17,single name match
name-only,9001118,久保 建英,東京,,19690,久保 建英,FC東京,2001-06-04,single name match
name-only,9001152,林 瑞輝,G大阪,,11435,林 瑞輝,Ｇ大阪,1996-09-04,single name match
name-only,9001126,セルジーニョ,鹿島,,29580,セルジーニョ,鹿島,1995-03-15,team narrow-down
name-only,9001185,川俣 慎一郎,鹿島,,8308,川俣 慎一郎,鹿島,1989-07-23,single name match
name-only,9001098,ソウザ,C大阪,,19224,ソウザ,Ｃ大阪,1988-03-08,team narrow-down
name-only,9001188,中村 敬斗,G大阪,,29235,中村 敬斗,Ｇ大阪,2000-07-28,single name match
name-only,9001183,山谷 侑士,横浜FM,,19563,山谷 侑士,岐阜,2000-06-11,single name match
name-only,9001119,ナ サンホ,東京,,32462,ナ サンホ,町田,1996-08-12,single name match
name-only,9001150,金 英權,G大阪,,10863,キム ヨングォン,Ｇ大阪,1990-02-27,single name match
name-only,9001187,髙江 麗央,G大阪,,23136,髙江 麗央,横浜FC,1998-06-27,single name match
name-only,9001128,山口 一真,鹿島,,29257,山口 一真,群馬,1996-01-17,single name match
name-only,9001125,安部 裕葵,鹿島,,23190,安部 裕葵,浦和,1999-01-28,single name match
name-only,9001127,平戸 太貴,鹿島,,12156,平戸 太貴,京都,1997-04-18,single name match
name-only,9001172,高木和 徹,清水,,11967,高木和 徹,今治,1995-04-15,single name match
name-only,9001110,ジョー,名古屋,,29353,ジョー,名古屋,1987-03-20,team narrow-down
name-only,9001124,チョン スンヒョン,鹿島,,23497,チョン スンヒョン,鹿島,1994-04-03,single name match
name-only,9001154,今野 泰幸,G大阪,,6419,今野 泰幸,磐田,1983-01-25,single name match
name-only,9001123,アンドリュー ナバウト,浦和,,29418,アンドリュー ナバウト,浦和,1992-12-17,single name match
name-only,9001116,新井 章太,川崎F,,11014,新井 章太,神戸,1988-11-01,single name match
name-only,9001111,長谷川 アーリアジャスール,名古屋,,7959,長谷川 アーリアジャスール,鳥取,1988-10-29,single name match
name-only,9001113,ヴァンデルソン,清水,,32414,ヴァンデルソン,清水,1991-02-07,team narrow-down
name-only,9001156,李 忠成,横浜FM,,6693,李 忠成,京都,1985-12-19,single name match
name-only,9001184,稲垣 祥,広島,,11937,稲垣 祥,名古屋,1991-12-25,single name match
name-only,9001163,ジャエル,東京,,32473,ジャエル,松本,1988-10-30,single name match
name-only,9003677,ロッサム,東京V,,1571,ロッサム,東京Ｖ,1963-03-27,single name match
name-only,9003691,李 康珍,東京V,,7945,イ ガンジン,町田,1986-04-25,single name match
name-only,9003692,柳沢 将之,東京V,,2469,柳沢 将之,横浜FC,1979-08-27,single name match
name-only,9003693,塗師 亮,東京V,,6988,塗師 亮,東京Ｖ,1986-05-01,single name match
name-only,9003694,戸川 健太,東京V,,3176,戸川 健太,福島,1981-06-23,single name match
name-only,9003695,久場 政朋,東京V,,6952,久場 政朋,東京Ｖ,1984-11-21,single name match
name-only,9003696,小野 雄平,東京V,,6737,小野 雄平,岡山,1985-07-01,single name match
name-only,9003697,ジウ,東京V,,8530,ジウ,東京Ｖ,1980-09-13,single name match
name-only,9003698,弦巻 健人,東京V,,7549,弦巻 健人,松本,1987-06-29,single name match
name-only,9003699,ウベダ,東京V,,7764,ウベダ,東京Ｖ,1969-09-17,single name match
name-only,9003701,柴崎 貴広,東京V,,6503,柴崎 貴広,富山,1982-05-23,single name match
name-only,9003702,羽山 拓巳,東京V,,2477,羽山 拓巳,東京Ｖ,1978-05-20,single name match
name-only,9003703,ラモン,東京V,,7245,ラモン,東京Ｖ,1972-06-30,single name match
name-only,9003704,高部 聖,東京V,,7447,高部 聖,東京Ｖ,1982-05-09,single name match
name-only,9003705,佐野 裕哉,東京V,,6504,佐野 裕哉,相模原,1982-04-22,single name match
name-only,9003706,高木 成太,東京V,,3435,高木 成太,横浜FC,1977-04-05,single name match
name-only,9003707,エジムンド,東京V,,6779,エジムンド,浦和,1971-04-02,single name match
name-only,9003708,高橋 宏幸,東京V,,6023,高橋 宏幸,東京Ｖ,1983-05-06,single name match
name-only,9003709,関 貴史,東京V,,6548,関 貴史,東京Ｖ,1978-06-05,single name match
name-only,9001112,水本 裕貴,広島,,7732,水本 裕貴,相模原,1985-09-12,single name match
name-only,9001165,榎本 大輝,名古屋,,23541,榎本 大輝,鳥取,1996-06-21,single name match
name-only,9001155,三好 康児,横浜FM,,13983,三好 康児,横浜FM,1997-03-26,single name match
name-only,9001114,水谷 拓磨,清水,,12085,水谷 拓磨,秋田,1996-04-24,single name match
name-only,9001164,森脇 良太,浦和,,7092,森脇 良太,愛媛,1986-04-06,single name match
name-only,9001229,斧澤 隼輝,C大阪,,19331,斧澤 隼輝,北九州,1998-06-02,single name match
name-only,9001230,丸岡 満,C大阪,,19237,丸岡 満,Ｃ大阪,1996-01-06,single name match
name-only,9001221,ダビド コンチャ,G大阪,,32512,ダビド コンチャ,Ｇ大阪,1996-11-20,single name match
name-only,9001246,遠藤 航,浦和,,9762,遠藤 航,浦和,1993-02-09,single name match
name-only,9001248,平川 忠亮,浦和,,5334,平川 忠亮,浦和,1979-05-01,single name match
name-only,9001268,前田 悠佑,長崎,,11388,前田 悠佑,長崎,1984-11-23,single name match
name-only,9001194,楠神 順平,清水,,10574,楠神 順平,清水,1987-08-27,single name match
name-only,9001286,小笠原 満男,鹿島,,4273,小笠原 満男,鹿島,1979-04-05,single name match
name-only,9001266,徳永 悠平,長崎,,7442,徳永 悠平,長崎,1983-09-25,single name match
name-only,9001259,押谷 祐樹,名古屋,,8285,押谷 祐樹,藤枝,1989-09-23,single name match
name-only,9001205,中川 風希,横浜FM,,23513,中川 風希,藤枝,1995-07-03,single name match
name-only,9001289,田中 裕介,C大阪,,8058,田中 裕介,岡山,1986-04-14,single name match
name-only,9001256,内田 健太,名古屋,,8496,内田 健太,愛媛,1989-10-02,single name match
name-only,9001224,高木 大輔,G大阪,,11024,高木 大輔,琉球,1995-10-14,single name match
name-only,9001235,深堀 隼平,名古屋,,19347,深堀 隼平,岩手,1998-06-29,single name match
name-only,9001199,藤本 康太,C大阪,,8115,藤本 康太,Ｃ大阪,1986-04-02,single name match
name-only,9001253,市丸 瑞希,G大阪,,12116,市丸 瑞希,琉球,1997-05-08,single name match
name-only,9001269,ベン ハロラン,長崎,,29366,ベン ハロラン,長崎,1992-06-14,single name match
name-only,9001250,ティーラシン,広島,,29351,ティーラシン デーンダー,清水,1988-06-06,single name match
name-only,9001254,西野 貴治,G大阪,,10803,西野 貴治,讃岐,1993-09-14,single name match
name-only,9001207,栗原 勇蔵,横浜FM,,5822,栗原 勇蔵,横浜FM,1983-09-18,single name match
name-only,9001231,有馬 幸太郎,鹿島,,32350,有馬 幸太郎,大分,2000-09-03,single name match
name-only,9001232,岩舘 直,浦和,,11190,岩舘 直,浦和,1988-08-17,single name match
name-only,9001236,澤上 竜二,C大阪,,19243,澤上 竜二,八戸,1993-10-08,single name match
name-only,9001257,八反田 康平,名古屋,,11149,八反田 康平,鹿児島,1990-01-08,single name match
name-only,9004279,曽我部 慶太,神戸,,7974,曽我部 慶太,相模原,1988-07-02,single name match
name-only,9004288,三原 直樹,東京V,,7544,三原 直樹,岡山,1987-06-19,single name match
name-only,9004292,吉田 真史,神戸,,7390,吉田 真史,神戸,1985-09-06,single name match
name-only,9001233,西本 雅崇,C大阪,,15778,西本 雅崇,讃岐,1996-06-11,single name match
name-only,9001279,中山 雄太,柏,,11463,中山 雄太,町田,1997-02-16,single name match
name-only,9001255,ホーシャ,名古屋,,29378,ホーシャ,名古屋,1989-04-01,single name match
name-only,9001210,エドゥアルド ネット,名古屋,,19178,エドゥアルド ネット,大分,1988-10-24,single name match
name-only,9001270,ファンマ,長崎,,23269,フアンマ デルガド,長崎,1990-11-17,single name match
name-only,9001273,碓井 鉄平,長崎,,12067,碓井 鉄平,長野,1991-11-03,single name match
name-only,9001274,幸野 志有人,長崎,,10902,幸野 志有人,長崎,1993-05-04,single name match
name-only,9001198,鎌田 翔雅,清水,,8577,鎌田 翔雅,富山,1989-06-15,single name match
name-only,9001283,細貝 萌,柏,,7873,細貝 萌,群馬,1986-06-10,single name match
name-only,9001245,前田 遼一,東京,,6006,前田 遼一,岐阜,1981-10-09,single name match
name-only,9001214,青山 直晃,G大阪,,7995,青山 直晃,鹿児島,1986-07-18,single name match
name-only,9001218,泉澤 仁,横浜FM,,9862,泉澤 仁,岐阜,1991-12-17,single name match
name-only,9001281,キム ボギョン,柏,,10887,キム ボギョン,柏,1989-10-06,single name match
name-only,9001197,茂木 力也,浦和,,12121,茂木 力也,大宮,1996-09-27,single name match
name-only,9001287,ペドロ ジュニオール,鹿島,,9606,ペドロ ジュニオール,鹿島,1987-01-29,single name match
name-only,9001284,角田 誠,清水,,5909,角田 誠,長崎,1983-07-10,single name match
name-only,9001271,徳重 健太,長崎,,6836,徳重 健太,愛媛,1984-03-09,single name match
name-only,9001228,マルケル スサエタ,G大阪,,32741,マルケル スサエタ,Ｇ大阪,1987-12-14,single name match
name-only,9001204,福満 隆貴,C大阪,,15766,福満 隆貴,千葉,1992-02-22,single name match
name-only,9001251,工藤 壮人,広島,,8782,工藤 壮人,宮崎,1990-05-06,single name match
name-only,9001285,増田 誓志,清水,,7730,増田 誓志,清水,1985-06-19,single name match
name-only,9001202,椿 直起,横浜FM,,19562,椿 直起,千葉,2000-06-23,single name match
name-only,9001292,ミロシュ デゲネク,横浜FM,,23278,ミロシュ デゲネク,横浜FM,1994-04-28,single name match
name-only,9001350,磯村 亮太,長崎,,8953,磯村 亮太,栃木SC,1991-03-16,single name match
name-only,9001293,中町 公祐,横浜FM,,7713,中町 公祐,横浜FM,1985-09-01,single name match
name-only,9001332,澤 昌克,柏,,10260,澤 昌克,柏,1983-01-12,single name match
name-only,9004366,ソーヴィシュ,京都,,6536,ソーヴィシュ,京都,1971-10-09,single name match
name-only,9001348,山内 寛史,C大阪,,23129,山内 寛史,岐阜,1995-02-09,single name match
name-only,9001304,奥田 達朗,長崎,,10960,奥田 達朗,長崎,1988-09-20,single name match
name-only,9001354,福田 健介,長崎,,6557,福田 健介,栃木SC,1984-07-24,single name match
name-only,9001341,宮本 駿晃,柏,,23391,宮本 駿晃,山形,1999-06-04,single name match
name-only,9001345,ベサルト ベリーシャ,広島,,29541,ベサルト ベリーシャ,広島,1985-07-29,single name match
name-only,9001302,井出 遥也,G大阪,,10715,井出 遥也,神戸,1994-03-25,single name match
name-only,9001397,リカルド サントス,C大阪,,19232,リカルド サントス,岡山,1987-02-13,single name match
name-only,9001339,田中 稔也,鹿島,,12097,田中 稔也,高知,1997-12-02,single name match
name-only,9001357,中村 北斗,長崎,,7711,中村 北斗,長崎,1985-07-10,single name match
name-only,9001291,中澤 佑二,横浜FM,,4366,中澤 佑二,横浜FM,1978-02-25,single name match
name-only,9001329,鈴木 椋大,G大阪,,10604,鈴木 椋大,千葉,1994-02-10,single name match
name-only,9001328,村田 和哉,清水,,10952,村田 和哉,山口,1988-10-07,single name match
name-only,9001299,栗澤 僚一,柏,,7820,栗澤 僚一,柏,1982-09-05,single name match
name-only,9001356,植草 裕樹,清水,,6380,植草 裕樹,清水,1982-07-02,single name match
name-only,9001335,長谷川 悠,清水,,8701,長谷川 悠,長崎,1987-07-05,single name match
name-only,9001361,ハイロ モリージャス,長崎,,29551,ハイロ モリージャス,長崎,1993-07-02,single name match
name-only,9001342,廣末 陸,東京,,23270,廣末 陸,町田,1998-07-06,single name match
name-only,9001360,富澤 雅也,長崎,,19165,富澤 雅也,松本,1993-07-14,single name match
name-only,9001336,野田 裕喜,G大阪,,12178,野田 裕喜,柏,1997-07-27,single name match
name-only,9001346,ヨルディ バイス,長崎,,29550,ヨルディ バイス,岡山,1988-12-28,single name match
name-only,9001366,ラファエル シルバ,浦和,,12170,ラファエル シルバ,浦和,1992-04-04,single name match
name-only,9001367,杉山 浩太,清水,,6310,杉山 浩太,清水,1985-01-24,single name match
name-only,9001358,久保田 和音,鹿島,,15736,久保田 和音,滋賀,1997-01-01,single name match
name-only,9001359,平岡 翼,東京,,12058,平岡 翼,今治,1996-02-23,single name match
name-only,9001351,鈴木 彩貴,横浜FM,,12042,鈴木 彩貴,長崎,1987-04-13,single name match
name-only,9001300,下平 匠,横浜FM,,7999,下平 匠,千葉,1988-10-06,single name match
name-only,9001396,茂庭 照幸,C大阪,,3259,茂庭 照幸,Ｃ大阪,1981-09-08,single name match
name-only,9004510,ダビ,東京V,,11822,ダビ,東京Ｖ,1963-11-19,team narrow-down
name-only,9004453,和田 潤,東京,,1968,和田 潤,FC東京,1973-11-28,single name match
name-only,9001324,平松 宗,長崎,,10134,平松 宗,群馬,1992-11-20,single name match
name-only,9001333,酒本 憲幸,C大阪,,7276,酒本 憲幸,鹿児島,1984-09-08,single name match
name-only,9001347,リンス,東京,,12017,リンス,FC東京,1987-09-11,single name match
name-only,9001365,大城 蛍,浦和,,29395,大城 蛍,鳥取,2000-09-16,single name match
name-only,9001331,新井 一耀,名古屋,,18990,新井 一耀,長崎,1993-11-08,single name match
name-only,9001349,ナタン ヒベイロ,柏,,29546,ナタン ヒベイロ,柏,1990-06-02,single name match
name-only,9001338,山田 将之,東京,,19440,山田 将之,福島,1994-10-01,single name match
name-only,9001370,中島 翔哉,東京,,11193,中島 翔哉,浦和,1994-08-23,single name match
name-only,9001344,原田 岳,横浜FM,,19281,原田 岳,富山,1998-05-22,single name match
name-only,9001380,高橋 壮也,広島,,11907,高橋 壮也,広島,1996-02-29,single name match
name-only,9001368,枝村 匠馬,清水,,6781,枝村 匠馬,藤枝,1986-11-16,single name match
name-only,9001362,森﨑 和幸,広島,,3256,森﨑 和幸,広島,1981-05-09,single name match
name-only,9001327,兵働 昭弘,清水,,8138,兵働 昭弘,清水,1982-05-12,single name match
name-only,9001363,鹿山 拓真,長崎,,29437,鹿山 拓真,富山,1996-05-26,single name match
name-only,9001294,ユン イルロク,横浜FM,,29345,ユン イルロク,横浜FM,1992-03-07,single name match
name-only,9001298,秋山 大地,C大阪,,11261,秋山 大地,鳥取,1994-07-28,single name match
name-only,9001457,田村 友,浦和,,12133,田村 友,相模原,1992-11-22,single name match
name-only,9001485,楢﨑 正剛,名古屋,,1150,楢﨑 正剛,名古屋,1976-04-15,single name match
name-only,9001472,平墳 迅,清水,,23334,平墳 迅,藤枝,1999-05-19,single name match
name-only,9001501,キム ヒョヌン,福岡,,11371,キム ヒョヌン,福岡,1991-04-30,single name match
name-only,9001483,石川 直宏,東京,,3184,石川 直宏,FC東京,1981-05-12,single name match
name-only,9001444,田尻 健,G大阪,,10801,田尻 健,長野,1993-06-11,single name match
name-only,9001428,清原 翔平,C大阪,,12008,清原 翔平,相模原,1987-06-25,single name match
name-only,9001489,イ スンヒ,名古屋,,19249,イ スンヒ,名古屋,1988-06-10,single name match
name-only,9001458,中島 賢星,横浜FM,,15781,中島 賢星,山口,1996-09-23,single name match
name-only,9001492,キム ボムヨン,広島,,11288,キム ボムヨン,山口,1990-07-29,single name match
name-only,9001494,井川 祐輔,川崎F,,2996,井川 祐輔,川崎Ｆ,1982-10-30,single name match
name-only,9001490,矢田 旭,名古屋,,9401,矢田 旭,北九州,1991-04-02,single name match
name-only,9001493,浅野 拓磨,広島,,11346,浅野 拓磨,広島,1994-11-10,single name match
name-only,9001460,村松 大輔,清水,,10392,村松 大輔,北九州,1989-12-16,single name match
name-only,9001481,大島 康樹,柏,,12135,大島 康樹,甲府,1996-05-30,single name match
name-only,9001435,安西 海斗,柏,,19208,安西 海斗,水戸,1998-02-19,single name match
name-only,9001441,藤ヶ谷 陽介,G大阪,,5774,藤ヶ谷 陽介,Ｇ大阪,1981-02-13,single name match
name-only,9001463,梅鉢 貴秀,鹿島,,11011,梅鉢 貴秀,相模原,1992-06-08,single name match
name-only,9001447,梶山 陽平,東京,,6679,梶山 陽平,新潟,1985-09-24,single name match
name-only,9001436,大塚 翔平,川崎F,,8824,大塚 翔平,相模原,1990-04-11,single name match
name-only,9004754,岡 奨瑛,神戸,,59533,岡 奨瑛,神戸,2006-05-08,single name match
name-only,9004757,佐藤 久弥,東京V,,37945,佐藤 久弥,琉球,1998-04-04,single name match
name-only,9004760,稲葉 修土,町田,,29291,稲葉 修土,鹿児島,1993-06-29,single name match
name-only,9001479,橋口 拓哉,柏,,23152,橋口 拓哉,岐阜,1994-09-27,single name match
name-only,9001411,森本 貴幸,川崎F,,7725,森本 貴幸,福岡,1988-05-07,single name match
name-only,9001500,イ ボムヨン,福岡,,19250,イ ボムヨン,福岡,1989-04-02,single name match
name-only,9001488,安田 理大,名古屋,,7459,安田 理大,松本,1987-12-20,single name match
name-only,9001480,リッピ ヴェローゾ,東京,,23482,リッピ ヴェローゾ,FC東京,1997-04-07,single name match
name-only,9001487,竹内 彬,名古屋,,8695,竹内 彬,讃岐,1983-06-18,single name match
name-only,9001502,濱田 水輝,福岡,,9065,濱田 水輝,大宮,1990-05-18,single name match
name-only,9001412,堂安 律,G大阪,,15846,堂安 律,Ｇ大阪,1998-06-16,single name match
name-only,9001456,ネイサン バーンズ,東京,,15918,ネイサン バーンズ,広島,1988-05-07,single name match
name-only,9004840,江口 拓真,神戸,,50488,江口 拓真,神戸,2007-01-17,single name match
name-only,9004897,野田 樹,神戸,,19476,野田 樹,富山,1998-04-02,single name match
name-only,9001587,デューク カルロス,川崎F,,19326,デューク カルロス,相模原,2000-02-28,single name match
name-only,9001510,エデルソン,柏,,15925,エデルソン,柏,1989-03-13,single name match
name-only,9001573,ジュリアーノ ミネイロ,柏,,19227,ジュリアーノ ミネイロ,柏,1986-02-14,single name match
name-only,9001508,平井 将生,福岡,,7456,平井 将生,北九州,1987-12-04,single name match
name-only,9001538,サンダサ,東京,,15919,サンダサ,FC東京,1984-11-30,single name match
name-only,9001507,坂田 大輔,福岡,,5818,坂田 大輔,福岡,1983-01-16,single name match
name-only,9001547,中原 秀人,福岡,,11082,中原 秀人,鹿児島,1990-10-29,single name match
name-only,9001560,榎本 達也,東京,,2123,榎本 達也,FC東京,1979-03-16,single name match
name-only,9001592,小宮山 尊信,川崎F,,8951,小宮山 尊信,横浜FC,1984-10-03,single name match
name-only,9001545,中原 貴之,福岡,,7285,中原 貴之,福岡,1984-11-18,single name match
name-only,9001564,稲田 康志,柏,,6407,稲田 康志,新潟,1985-06-19,single name match
name-only,9001540,橋本 晃司,川崎F,,9067,橋本 晃司,岩手,1986-04-22,single name match
name-only,9001577,三島 勇太,福岡,,11363,三島 勇太,宮崎,1994-05-10,single name match
name-only,9001532,堤 俊輔,福岡,,7587,堤 俊輔,鹿児島,1987-06-08,single name match
name-only,9001525,内田 達也,G大阪,,9186,内田 達也,群馬,1992-02-08,single name match
name-only,9001541,西村 弘司,名古屋,,7270,西村 弘司,名古屋,1984-07-07,single name match
name-only,9001591,和田 昌士,横浜FM,,15853,和田 昌士,群馬,1997-04-11,single name match
name-only,9001565,下坂 晃城,福岡,,19162,下坂 晃城,秋田,1993-09-25,single name match
name-only,9001552,神山 竜一,福岡,,7242,神山 竜一,福岡,1984-11-10,single name match
name-only,9001598,佐藤 和樹,名古屋,,10438,佐藤 和樹,八戸,1993-05-18,single name match
name-only,9001509,邦本 宜裕,福岡,,12125,邦本 宜裕,福岡,1997-10-08,single name match
name-only,9001557,湯澤 聖人,柏,,15912,湯澤 聖人,福岡,1993-10-10,single name match
name-only,9001556,ムリキ,東京,,19459,ムリキ,FC東京,1986-06-16,single name match
name-only,9001526,櫛引 政敏,鹿島,,10983,櫛引 政敏,滋賀,1993-01-29,single name match
name-only,9001576,酒井 隆介,名古屋,,7885,酒井 隆介,町田,1988-09-07,single name match
name-only,9001580,大谷 尚輝,広島,,11403,大谷 尚輝,栃木SC,1995-09-24,single name match
name-only,9001506,古部 健太,福岡,,9702,古部 健太,山形,1985-11-30,single name match
name-only,9001527,カイオ,鹿島,,11933,カイオ,鹿島,1994-04-19,team narrow-down
name-only,9001597,高木 義成,名古屋,,2279,高木 義成,岐阜,1979-05-20,single name match
name-only,9001593,岡崎 建哉,G大阪,,8825,岡﨑 建哉,山形,1990-05-31,single name match
name-only,9001548,ハ デソン,東京,,19259,ハ デソン,名古屋,1985-03-02,single name match
name-only,9001584,野澤 英之,東京,,11376,野澤 英之,甲府,1994-08-15,single name match
name-only,9001589,田中 マルクス闘莉王,名古屋,,6416,田中 マルクス闘莉王,京都,1981-04-24,single name match
name-only,9001505,兼田 亜季重,福岡,,8498,兼田 亜季重,大分,1990-02-26,single name match
name-only,9001521,羽生 直剛,東京,,5335,羽生 直剛,千葉,1979-12-22,single name match
name-only,9001535,永田 充,浦和,,6808,永田 充,東京Ｖ,1983-04-06,single name match
name-only,9001566,冨安 健洋,福岡,,15907,冨安 健洋,福岡,1998-11-05,single name match
name-only,9001590,坂本 寛之,横浜FM,,19530,坂本 寛之,横浜FM,1998-04-29,single name match
name-only,9004936,金 容輔,神戸,,11989,田代 容輔,群馬,1995-06-27,single name match
name-only,9005145,晴山 岬,町田,,37543,晴山 岬,町田,2001-06-30,single name match
name-only,9005354,マソビッチ,町田,,37530,マソビッチ,町田,1994-08-07,single name match
name-only,9005357,上月 壮一郎,京都,,29357,上月 壮一郎,京都,2000-12-22,single name match
name-only,9005359,土居 柊太,町田,,29304,土居 柊太,町田,1996-02-29,single name match
name-only,9005386,ステファン,町田,,37645,ステファン,町田,1990-01-10,single name match
name-only,9005387,ドリアン バブンスキー,町田,,23509,ドリアン バブンスキー,町田,1996-08-29,single name match
name-only,9005398,レナン モッタ,京都,,32390,レナン モッタ,京都,1991-10-01,single name match
name-only,9005399,クレビーニョ,東京V,,32710,クレビーニョ,東京Ｖ,1998-08-02,single name match
name-only,9005404,藤本 寛也,東京V,,23383,藤本 寛也,東京Ｖ,1999-07-01,single name match
name-only,9005405,ジョン チュングン,町田,,23158,ジョン チュングン,町田,1995-03-01,single name match
name-only,9001596,ノヴァコヴィッチ,名古屋,,11270,ノヴァコヴィッチ,名古屋,1979-05-18,single name match
name-only,9001594,高橋 拓也,横浜FM,,11903,高橋 拓也,讃岐,1989-06-30,single name match
name-only,9001588,森﨑 浩司,広島,,3257,森﨑 浩司,広島,1981-05-09,single name match
name-only,9001533,ダニルソン,福岡,,10383,ダニルソン,福岡,1986-09-06,single name match
name-only,9001559,阿部 巧,福岡,,9382,阿部 巧,相模原,1991-05-26,single name match
name-only,9001504,鈴木 惇,福岡,,8425,鈴木 惇,藤枝,1989-04-22,single name match
name-only,9001567,田口 潤人,横浜FM,,11429,田口 潤人,藤枝,1996-09-28,single name match
name-only,9001551,カイケ,横浜FM,,19457,カイケ,横浜FM,1988-04-01,team narrow-down
name-only,9001670,天野 貴史,横浜FM,,7070,天野 貴史,長野,1986-04-13,single name match
name-only,9001652,本山 雅志,鹿島,,4275,本山 雅志,北九州,1979-06-20,single name match
name-only,9001642,キム チャンス,柏,,10786,キム チャンス,柏,1985-09-12,single name match
name-only,9001649,本田 拓也,清水,,9078,本田 拓也,岐阜,1985-04-17,single name match
name-only,9001651,佐藤 昭大,鹿島,,7082,佐藤 昭大,山形,1986-08-30,single name match
name-only,9001676,澤田 崇,清水,,11974,澤田 崇,長崎,1991-05-26,single name match
name-only,9001672,矢島 卓郎,横浜FM,,7927,矢島 卓郎,京都,1984-03-28,single name match
name-only,9001648,ヤコヴィッチ,清水,,11976,ヤコヴィッチ,清水,1985-07-16,single name match
name-only,9001660,工藤 浩平,広島,,6319,工藤 浩平,千葉,1984-08-28,single name match
name-only,9001674,安 柄俊,川崎F,,11340,安 柄俊,熊本,1990-05-22,single name match
name-only,9001681,鈴木 隆雅,鹿島,,10580,鈴木 隆雅,栃木Ｃ,1994-02-28,single name match
name-only,9001653,大橋 尚志,鹿島,,15753,大橋 尚志,松本,1996-12-01,single name match
name-only,9001666,福村 貴幸,清水,,10815,福村 貴幸,琉球,1991-12-22,single name match
name-only,9001688,望月 嶺臣,名古屋,,11302,望月 嶺臣,京都,1995-01-18,single name match
name-only,9001646,鈴木 啓太,浦和,,6130,鈴木 啓太,浦和,1981-07-08,single name match
name-only,9001647,三浦 弦太,清水,,11385,三浦 弦太,Ｇ大阪,1995-03-01,single name match
name-only,9001637,レナト,川崎F,,11142,レナト,川崎Ｆ,1988-10-04,team narrow-down
name-only,9001675,比嘉 祐介,横浜FM,,11123,比嘉 祐介,東京Ｖ,1989-05-15,single name match
name-only,9001659,二川 孝広,G大阪,,2888,二川 孝広,栃木SC,1980-06-27,single name match
name-only,9001664,田鍋 陵太,名古屋,,11042,田鍋 陵太,熊本,1993-04-10,single name match
name-only,9001673,田中 輝希,名古屋,,10976,田中 輝希,長崎,1992-08-26,single name match
name-only,9001636,佐藤 優平,横浜FM,,8928,佐藤 優平,東京Ｖ,1990-10-29,single name match
name-only,9001684,ラサッド,東京,,15903,ラサッド,FC東京,1986-03-08,single name match
name-only,9005044,バスケス バイロン,東京V,,45014,バスケス バイロン,町田,2000-05-16,single name match
name-only,9005045,加藤 蓮,東京V,,44656,加藤 蓮,横浜FM,1999-12-28,single name match
name-only,9005046,北島 祐二,東京V,,29412,北島 祐二,福岡,2000-08-04,single name match
name-only,9005047,マリオ エンゲルス,東京V,,49623,マリオ エンゲルス,東京Ｖ,1993-10-22,single name match
name-only,9005049,バーンズ アントン,町田,,38045,バーンズ アントン,鳥取,2003-10-01,single name match
name-only,9005079,アルハン,東京V,,45674,アルハン,東京Ｖ,2001-12-21,single name match
name-only,9005112,宮本 優,東京V,,23333,宮本 優,東京Ｖ,1999-05-17,single name match
name-only,9005130,樋口 堅,町田,,40843,樋口 堅,町田,2003-06-24,single name match
name-only,9001613,林 容平,東京,,8417,林 容平,秋田,1989-07-16,single name match
name-only,9001677,ラフィーニャ,横浜FM,,9179,ラフィーニャ,横浜FM,1987-06-30,single name match
name-only,9001680,熊谷 アンドリュー,横浜FM,,10595,熊谷 アンドリュー,金沢,1993-06-06,single name match
name-only,9001687,野村 政孝,名古屋,,11961,野村 政孝,沼津,1991-06-29,single name match
name-only,9001611,カニーニ,東京,,12162,カニーニ,FC東京,1985-06-05,single name match
name-only,9001696,アルトゥール マイア,川崎F,,15939,アルトゥール マイア,川崎Ｆ,1992-10-13,single name match
name-only,9001710,パク ヒョンジン,広島,,11348,パク ヒョンジン,岡山,1990-06-24,single name match
name-only,9001748,中澤 聡太,川崎F,,6381,中澤 聡太,Ｃ大阪,1982-10-26,single name match
name-only,9001784,平野 甲斐,C大阪,,10845,平野 甲斐,Ｃ大阪,1987-08-16,single name match
name-only,9001790,原 裕太郎,広島,,8881,原 裕太郎,愛媛,1990-04-23,single name match
name-only,9001776,鍋田 亜人夢,清水,,9312,鍋田 亜人夢,福岡,1991-05-01,single name match
name-only,9001737,ハン グギョン,柏,,10883,ハン グギョン,柏,1990-04-19,single name match
name-only,9001706,フォルラン,C大阪,,12077,フォルラン,Ｃ大阪,1979-05-19,single name match
name-only,9005416,ノリエガ エリック,町田,,37637,ノリエガ エリック,清水,2001-10-22,single name match
name-only,9005420,橋村 龍ジョセフ,町田,,23293,橋村 龍ジョセフ,町田,2000-08-23,single name match
name-only,9005441,志村 謄,町田,,32469,志村 謄,町田,1993-03-11,single name match
name-only,9005442,ネマニャ コイッチ,東京V,,32446,ネマニャ コイッチ,東京Ｖ,1990-02-03,single name match
name-only,9005466,藤井 航大,町田,,8994,藤井 航大,八戸,1991-01-13,single name match
name-only,9005467,戸高 弘貴,町田,,12047,戸高 弘貴,富山,1991-11-18,single name match
name-only,9005472,渡辺 皓太,東京V,,19465,渡辺 皓太,横浜FM,1998-10-18,single name match
name-only,9005478,ヴァウメルソン,東京V,,32452,ヴァウメルソン,東京Ｖ,1994-01-13,single name match
name-only,9005490,下畠 翔吾,京都,,9999,下畠 翔吾,岩手,1992-05-08,single name match
name-only,9005496,カン スイル,東京V,,23392,カン スイル,東京Ｖ,1987-07-15,single name match
name-only,9001777,ドゥトラ,横浜FM,,6757,ドゥトラ,横浜FM,1973-08-11,team narrow-down
name-only,9001740,木村 敦志,G大阪,,6364,木村 敦志,Ｇ大阪,1984-05-01,single name match
name-only,9005520,マティアス カセラス,京都,,29354,マティアス カセラス,京都,1992-03-20,single name match
name-only,9005527,沼 大希,京都,,15949,沼 大希,京都,1997-04-22,single name match
name-only,9005533,キム チョルホ,京都,,29358,キム チョルホ,群馬,1995-10-25,single name match
name-only,9005534,カルロス マルティネス,東京V,,23491,カルロス マルティネス,東京Ｖ,1986-06-27,single name match
name-only,9005537,菅嶋 弘希,東京V,,11025,菅嶋 弘希,東京Ｖ,1995-05-11,single name match
name-only,9005538,林 昇吾,東京V,,19252,林 昇吾,東京Ｖ,1997-04-09,single name match
name-only,9005545,大田 隼輔,町田,,23188,大田 隼輔,町田,1994-05-02,single name match
name-only,9005552,チョン ハンチョル,町田,,29315,チョン ハンチョル,今治,1996-06-20,single name match
name-only,9005556,大久保 剛志,京都,,7148,大久保 剛志,京都,1986-06-14,single name match
name-only,9005559,呉 少聰,京都,,29442,呉 少聰,京都,2000-03-20,single name match
name-only,9005576,星野 悟,町田,,10941,星野 悟,町田,1989-02-04,single name match
name-only,9005581,内藤 圭佑,東京V,,10843,内藤 圭佑,東京Ｖ,1987-08-11,single name match
name-only,9005584,ハ ソンミン,京都,,23196,ハ ソンミン,京都,1987-06-13,single name match
name-only,9005585,ケヴィン オリス,京都,,23217,ケヴィン オリス,京都,1984-12-06,single name match
name-only,9005595,内田 恭兵,京都,,9901,内田 恭兵,長野,1992-11-05,single name match
name-only,9001705,南野 拓実,C大阪,,11259,南野 拓実,Ｃ大阪,1995-01-16,single name match
name-only,9001708,新井場 徹,C大阪,,2537,新井場 徹,Ｃ大阪,1979-07-12,single name match
name-only,9005601,太田 岳志,東京V,,11341,太田 岳志,京都,1990-12-26,single name match
name-only,9005603,安西 幸輝,東京V,,11501,安西 幸輝,鹿島,1995-05-31,single name match
name-only,9005611,遠藤 純輝,町田,,12084,遠藤 純輝,藤枝,1994-12-08,single name match
name-only,9005615,ボリス タタール,町田,,23280,ボリス タタール,町田,1993-03-17,single name match
name-only,9005660,國領 一平,京都,,10660,國領 一平,八戸,1993-07-31,single name match
name-only,9005667,ダニエル ロビーニョ,京都,,11474,ダニエル ロビーニョ,京都,1989-01-09,single name match
name-only,9005670,北脇 健慈,東京V,,9469,北脇 健慈,秋田,1991-09-15,single name match
name-only,9005673,有薗 真吾,町田,,9826,有薗 真吾,北九州,1985-12-04,single name match
name-only,9005674,大木 暁,東京V,,10006,大木 暁,長野,1992-12-08,single name match
name-only,9005676,福田 友也,町田,,19218,福田 友也,岩手,1992-09-10,single name match
name-only,9005677,和田 篤紀,京都,,10093,和田 篤紀,京都,1993-02-09,single name match
name-only,9005684,大竹 隆人,町田,,11164,大竹 隆人,藤枝,1988-06-29,single name match
name-only,9005687,松下 純土,町田,,11902,松下 純土,町田,1991-05-03,single name match
name-only,9005694,郡 大夢,東京V,,19254,郡 大夢,東京Ｖ,1997-09-11,single name match
name-only,9001713,相澤 貴志,清水,,6327,相澤 貴志,徳島,1982-01-05,single name match
name-only,9001765,ジャイール,鹿島,,11401,ジャイール,千葉,1988-06-10,single name match
name-only,9001766,三浦 雄也,清水,,11218,三浦 雄也,長崎,1989-04-02,single name match
name-only,9001709,ゴイコ カチャル,C大阪,,12089,ゴイコ カチャル,Ｃ大阪,1987-01-26,single name match
name-only,9001775,ヘジス,名古屋,,11987,ヘジス,名古屋,1989-11-20,team narrow-down
name-only,9001780,阪本 将基,C大阪,,12144,阪本 将基,鹿児島,1996-06-24,single name match
name-only,9005698,キロス,京都,,19657,キロス,京都,1988-08-21,single name match
name-only,9005706,横山 翔平,町田,,11145,横山 翔平,町田,1993-08-09,single name match
name-only,9005716,黄 大城,京都,,11130,黄 大城,京都,1989-12-20,single name match
name-only,9005717,黄 辰成,京都,,15728,黄 辰成,岡山,1984-05-05,single name match
name-only,9005730,三竿 健斗,東京V,,12129,三竿 健斗,鹿島,1996-04-16,single name match
name-only,9005731,ブルーノ コウチーニョ,東京V,,15843,ブルーノ コウチーニョ,東京Ｖ,1986-06-21,single name match
name-only,9005732,コ ギョンジュン,東京V,,15861,コ ギョンジュン,東京Ｖ,1987-03-07,single name match
name-only,9005744,三根 和起,京都,,10655,三根 和起,京都,1993-04-18,single name match
name-only,9005749,土井 康平,京都,,7976,土井 康平,岩手,1988-12-24,single name match
name-only,9005754,フェホ,京都,,11464,フェホ,北九州,1985-04-20,single name match
name-only,9005763,金 鐘必,東京V,,11060,キム ジョンピル,徳島,1992-03-09,single name match
name-only,9005764,キローラン 菜入,東京V,,10008,キローラン 菜入,鹿児島,1992-04-07,single name match
name-only,9005783,オ スンフン,京都,,10841,オ スンフン,京都,1988-06-30,single name match
name-only,9005784,ジャイロ,京都,,11966,ジャイロ,京都,1986-12-31,single name match
name-only,9005785,内野 貴志,京都,,11022,内野 貴志,長野,1988-02-15,single name match
name-only,9001711,ケネディ,名古屋,,10751,ケネディ,名古屋,1982-08-20,single name match
name-only,9001767,イ キジェ,清水,,11201,イ キジェ,清水,1991-07-09,single name match
name-only,9001768,小川 直毅,G大阪,,11432,小川 直毅,Ｇ大阪,1995-07-03,single name match
name-only,9001707,武田 博行,C大阪,,6910,武田 博行,東京Ｖ,1983-11-30,single name match
name-only,9001704,加賀美 翔,清水,,11387,加賀美 翔,藤枝,1994-04-22,single name match
name-only,9001774,カク ヒジュ,東京,,10788,カク ヒジュ,FC東京,1981-10-05,single name match
name-only,9005796,田中 貴大,東京V,,10497,田中 貴大,山口,1993-11-22,single name match
name-only,9005829,アブダ,東京V,,11244,アブダ,東京Ｖ,1986-03-28,single name match
name-only,9005830,キローラン 木鈴,東京V,,10007,キローラン 木鈴,秋田,1992-04-07,single name match
name-only,9005866,久保 裕也,京都,,10664,久保 裕也,京都,1993-12-24,single name match
name-only,9005873,関 光博,東京V,,9671,関 光博,藤枝,1982-05-08,single name match
name-only,9005885,ペ デウォン,東京V,,11236,ペ デウォン,町田,1988-07-06,single name match
name-only,9001729,ルイス アルベルト,鹿島,,12029,ルイス アルベルト,鹿島,1983-11-17,single name match
name-only,9001712,中村 直志,名古屋,,6472,中村 直志,名古屋,1979-01-27,single name match
name-only,9001739,加地 亮,G大阪,,4287,加地 亮,岡山,1980-01-13,single name match
name-only,9001786,小谷 祐喜,C大阪,,11876,小谷 祐喜,奈良,1991-07-27,single name match
name-only,9001797,岡田 武瑠,C大阪,,11311,岡田 武瑠,Ｃ大阪,1994-08-31,single name match
name-only,9001803,ジョン ドンホ,横浜FM,,10368,ジョン ドンホ,横浜FM,1990-03-07,single name match
name-only,9001798,佐々木 渉,東京,,12181,佐々木 渉,讃岐,1996-07-28,single name match
name-only,9001795,カカウ,C大阪,,12172,カカウ,Ｃ大阪,1981-03-27,single name match
name-only,9001800,松本 翔,横浜FM,,9993,松本 翔,鳥取,1992-04-04,single name match
name-only,9001808,ヤキモフスキー,名古屋,,11298,ヤキモフスキー,名古屋,1990-02-26,single name match
name-only,9001812,岩政 大樹,鹿島,,7597,岩政 大樹,岡山,1982-01-30,single name match
name-only,9005895,三渡洲 舞人,東京V,,11469,三渡洲 舞人,東京Ｖ,1992-11-28,single name match
name-only,9005925,津田 和樹,町田,,6428,津田 和樹,町田,1982-07-26,single name match
name-only,9005926,柳崎 祥兵,町田,,11165,柳崎 祥兵,鹿児島,1984-06-11,single name match
name-only,9005927,ドラガン ディミッチ,町田,,11095,ドラガン ディミッチ,町田,1981-10-14,single name match
name-only,9005933,コリン マーシャル,町田,,11197,コリン マーシャル,町田,1984-10-25,single name match
name-only,9005934,小川 巧,町田,,11163,小川 巧,町田,1987-04-27,single name match
name-only,9005957,先崎 勝也,町田,,11185,先崎 勝也,町田,1987-04-09,single name match
name-only,9005966,須藤 貴郁,町田,,11254,須藤 貴郁,八戸,1991-11-21,single name match
name-only,9005987,竹中 公基,東京V,,10979,竹中 公基,栃木SC,1992-09-08,single name match
name-only,9001813,ジュニーニョ,鹿島,,7216,ジュニーニョ,鹿島,1977-09-15,team narrow-down
name-only,9001814,大迫 勇也,鹿島,,10402,大迫 勇也,神戸,1990-05-18,single name match
name-only,9001815,中川 義貴,鹿島,,10582,中川 義貴,鹿島,1993-07-14,single name match
name-only,9001816,山口 螢,C大阪,,8710,山口 蛍,長崎,1990-10-06,single name match
name-only,9001817,エジノ,C大阪,,11416,エジノ,Ｃ大阪,1983-05-31,single name match
name-only,9001818,武田 洋平,C大阪,,8638,武田 洋平,名古屋,1987-06-30,single name match
name-only,9001819,ブランコ,C大阪,,11188,ブランコ,Ｃ大阪,1983-01-02,single name match
name-only,9001827,西川 周作,広島,,7493,西川 周作,浦和,1986-06-18,single name match
name-only,9001828,中島 浩司,広島,,2357,中島 浩司,広島,1977-08-20,single name match
name-only,9001830,山田 暢久,浦和,,1619,山田 暢久,浦和,1975-09-10,single name match
name-only,9001831,イ ミンス,清水,,11276,イ ミンス,町田,1992-01-11,single name match
name-only,9001844,クレオ,柏,,11402,クレオ,柏,1985-08-09,single name match
name-only,9001845,風間 宏希,川崎F,,11245,風間 宏希,群馬,1991-06-19,single name match
name-only,9001846,髙原 寿康,清水,,7259,髙原 寿康,町田,1980-10-18,single name match
name-only,9001847,岡根 直哉,清水,,10274,岡根 直哉,相模原,1988-04-19,single name match
name-only,9001848,ネマニャ ヴチチェヴィッチ,東京,,11268,ネマニャ ヴチチェヴィッチ,FC東京,1979-08-11,single name match
name-only,9006001,アポジ,東京V,,11035,アポジ,東京Ｖ,1986-12-13,single name match
name-only,9006037,向 慎一,東京V,,10376,向 慎一,長野,1985-06-15,single name match
name-only,9006067,清水 康也,東京V,,2959,清水 康也,東京Ｖ,1982-06-15,single name match
name-only,9006011,森 賢一,水戸,,9173,森 賢一,水戸,1984-10-23,single name match
name-only,9001850,伊藤 宏樹,川崎F,,5307,伊藤 宏樹,川崎Ｆ,1978-07-27,single name match
name-only,9001851,風間 宏矢,川崎F,,11246,風間 宏矢,千葉,1993-04-16,single name match
name-only,9001869,多田 大介,C大阪,,6499,多田 大介,Ｃ大阪,1982-08-11,single name match
name-only,9001870,石櫃 洋祐,名古屋,,8699,石櫃 洋祐,京都,1983-07-23,single name match
name-only,9001875,井波 靖奈,広島,,9911,井波 靖奈,磐田,1992-06-25,single name match
name-only,9001886,アラン ピニェイロ,川崎F,,11472,アラン ピニェイロ,千葉,1992-05-13,single name match
name-only,9001802,前川 大河,C大阪,,12143,前川 大河,讃岐,1996-06-13,single name match
name-only,9001897,姜 成浩,清水,,10842,姜 成浩,金沢,1987-05-28,single name match
name-only,9001898,小林 大悟,清水,,6505,小林 大悟,清水,1983-02-19,single name match
name-only,9001899,寺田 紳一,G大阪,,6645,寺田 紳一,栃木SC,1985-06-10,single name match
name-only,9001900,イ スンヨル,G大阪,,11182,イ スンヨル,Ｇ大阪,1989-03-06,single name match
name-only,9001908,ブランキーニョ,C大阪,,11188,ブランコ,Ｃ大阪,1983-01-02,single name match
name-only,9001909,ケンペス,C大阪,,11089,ケンペス,千葉,1982-08-03,single name match
name-only,9001910,平繁 龍一,広島,,8291,平繁 龍一,群馬,1988-06-15,single name match
name-only,9001911,ポポ,浦和,,9746,ポポ,磐田,1978-09-01,single name match
name-only,9001912,デスポトビッチ,浦和,,11057,デスポトビッチ,浦和,1983-01-21,single name match
name-only,9001913,柴崎 晃誠,川崎F,,9121,柴﨑 晃誠,広島,1984-08-28,single name match
name-only,9001914,山瀬 功治,川崎F,,6100,山瀬 功治,山口,1981-09-22,single name match
name-only,9001915,黒津 勝,川崎F,,6449,黒津 勝,鳥取,1982-08-20,single name match
name-only,9001921,谷澤 達也,東京,,7273,谷澤 達也,藤枝,1984-10-03,single name match
name-only,9001922,リカルド ロボ,柏,,10870,リカルド ロボ,栃木SC,1984-05-20,single name match
name-only,9001923,安 英学,柏,,6847,安 英学,横浜FC,1978-10-25,single name match
name-only,9001924,北嶋 秀朗,柏,,1641,北嶋 秀朗,熊本,1978-05-23,single name match
name-only,9001925,大黒 将志,横浜FM,,2675,大黒 将志,栃木SC,1980-05-04,single name match
name-only,9001927,金 聖基,C大阪,,10964,金 聖基,藤枝,1988-10-23,single name match
name-only,9001929,高原 直泰,清水,,4277,高原 直泰,相模原,1979-06-04,single name match
name-only,9001932,三都主 アレサンドロ,名古屋,,2936,三都主 アレサンドロ,岐阜,1977-07-20,single name match
name-only,9001937,吉田 眞紀人,名古屋,,10975,吉田 眞紀人,愛媛,1992-10-20,single name match
name-only,9001938,巻 佑樹,名古屋,,9149,巻 佑樹,名古屋,1984-06-26,single name match
name-only,9001942,高橋 大輔,C大阪,,8609,高橋 大輔,Ｃ大阪,1983-09-18,single name match
name-only,9001943,中島 崇典,柏,,6843,中島 崇典,鳥取,1984-02-09,single name match
name-only,9001945,福井 諒司,柏,,7348,福井 諒司,琉球,1987-08-07,single name match
name-only,9001946,レネ サントス,川崎F,,11133,レネ サントス,川崎Ｆ,1992-04-21,single name match
name-only,9001948,重松 健太郎,東京,,9385,重松 健太郎,琉球,1991-04-15,single name match
name-only,9001949,エスクデロ セルヒオ,浦和,,7946,エスクデロ 競飛王,栃木SC,1988-09-01,single name match
name-only,9001951,佐々木 竜太,鹿島,,8720,佐々木 竜太,栃木SC,1988-02-07,single name match
name-only,9001952,スピラノビッチ,浦和,,10856,スピラノビッチ,浦和,1988-06-27,single name match
name-only,9001953,鮫島 晃太,広島,,10958,鮫島 晃太,藤枝,1992-06-24,single name match
name-only,9001956,田中 淳一,川崎F,,11144,田中 パウロ淳一,栃木Ｃ,1993-10-23,single name match
name-only,9001958,谷尾 昂也,川崎F,,10948,谷尾 昂也,鳥取,1992-05-29,single name match
name-only,9001959,星原 健太,G大阪,,8003,星原 健太,藤枝,1988-05-01,single name match
name-only,9001960,井上 翔太,C大阪,,11085,井上 翔太,北九州,1989-04-24,single name match
name-only,9006186,齋藤 将基,東京V,,8705,齋藤 将基,東京Ｖ,1980-06-23,single name match
name-only,9006190,シウバ,東京V,,9049,シウバ,東京Ｖ,1984-03-09,single name match
name-only,9006194,アナイウソン,東京V,,8686,アナイウソン,東京Ｖ,1978-03-08,single name match
name-only,9006223,ヒキ,東京V,,8821,ヒキ,東京Ｖ,1987-04-23,single name match
name-only,9006268,金 徒均,京都,,7758,金 徒均,京都,1977-01-13,single name match
name-only,9006276,レアンドロ ヴィエイラ,京都,,8052,レアンドロ ヴィエイラ,京都,1979-04-03,single name match
name-only,9006278,前川 正行,京都,,7268,前川 正行,京都,1984-06-20,single name match
name-only,9001961,横竹 翔,広島,,8504,横竹 翔,高知,1989-08-30,single name match
name-only,9001964,水野 泰輔,名古屋,,10443,水野 泰輔,岐阜,1993-05-04,single name match
name-only,9001965,ネット バイアーノ,柏,,10765,ネット バイアーノ,柏,1982-09-17,single name match
name-only,9001966,常澤 聡,東京,,7721,常澤 聡,群馬,1985-07-31,single name match
name-only,9001967,金 賢聖,清水,,11277,金 賢聖,清水,1989-09-27,single name match
name-only,9001973,エドゥワルド,G大阪,,11112,エドゥワルド,Ｇ大阪,1989-04-18,single name match
name-only,9001975,波戸 康広,横浜FM,,1148,波戸 康広,横浜FM,1976-05-04,single name match
name-only,9001976,山口 智,G大阪,,1416,山口 智,京都,1978-04-17,single name match
name-only,9001977,イ グノ,G大阪,,10615,イ グノ,Ｇ大阪,1985-04-11,single name match
name-only,9001979,中後 雅喜,C大阪,,5934,中後 雅喜,東京Ｖ,1982-05-16,single name match
name-only,9001980,マルチネス,C大阪,,10347,マルチネス,Ｃ大阪,1980-04-21,single name match
name-only,9001981,倉田 秋,C大阪,,7998,倉田 秋,Ｇ大阪,1988-11-26,single name match
name-only,9001982,ホドリゴ ピンパォン,C大阪,,10966,ホドリゴ ピンパォン,大宮,1987-10-23,single name match
name-only,9001983,尾亦 弘友希,C大阪,,6665,尾亦 弘友希,福岡,1983-09-01,single name match
name-only,9001996,山形 辰徳,福岡,,6849,山形 辰徳,富山,1983-10-04,single name match
name-only,9001997,田中 誠,福岡,,1644,田中 誠,福岡,1975-08-08,single name match
name-only,9001998,キム ミンジェ,福岡,,11002,キム ミンジェ,愛媛,1989-09-12,single name match
name-only,9001999,小原 章吾,福岡,,3143,小原 章吾,愛媛,1982-11-02,single name match
name-only,9002000,清水 範久,福岡,,1177,清水 範久,福岡,1976-10-04,single name match
name-only,9002001,高橋 泰,福岡,,5876,高橋 泰,讃岐,1980-09-29,single name match
name-only,9002005,久木野 聡,川崎F,,8610,久木野 聡,町田,1987-04-16,single name match
name-only,9002018,藏川 洋平,柏,,6098,藏川 洋平,熊本,1977-08-10,single name match
name-only,9002019,ホジェル,柏,,10919,ホジェル,柏,1985-01-07,single name match
name-only,9002020,ボスナー,清水,,9832,ボスナー,清水,1980-04-29,single name match
name-only,9002021,永井 雄一郎,清水,,2926,永井 雄一郎,群馬,1979-02-14,single name match
name-only,9002025,マゾーラ,浦和,,11016,マゾーラ,浦和,1989-05-08,single name match
name-only,9002026,フェリペ ガブリエル,鹿島,,10885,フェリペ ガブリエル,鹿島,1985-12-06,single name match
name-only,9002027,カルロン,鹿島,,11012,カルロン,鹿島,1986-08-01,single name match
name-only,9002033,和田 拓三,福岡,,7723,和田 拓三,福岡,1981-10-20,single name match
name-only,9002034,キム スンヨン,G大阪,,10973,キム スンヨン,Ｇ大阪,1985-03-14,single name match
name-only,9002035,アフォンソ,G大阪,,11030,アフォンソ,Ｇ大阪,1991-11-14,single name match
name-only,9002036,イゴール,鹿島,,11033,イゴール,甲府,1993-01-08,single name match
name-only,9002041,宮路 洋輔,福岡,,10270,宮路 洋輔,福岡,1987-06-12,single name match
name-only,9002042,新井 辰也,名古屋,,10828,新井 辰也,岐阜,1988-01-14,single name match
name-only,9002043,久場 光,名古屋,,10356,久場 光,愛媛,1990-04-09,single name match
name-only,9002044,柴原 誠,清水,,9806,柴原 誠,福島,1992-04-23,single name match
name-only,9002045,原 一樹,浦和,,9103,原 一樹,熊本,1985-01-05,single name match
name-only,9002049,トミッチ,広島,,11018,トミッチ,愛媛,1983-05-23,single name match
name-only,9002051,薗田 淳,川崎F,,9169,薗田 淳,秋田,1989-01-23,single name match
name-only,9002054,堀之内 聖,浦和,,6795,堀之内 聖,山形,1979-10-26,single name match
name-only,9002055,ブルザノビッチ,名古屋,,10775,ブルザノビッチ,名古屋,1985-08-25,single name match
name-only,9002056,牛之濵 拓,福岡,,10994,牛之濵 拓,北九州,1992-07-14,single name match
name-only,9002057,吉原 正人,福岡,,9638,吉原 正人,福岡,1991-10-27,single name match
name-only,9002059,高橋 祐太郎,C大阪,,10864,高橋 祐太郎,長崎,1987-10-03,single name match
name-only,9002063,タルタ,鹿島,,11071,タルタ,鹿島,1989-04-13,single name match
name-only,9002067,ハマゾッチ,福岡,,11068,ハマゾッチ,鳥取,1988-08-09,single name match
name-only,9002068,フレドリック ユングベリ,清水,,11083,フレドリック ユングベリ,清水,1977-04-16,single name match
name-only,9002069,笠川 永太,福岡,,9274,笠川 永太,福岡,1990-10-25,single name match
name-only,9002072,畑本 時央,福岡,,9965,畑本 時央,岩手,1992-08-18,single name match
name-only,9002113,キム ヨングン,東京,,11152,キム ヨングン,富山,1990-11-15,single name match
name-only,9002115,バスティアニーニ,横浜FM,,10868,バスティアニーニ,横浜FM,1982-11-09,single name match
name-only,9002116,ストヤノフ,広島,,8288,ストヤノフ,岡山,1977-01-20,single name match
name-only,9002118,岡崎 慎司,清水,,8136,岡崎 慎司,清水,1986-04-16,single name match
name-only,9002119,ヨンセン,清水,,9048,ヨンセン,清水,1974-03-17,single name match
name-only,9002120,森 勇介,川崎F,,5877,森 勇介,相模原,1980-07-24,single name match
name-only,9002122,レナチーニョ,川崎F,,10261,レナチーニョ,川崎Ｆ,1987-05-14,single name match
name-only,9002126,大岩 剛,鹿島,,1155,大岩 剛,鹿島,1972-06-23,single name match
name-only,9002127,ジウトン,鹿島,,10263,ジウトン,甲府,1989-03-25,single name match
name-only,9002128,ポンテ,浦和,,8536,ポンテ,浦和,1976-11-06,single name match
name-only,9002129,チョ ジェジン,G大阪,,8049,チョ ジェジン,Ｇ大阪,1981-07-09,single name match
name-only,9002131,マギヌン,名古屋,,9034,マギヌン,名古屋,1982-03-24,single name match
name-only,9002132,杉本 恵太,名古屋,,8072,杉本 恵太,徳島,1982-06-13,single name match
name-only,9002143,アマラウ,C大阪,,10839,アマラウ,Ｃ大阪,1983-11-27,single name match
name-only,9002144,石神 直哉,C大阪,,9139,石神 直哉,北九州,1985-03-02,single name match
name-only,9002150,桒田 慎一朗,広島,,7084,桒田 慎一朗,岡山,1986-12-06,single name match
name-only,9002152,ゼ カルロス,G大阪,,10869,ゼ カルロス,Ｇ大阪,1983-04-24,team narrow-down
name-only,9002154,イ ジョンス,鹿島,,10247,イ ジョンス,鹿島,1980-01-08,single name match
name-only,9002160,ヴィトール ジュニオール,川崎F,,10234,ヴィトール ジュニオール,川崎Ｆ,1986-09-15,single name match
name-only,9002164,サヌ,浦和,,10886,サヌ,京都,1984-03-16,single name match
name-only,9002165,丁 東浩,横浜FM,,10368,ジョン ドンホ,横浜FM,1990-03-07,single name match
name-only,9002166,都築 龍太,浦和,,2939,都築 龍太,湘南,1978-04-18,single name match
name-only,9002168,佐原 秀樹,川崎F,,2175,佐原 秀樹,川崎Ｆ,1978-05-15,single name match
name-only,9002177,松田 直樹,横浜FM,,1864,松田 直樹,横浜FM,1977-03-14,single name match
name-only,9002182,林 勇介,浦和,,9722,林 勇介,岩手,1990-01-23,single name match
name-only,9002184,鈴木 修人,鹿島,,9733,鈴木 修人,北九州,1985-08-31,single name match
name-only,9003065,岡村 宜城,G大阪,,4052,岡村 宜城,Ｇ大阪,1977-03-21,single name match
name-only,9003067,鈴木 勝大,福岡,,3369,鈴木 勝大,鳥栖,1977-11-26,single name match
name-only,9003068,ペリクレス,C大阪,,4360,ペリクレス,鳥栖,1975-01-02,single name match
name-only,9003069,大石 鉄也,川崎F,,5787,大石 鉄也,川崎Ｆ,1979-11-26,single name match
name-only,9003194,皆本 勝弘,広島,,793,皆本 勝弘,広島,1972-07-02,single name match
name-only,9003195,クルーク,広島,,4251,クルーク,広島,1963-01-18,single name match
name-only,9003196,アーノルド,広島,,1840,アーノルド,広島,1963-08-03,single name match
name-only,9003197,山口 哲治,広島,,2364,山口 哲治,鳥栖,1977-09-08,single name match
name-only,9003198,笛 真人,広島,,376,笛 真人,広島,1973-02-22,single name match
name-only,9003214,バルディビエソ,横浜FM,,2120,バルディビエソ,横浜FM,1971-12-02,single name match
name-only,9003215,サリナス,横浜FM,,1617,サリナス,横浜FM,1962-09-01,single name match
name-only,9003216,ペトコビッチ,横浜FM,,4264,ペトコビッチ,横浜FM,1974-06-13,single name match
name-only,9003218,バブンスキー,G大阪,,2865,バブンスキー,Ｇ大阪,1968-05-05,single name match
name-only,9003219,クルプニ,G大阪,,2070,クルプニコビッチ,千葉,1973-08-15,single name match
name-only,9003220,勝矢 寿延,C大阪,,159,勝矢 寿延,Ｃ大阪,1961-09-02,single name match
name-only,9003221,高 正云,C大阪,,2949,高 正云,Ｃ大阪,1966-06-27,single name match
name-only,9003222,稲垣 博行,C大阪,,785,稲垣 博行,Ｃ大阪,1970-04-24,single name match
name-only,9003223,マニッチ,C大阪,,4332,マニッチ,Ｃ大阪,1972-01-16,single name match
name-only,9003224,木澤 正徳,C大阪,,55,木澤 正徳,水戸,1969-06-02,single name match
name-only,9001321,大垣 勇樹,名古屋,,23490,大垣 勇樹,岩手,2000-02-28,single name match
name-only,9003225,佐々木 崇浩,C大阪,,3314,佐々木 崇浩,Ｃ大阪,1974-09-25,single name match
name-only,9003226,ネイハイス,浦和,,4248,ネイハイス,浦和,1966-03-23,single name match
name-only,9003227,スコルテン,千葉,,4256,スコルテン,千葉,1962-12-05,single name match
name-only,9003228,江尻 篤彦,千葉,,54,江尻 篤彦,千葉,1967-07-12,single name match
name-only,9003229,白井 淳,千葉,,488,白井 淳,大宮,1966-04-18,single name match
name-only,9003230,松下 直樹,千葉,,2116,松下 直樹,千葉,1978-06-06,single name match
name-only,9003231,金 大儀,千葉,,4289,金 大儀,千葉,1974-05-30,single name match
name-only,9003233,カーリッチ,G大阪,,4260,カーリッチ,Ｇ大阪,1973-12-31,single name match
name-only,9003236,ドゥッダ,柏,,4310,ドゥッダ,柏,1974-03-15,single name match
name-only,9003237,卜部 太郎,C大阪,,2340,卜部 太郎,山形,1977-07-11,single name match
name-only,9003238,佐々木 仁,福岡,,409,佐々木 仁,湘南,1973-07-09,single name match
name-only,9003242,パブロ,福岡,,4257,パブロ,福岡,1971-01-18,team narrow-down
name-only,9003243,大熊 裕司,福岡,,500,大熊 裕司,福岡,1969-01-19,single name match
name-only,9003244,ゴイコエチェア,横浜FM,,4340,ゴイコエチェア,横浜FM,1965-10-21,single name match
name-only,9003245,白井 博幸,C大阪,,262,白井 博幸,仙台,1974-06-17,single name match
name-only,9003246,棚田 伸,柏,,503,棚田 伸,札幌,1969-07-25,single name match
name-only,9003247,大石 尚哉,広島,,1141,大石 尚哉,東京Ｖ,1972-07-07,single name match
name-only,9003248,小野 信義,G大阪,,146,小野 信義,横浜FC,1974-04-09,single name match
name-only,9003249,松原 忠明,清水,,2251,松原 忠明,東京Ｖ,1977-07-02,single name match
name-only,9003250,井上 公平,千葉,,1418,井上 公平,新潟,1978-10-05,single name match
name-only,9003255,花山 英二,G大阪,,2274,花山 英二,仙台,1977-08-21,single name match
name-only,9003257,米倉 誠,C大阪,,284,米倉 誠,Ｃ大阪,1970-12-28,single name match
name-only,9003259,大石 玲,清水,,2252,大石 玲,水戸,1977-07-13,single name match
name-only,9003260,百武 義成,C大阪,,2341,百武 義成,Ｃ大阪,1977-11-21,single name match
name-only,9003045,松島 仁,清水,,5770,松島 仁,甲府,1980-04-30,single name match
name-only,9003046,鈴木 敬之,東京,,1064,鈴木 敬之,FC東京,1973-10-04,single name match
name-only,9003047,西ヶ谷 隆之,千葉,,1316,西ヶ谷 隆之,新潟,1973-05-12,single name match
name-only,9003049,古邊 芳昇,東京,,1778,古邊 芳昇,FC東京,1970-12-09,single name match
name-only,9000269,川浪 吾郎,広島,,9296,川浪 吾郎,岡山,1991-04-30,single name match
name-only,9003097,パウロ・エンリケ,千葉,,5901,パウロ・エンリケ,仙台,1972-02-21,single name match
name-only,9003098,横山 博敏,千葉,,3645,横山 博敏,甲府,1975-05-09,single name match
name-only,9003099,長谷川 健太,清水,,249,長谷川 健太,清水,1965-09-25,single name match
name-only,9003104,神田 勝夫,横浜FM,,653,神田 勝夫,新潟,1966-06-21,single name match
name-only,9003111,ベンチーニョ,柏,,1815,ベンチーニョ,福岡,1971-12-18,single name match
name-only,9003112,ストイチコフ,柏,,4359,ストイチコフ,柏,1966-02-08,single name match
name-only,9003117,野口 幸司,名古屋,,831,野口 幸司,大宮,1970-06-05,single name match
name-only,9003118,伊藤 卓弥,C大阪,,1859,伊藤 卓弥,Ｃ大阪,1976-12-30,single name match
name-only,9003121,ペトロヴィッチ,浦和,,4270,ペトロヴィッチ,浦和,1965-11-13,single name match
name-only,9003122,トーレス,名古屋,,1876,トーレス,名古屋,1966-08-22,single name match
name-only,9003123,マスロバル,福岡,,1814,マスロバル,福岡,1967-02-20,single name match
name-only,9003125,古川 昌明,鹿島,,1,古川 昌明,鹿島,1968-08-28,single name match
name-only,9003126,伊藤 卓,名古屋,,2314,伊藤 卓,湘南,1975-09-07,single name match
name-only,9003127,渡辺 敦夫,浦和,,2924,渡辺 敦夫,浦和,1974-04-15,single name match
name-only,9003128,ベギリスタイン,浦和,,4249,ベギリスタイン,浦和,1964-08-12,single name match
name-only,9003130,堂森 勝利,C大阪,,1880,堂森 勝利,新潟,1976-06-29,single name match
name-only,9003131,大和 哲,C大阪,,1188,大和 哲,Ｃ大阪,1978-05-30,single name match
name-only,9003132,前川 和也,広島,,356,前川 和也,大分,1968-03-22,single name match
name-only,9003134,田沢 浩之,横浜FM,,1496,田沢 浩之,仙台,1978-04-29,single name match
name-only,9003135,林 晃平,G大阪,,2932,林 晃平,山形,1978-06-27,single name match
name-only,9003136,栄井 健太郎,福岡,,4050,栄井 健太郎,福岡,1975-05-19,single name match
name-only,9003139,バウベル,横浜FM,,1664,バウベル,横浜FM,1971-12-06,single name match
name-only,9003140,松本 大樹,G大阪,,2281,松本 大樹,大宮,1977-12-09,single name match
name-only,9003141,高橋 厳一,浦和,,2751,高橋 厳一,山形,1980-06-28,single name match
name-only,9003143,中嶋 譲,鹿島,,2774,中嶋 譲,鹿島,1980-07-03,single name match
name-only,9003144,三本菅 崇,浦和,,2921,三本菅 崇,甲府,1978-06-05,single name match
name-only,9003148,宮川 大輔,C大阪,,4285,宮川 大輔,北九州,1979-10-06,single name match
name-only,9003150,ヴァンチャ,千葉,,6036,ヴァンチャ,千葉,1976-09-28,single name match
name-only,9003151,ボス,千葉,,2879,ボス,千葉,1963-11-21,single name match
name-only,9003156,田草川 貴,福岡,,5762,田草川 貴,湘南,1981-02-12,single name match
name-only,9003157,タイルソン,G大阪,,6030,タイルソン,Ｇ大阪,1975-11-29,single name match
name-only,9003158,ルイジーニョ,G大阪,,6029,ルイジーニョ,Ｇ大阪,1972-02-04,single name match
name-only,9003159,ラニエリ,福岡,,6048,ラニエリ,福岡,1970-12-19,single name match
name-only,9003161,熊谷 雅彦,柏,,4297,熊谷 雅彦,熊本,1975-11-23,single name match
name-only,9003162,玄 新哲,C大阪,,2263,玄 新哲,Ｃ大阪,1973-08-06,single name match
name-only,9003164,ピクン,浦和,,6064,ピクン,浦和,1972-02-14,single name match
name-only,9003168,ヨビチェビッチ,横浜FM,,6047,ヨビチェビッチ,横浜FM,1973-11-30,single name match
name-only,9002191,下田 崇,広島,,1609,下田 崇,広島,1975-11-28,single name match
name-only,9002192,藤山 竜仁,東京,,561,藤山 竜仁,札幌,1973-06-09,single name match
name-only,9002193,ブルーノ クアドロス,東京,,8110,ブルーノ クアドロス,FC東京,1977-02-03,single name match
name-only,9002194,カボレ,東京,,9878,カボレ,FC東京,1980-02-19,single name match
name-only,9002196,李 漢宰,広島,,6417,李 漢宰,町田,1982-06-27,single name match
name-only,9002197,楽山 孝志,広島,,7257,楽山 孝志,広島,1980-08-11,single name match
name-only,9002198,バヤリッツァ,名古屋,,9731,バヤリッツァ,京都,1981-12-15,single name match
name-only,9002199,吉田 麻也,名古屋,,7876,吉田 麻也,名古屋,1988-08-24,single name match
name-only,9002200,佐藤 将也,名古屋,,9730,佐藤 将也,藤枝,1990-02-10,single name match
name-only,9002201,山口 慶,名古屋,,5992,山口 慶,千葉,1983-06-11,single name match
name-only,9002209,櫛野 亮,千葉,,2117,櫛野 亮,千葉,1979-03-03,single name match
name-only,9002210,坂本 將貴,千葉,,6129,坂本 將貴,千葉,1978-02-24,single name match
name-only,9002211,池田 昇平,千葉,,3219,池田 昇平,岐阜,1981-04-27,single name match
name-only,9002212,青木 良太,千葉,,7182,青木 良太,群馬,1984-08-19,single name match
name-only,9002213,深井 正樹,千葉,,7266,深井 正樹,相模原,1980-09-13,single name match
name-only,9002214,巻 誠一郎,千葉,,5257,巻 誠一郎,熊本,1980-08-07,single name match
name-only,9002215,松代 直樹,G大阪,,3886,松代 直樹,Ｇ大阪,1974-04-09,single name match
name-only,9002216,山崎 雅人,G大阪,,7701,山﨑 雅人,群馬,1981-12-04,single name match
name-only,9002217,フランサ,柏,,8546,フランサ,横浜FC,1976-03-02,single name match
name-only,9002218,山根 巌,柏,,1845,山根 巌,柏,1976-07-31,single name match
name-only,9002219,太田 圭輔,柏,,3222,太田 圭輔,岐阜,1981-07-23,single name match
name-only,9002224,ダニーロ,鹿島,,9141,ダニーロ,鹿島,1979-06-11,team narrow-down
name-only,9002240,斎藤 大輔,千葉,,1049,斎藤 大輔,千葉,1974-11-19,single name match
name-only,9002241,佐伯 直哉,千葉,,1455,佐伯 直哉,東京Ｖ,1977-12-18,single name match
name-only,9002242,マルコス パウロ,清水,,9599,マルコス パウロ,清水,1977-05-11,single name match
name-only,9002243,西澤 代志也,浦和,,7588,西澤 代志也,栃木SC,1987-06-13,single name match
name-only,9002246,浅利 悟,東京,,2162,浅利 悟,FC東京,1974-06-10,single name match
name-only,9002247,久保 竜彦,広島,,1844,久保 竜彦,広島,1976-06-18,single name match
name-only,9002248,永井 俊太,柏,,6377,永井 俊太,愛媛,1982-07-12,single name match
name-only,9002250,柳澤 隼,柏,,7407,柳澤 隼,鳥栖,1987-06-27,single name match
name-only,9002252,比嘉 厚平,柏,,8776,比嘉 厚平,山形,1990-04-30,single name match
name-only,9002257,赤星 貴文,浦和,,8123,赤星 貴文,山形,1986-05-27,single name match
name-only,9002258,新川 織部,名古屋,,7886,新川 織部,名古屋,1988-07-16,single name match
name-only,9002259,阿部 嵩,柏,,9165,阿部 嵩,福岡,1984-06-07,single name match
name-only,9002261,島津 虎史,千葉,,7222,島津 虎史,千葉,1978-08-20,single name match
name-only,9002263,益山 司,千葉,,9650,益山 司,岐阜,1990-01-25,single name match
name-only,9002266,山﨑 正登,柏,,8778,山﨑 正登,YS横浜,1990-05-12,single name match
name-only,9002267,掛川 誠,清水,,2320,掛川 誠,清水,1973-05-23,single name match
name-only,9002268,金沢 亮,千葉,,9117,金沢 亮,千葉,1988-10-19,single name match
name-only,9002271,広野 耕一,名古屋,,7609,広野 耕一,名古屋,1980-04-16,single name match
name-only,9002272,永畑 祐樹,清水,,9660,永畑 祐樹,鹿児島,1989-05-02,single name match
name-only,9002273,アンセウモ ハモン,柏,,10766,アンセウモ ハモン,柏,1988-06-23,single name match
name-only,9002275,近藤 徹志,浦和,,8122,近藤 徹志,富山,1986-11-04,single name match
name-only,9002278,斎藤 陽介,横浜FM,,7949,斎藤 陽介,横浜FM,1988-04-07,single name match
name-only,9002283,仙石 廉,柏,,8775,仙石 廉,鳥取,1990-10-02,single name match
name-only,9002285,ミネイロ,G大阪,,9740,ミネイロ,Ｇ大阪,1981-12-05,team narrow-down
name-only,9002286,立石 智紀,千葉,,41,立石 智紀,千葉,1974-04-22,single name match
name-only,9002287,松本 憲,千葉,,8851,松本 憲,千葉,1987-08-28,single name match
name-only,9002288,青木 孝太,千葉,,8625,青木 孝太,群馬,1987-04-27,single name match
name-only,9002289,結城 耕造,千葉,,2835,結城 耕造,広島,1979-01-23,single name match
name-only,9002290,市原 充喜,千葉,,7737,市原 充喜,千葉,1986-01-31,single name match
name-only,9002291,伊藤 淳嗣,千葉,,8618,伊藤 淳嗣,栃木SC,1983-09-24,single name match
name-only,9002293,三木 隆司,名古屋,,2068,三木 隆司,徳島,1978-07-23,single name match
name-only,9002294,藤田 俊哉,名古屋,,1646,藤田 俊哉,千葉,1971-10-04,single name match
name-only,9002295,片山 奨典,名古屋,,8694,片山 奨典,熊本,1983-09-08,single name match
name-only,9002301,ロペス,横浜FM,,8659,ロペス,横浜FM,1979-06-01,team narrow-down
name-only,9002302,ロニー,横浜FM,,9700,ロニー,Ｇ大阪,1977-04-28,single name match
name-only,9002303,山瀬 幸宏,横浜FM,,6559,山瀬 幸宏,富山,1984-04-22,single name match
name-only,9002304,内舘 秀樹,浦和,,2267,内舘 秀樹,浦和,1974-01-15,single name match
name-only,9002305,マルコス アウレリオ,清水,,9662,マルコス アウレリオ,清水,1984-02-10,single name match
name-only,9002306,山西 尊裕,清水,,1868,山西 尊裕,清水,1976-04-02,single name match
name-only,9002307,西澤 明訓,清水,,1881,西澤 明訓,Ｃ大阪,1976-06-18,single name match
name-only,9002316,茂原 岳人,柏,,5240,茂原 岳人,柏,1981-10-06,single name match
name-only,9002319,フッキ,川崎F,,8091,フッキ,東京Ｖ,1986-07-25,single name match
name-only,9002320,大橋 正博,川崎F,,3185,大橋 正博,松本,1981-06-23,single name match
name-only,9002332,渡邊 圭二,名古屋,,7288,渡邊 圭二,千葉,1985-01-28,single name match
name-only,9002333,川口 信男,東京,,3417,川口 信男,FC東京,1975-04-10,single name match
name-only,9002334,馬場 憂太,千葉,,6197,馬場 憂太,東京Ｖ,1984-01-22,single name match
name-only,9002338,森村 昂太,東京,,7817,森村 昂太,町田,1988-08-14,single name match
name-only,9002339,原田 拓,川崎F,,5265,原田 拓,熊本,1982-10-27,single name match
name-only,9002340,レイナウド,千葉,,8545,レイナウド,千葉,1979-03-14,single name match
name-only,9002341,加藤 慎也,柏,,2367,加藤 慎也,甲府,1980-09-19,single name match
name-only,9002344,岡野 雅行,浦和,,1660,岡野 雅行,鳥取,1972-07-25,single name match
name-only,9002348,フルゴビッチ,千葉,,6698,フルゴビッチ,千葉,1979-02-05,single name match
name-only,9002350,苔口 卓也,千葉,,7613,苔口 卓也,富山,1985-07-13,single name match
name-only,9002354,池上 礼一,東京,,8407,池上 礼一,岐阜,1983-07-12,single name match
name-only,9002355,大島 嵩弘,柏,,8007,大島 嵩弘,長野,1988-04-14,single name match
name-only,9002358,米山 篤志,名古屋,,1298,米山 篤志,栃木SC,1976-11-20,single name match
name-only,9002360,戸田 光洋,清水,,3401,戸田 光洋,清水,1977-09-10,single name match
name-only,9002363,戸田 和幸,千葉,,2254,戸田 和幸,町田,1977-12-30,single name match
name-only,9002368,マルシーニョ,鹿島,,10193,マルシーニョ,鹿島,1981-03-20,team narrow-down
name-only,9002369,川上 典洋,千葉,,8617,川上 典洋,相模原,1987-04-04,single name match
name-only,9002374,早川 知伸,千葉,,3420,早川 知伸,横浜FC,1977-07-11,single name match
name-only,9002376,大森 征之,名古屋,,1499,大森 征之,名古屋,1976-11-09,single name match
name-only,9002378,高桑 大二朗,横浜FM,,182,高桑 大二朗,徳島,1973-08-10,single name match
name-only,9002379,ワンチョペ,東京,,9134,ワンチョペ,FC東京,1976-07-31,single name match
name-only,9002380,木寺 浩一,広島,,667,木寺 浩一,広島,1972-04-04,single name match
name-only,9002382,マルケス,横浜FM,,7628,マルケス,横浜FM,1973-02-12,single name match
name-only,9002383,鈴木 隆行,横浜FM,,1128,鈴木 隆行,千葉,1976-06-05,single name match
name-only,9002384,マルクス,横浜FM,,4262,マルクス,横浜FM,1974-02-25,single name match
name-only,9002385,上野 良治,横浜FM,,1671,上野 良治,横浜FM,1973-04-21,single name match
name-only,9002399,落合 正幸,川崎F,,5254,落合 正幸,栃木SC,1981-07-11,single name match
name-only,9002400,西山 貴永,川崎F,,6622,西山 貴永,藤枝,1985-07-11,single name match
name-only,9002401,ファボン,鹿島,,9140,ファボン,鹿島,1976-06-15,single name match
name-only,9002402,吉澤 佑哉,鹿島,,7062,吉澤 佑哉,讃岐,1986-04-20,single name match
name-only,9002405,ネネ,浦和,,8059,ネネ,浦和,1975-06-06,single name match
name-only,9002406,酒井 友之,浦和,,1142,酒井 友之,神戸,1979-06-29,single name match
name-only,9002416,マグノ アウベス,G大阪,,7727,マグノ アウベス,Ｇ大阪,1976-01-13,single name match
name-only,9002417,實好 礼忠,G大阪,,2028,實好 礼忠,Ｇ大阪,1972-10-19,single name match
name-only,9002418,前田 雅文,G大阪,,7612,前田 雅文,群馬,1983-01-25,single name match
name-only,9002424,マルシオ アラウージョ,柏,,9197,マルシオ アラウージョ,柏,1984-06-11,single name match
name-only,9002429,ジョルジェビッチ,千葉,,9289,ジョルジェビッチ,千葉,1979-08-07,single name match
name-only,9002431,黒部 光昭,千葉,,3350,黒部 光昭,富山,1978-03-06,single name match
name-only,9002432,田中 康平,鹿島,,7705,田中 康平,仙台,1985-12-11,single name match
name-only,9002434,長谷部 誠,浦和,,6796,長谷部 誠,浦和,1984-01-18,single name match
name-only,9002442,飛弾 暁,川崎F,,7214,飛弾 暁,仙台,1984-04-18,single name match
name-only,9002444,ドゥンビア,柏,,8969,ドゥンビア,徳島,1987-12-31,single name match
name-only,9002447,吉村 光示,横浜FM,,1848,吉村 光示,岐阜,1976-04-13,single name match
name-only,9002448,佐藤 由紀彦,柏,,1208,佐藤 由紀彦,長崎,1976-05-11,single name match
name-only,9002450,平松 康平,清水,,2840,平松 康平,清水,1980-04-19,single name match
name-only,9002452,田村 祐基,広島,,6620,田村 祐基,岐阜,1985-12-31,single name match
name-only,9002454,入江 徹,G大阪,,2331,入江 徹,Ｇ大阪,1977-07-08,single name match
name-only,9002455,中山 悟志,G大阪,,5133,中山 悟志,琉球,1981-11-07,single name match
name-only,9002457,平山 智規,柏,,2330,平山 智規,柏,1978-01-09,single name match
name-only,9002458,小池 純輝,浦和,,7582,小池 純輝,東京Ｖ,1987-05-11,single name match
name-only,9002459,リチェーリ,東京,,8549,リチェーリ,山形,1987-08-06,single name match
name-only,9002466,エスクデロ,浦和,,11825,エスクデロ,浦和,1960-10-15,single name match
name-only,9002471,大道 広幸,鹿島,,7567,大道 広幸,岩手,1987-06-25,single name match
name-only,9002477,入船 和真,広島,,8083,入船 和真,徳島,1986-11-15,single name match
name-only,9002484,フランシスマール,川崎F,,9170,フランシスマール,東京Ｖ,1984-04-18,single name match
name-only,9002490,八田 康介,東京,,5916,八田 康介,福岡,1982-03-17,single name match
name-only,9002492,遊佐 克美,広島,,8299,遊佐 克美,福島,1988-08-02,single name match
name-only,9002493,スピラール,名古屋,,8690,スピラール,名古屋,1975-02-11,single name match
name-only,9002494,本田 圭佑,名古屋,,7881,本田 圭佑,名古屋,1986-06-13,single name match
name-only,9002495,金 正友,名古屋,,8697,キム ジョンウ,名古屋,1982-05-09,single name match
name-only,9002496,須藤 右介,名古屋,,6989,須藤 右介,相模原,1986-05-07,single name match
name-only,9002497,金古 聖司,名古屋,,5765,金古 聖司,鹿島,1980-05-27,single name match
name-only,9002498,筑城 和人,名古屋,,9150,筑城 和人,熊本,1984-08-14,single name match
name-only,9002503,斉藤 俊秀,清水,,2250,斉藤 俊秀,湘南,1973-04-20,single name match
name-only,9002504,久保山 由清,清水,,2104,久保山 由清,清水,1976-07-21,single name match
name-only,9002505,ササ サルセード,東京,,8531,ササ サルセード,FC東京,1981-09-06,single name match
name-only,9002511,布部 陽功,福岡,,1829,布部 陽功,福岡,1973-09-23,single name match
name-only,9002512,グラウシオ,福岡,,8300,グラウシオ,福岡,1975-11-11,single name match
name-only,9002513,宮本 亨,福岡,,6481,宮本 亨,北九州,1982-12-03,single name match
name-only,9002514,久藤 清一,福岡,,441,久藤 清一,福岡,1974-06-21,single name match
name-only,9002515,松下 裕樹,福岡,,5955,松下 裕樹,群馬,1981-12-07,single name match
name-only,9002517,川島 眞也,福岡,,2927,川島 眞也,岐阜,1978-07-20,single name match
name-only,9002518,深津 康太,名古屋,,7287,深津 康太,岩手,1984-08-10,single name match
name-only,9002519,有村 光史,名古屋,,5798,有村 光史,熊本,1976-08-25,single name match
name-only,9002520,高嵜 理貴,名古屋,,623,高嵜 理貴,名古屋,1970-07-11,single name match
name-only,9002521,秋田 豊,名古屋,,31,秋田 豊,京都,1970-08-06,single name match
name-only,9002522,高橋 良太,名古屋,,7187,高橋 良太,名古屋,1986-12-28,single name match
name-only,9002523,吉田 宗弘,C大阪,,1648,吉田 宗弘,福岡,1974-08-25,single name match
name-only,9002524,柳本 啓成,C大阪,,363,柳本 啓成,Ｃ大阪,1972-10-15,single name match
name-only,9002525,ピンゴ,C大阪,,8637,ピンゴ,Ｃ大阪,1980-05-22,single name match
name-only,9002526,森島 寛晃,C大阪,,778,森島 寛晃,Ｃ大阪,1972-04-30,single name match
name-only,9002527,宮原 裕司,C大阪,,5772,宮原 裕司,福岡,1980-07-19,single name match
name-only,9002528,柿本 倫明,C大阪,,6090,柿本 倫明,湘南,1977-10-06,single name match
name-only,9002529,長橋 康弘,川崎F,,1633,長橋 康弘,川崎Ｆ,1975-08-02,single name match
name-only,9002530,マルコン,川崎F,,8702,マルコン,川崎Ｆ,1975-03-28,team narrow-down
name-only,9002539,ハース,千葉,,8286,ハース,千葉,1974-09-16,single name match
name-only,9002540,クルプニコビッチ,千葉,,2070,クルプニコビッチ,千葉,1973-08-15,single name match
name-only,9002541,要田 勇一,千葉,,2362,要田 勇一,千葉,1977-06-25,single name match
name-only,9002542,ジニーニョ,広島,,8085,ジニーニョ,広島,1975-07-23,single name match
name-only,9002543,ベット,広島,,7303,ベット,広島,1975-01-07,team narrow-down
name-only,9002544,上野 優作,広島,,1319,上野 優作,広島,1973-11-01,single name match
name-only,9002545,大木 勉,広島,,2102,大木 勉,愛媛,1976-02-23,single name match
name-only,9002546,アレックス ミネイロ,鹿島,,8156,アレックス ミネイロ,鹿島,1975-03-15,single name match
name-only,9002547,マグロン,横浜FM,,8533,マグロン,横浜FM,1978-12-20,team narrow-down
name-only,9002557,前田 和也,東京,,6811,前田 和也,山形,1984-01-08,single name match
name-only,9002558,本田 泰人,鹿島,,6,本田 泰人,鹿島,1969-06-25,single name match
name-only,9002559,今野 章,川崎F,,1927,今野 章,川崎Ｆ,1974-09-12,single name match
name-only,9002560,山形 恭平,福岡,,5917,山形 恭平,福岡,1981-09-07,single name match
name-only,9002565,長野 聡,福岡,,8095,長野 聡,北九州,1982-08-02,single name match
name-only,9002567,林 祐征,福岡,,6821,林 祐征,北九州,1983-10-05,single name match
name-only,9002568,下川 健一,横浜FM,,38,下川 健一,横浜FM,1970-05-14,single name match
name-only,9002569,三浦 文丈,東京,,184,三浦 文丈,FC東京,1970-08-12,single name match
name-only,9002570,有光 亮太,福岡,,7404,有光 亮太,長崎,1981-04-21,single name match
name-only,9002571,後藤 裕司,横浜FM,,7702,後藤 裕司,横浜FM,1985-08-20,single name match
name-only,9002574,平林 輝良寛,名古屋,,6258,平林 輝良寛,山口,1984-06-04,single name match
name-only,9002576,鈴木 正人,C大阪,,6112,鈴木 正人,Ｃ大阪,1977-04-28,single name match
name-only,9002577,鴨川 奨,名古屋,,8145,鴨川 奨,名古屋,1983-02-07,single name match
name-only,9002578,中西 永輔,横浜FM,,57,中西 永輔,横浜FM,1973-06-23,single name match
name-only,9002579,塩川 岳人,横浜FM,,1365,塩川 岳人,徳島,1977-12-17,single name match
name-only,9002580,小澤 竜己,東京,,8634,小澤 竜己,FC東京,1988-02-06,single name match
name-only,9002582,山本 拓弥,鹿島,,7056,山本 拓弥,群馬,1986-06-22,single name match
name-only,9002583,江添 建次郎,C大阪,,7926,江添 建次郎,富山,1982-08-25,single name match
name-only,9002585,鬼木 達,川崎F,,35,鬼木 達,川崎Ｆ,1974-04-20,single name match
name-only,9002586,中里 宏司,広島,,5920,中里 宏司,湘南,1982-04-24,single name match
name-only,9002588,ファビオ サントス,鹿島,,9033,ファビオ サントス,鹿島,1985-09-16,single name match
name-only,9002591,バロン,福岡,,1369,バロン,福岡,1974-01-19,single name match
name-only,9002593,柳楽 智和,福岡,,7710,柳楽 智和,鳥取,1985-10-17,single name match
name-only,9002598,竹田 忠嗣,千葉,,7018,竹田 忠嗣,岐阜,1986-07-27,single name match
name-only,9002599,名良橋 晃,鹿島,,832,名良橋 晃,湘南,1971-11-26,single name match
name-only,9002601,アレシャンドレ,清水,,9030,アレシャンドレ,清水,1976-07-24,team narrow-down
name-only,9002603,釘﨑 康臣,福岡,,8139,釘﨑 康臣,福岡,1982-05-03,single name match
name-only,9002605,井上 渉,名古屋,,8147,井上 渉,鹿児島,1986-08-07,single name match
name-only,9002606,財津 俊一郎,清水,,8137,財津 俊一郎,湘南,1987-01-23,single name match
name-only,9002607,田中 淳也,千葉,,8494,田中 淳也,千葉,1983-04-24,single name match
name-only,9002613,アルパイ,浦和,,8024,アルパイ,浦和,1973-05-29,single name match
name-only,9002614,チェ テウク,清水,,8169,チェ テウク,清水,1981-03-13,single name match
name-only,9002615,澤登 正朗,清水,,243,澤登 正朗,清水,1970-01-12,single name match
name-only,9002616,ガウボン,広島,,8142,ガウボン,甲府,1982-07-08,single name match
name-only,9002617,アラウージョ,G大阪,,7736,アラウージョ,Ｇ大阪,1977-08-08,single name match
name-only,9002618,日野 優,G大阪,,2999,日野 優,徳島,1982-07-29,single name match
name-only,9002619,渡辺 光輝,G大阪,,1084,渡辺 光輝,横浜FC,1974-04-10,single name match
name-only,9002620,森岡 茂,G大阪,,351,森岡 茂,Ｇ大阪,1973-08-12,single name match
name-only,9002628,クレーベル,柏,,8108,クレーベル,柏,1981-06-27,team narrow-down
name-only,9002629,安永 聡太郎,柏,,1857,安永 聡太郎,柏,1976-04-20,single name match
name-only,9002630,ノグチピント エリキソン,柏,,6834,ノグチピント エリキソン,福岡,1981-01-27,single name match
name-only,9002631,山下 芳輝,柏,,2287,山下 芳輝,柏,1977-11-21,single name match
name-only,9002632,久野 智昭,川崎F,,1357,久野 智昭,川崎Ｆ,1973-09-25,single name match
name-only,9002635,横山 拓也,浦和,,7700,横山 拓也,愛媛,1985-06-29,single name match
name-only,9002636,原 信生,横浜FM,,4286,原 信生,神戸,1979-09-06,single name match
name-only,9002637,薩川 了洋,柏,,195,薩川 了洋,柏,1972-04-18,single name match
name-only,9002639,安 貞桓,横浜FM,,7208,安 貞桓,横浜FM,1976-01-27,single name match
name-only,9002640,熊林 親吾,横浜FM,,6076,熊林 親吾,秋田,1981-06-23,single name match
name-only,9002641,崔 成國,柏,,8277,チェ ソングッ,柏,1983-02-08,single name match
name-only,9002642,アリ,鹿島,,8274,アリ,鹿島,1980-11-19,single name match
name-only,9002646,松波 正信,G大阪,,453,松波 正信,Ｇ大阪,1974-11-21,single name match
name-only,9002647,相馬 直樹,川崎F,,1070,相馬 直樹,川崎Ｆ,1971-07-19,single name match
name-only,9002651,米山 大輔,C大阪,,6500,米山 大輔,Ｃ大阪,1982-06-10,single name match
name-only,9002652,迫井 深也,東京,,3423,迫井 深也,FC東京,1977-05-08,single name match
name-only,9002653,梅田 直哉,浦和,,5480,梅田 直哉,岐阜,1978-04-27,single name match
name-only,9002654,セバスティアン,名古屋,,8164,セバスティアン,札幌,1986-12-10,single name match
name-only,9002655,村松 潤,清水,,3146,村松 潤,北九州,1982-04-10,single name match
name-only,9002657,エドアルド,名古屋,,8328,エドアルド,名古屋,1986-11-12,single name match
name-only,9002659,ロジェーリオ,清水,,8269,ロジェーリオ,清水,1979-01-03,single name match
name-only,9002660,吉田 恵,広島,,1006,吉田 恵,鳥栖,1973-04-13,single name match
name-only,9002661,小林 成光,東京,,2163,小林 成光,鳥栖,1978-04-13,single name match
name-only,9002662,阿部 敏之,鹿島,,1127,阿部 敏之,鹿島,1974-08-01,single name match
name-only,9002663,中島 俊一,名古屋,,8144,中島 俊一,水戸,1982-06-16,single name match
name-only,9002664,宇野沢 祐次,柏,,5856,宇野沢 祐次,長野,1983-05-03,single name match
name-only,9002665,尾本 敬,横浜FM,,7274,尾本 敬,秋田,1984-07-21,single name match
name-only,9002666,北野 翔,横浜FM,,6439,北野 翔,神戸,1984-11-20,single name match
name-only,9002668,ポペスク,千葉,,8287,ポペスク,千葉,1973-12-25,single name match
name-only,9002673,山城 純也,C大阪,,6604,山城 純也,鳥栖,1985-06-19,single name match
name-only,9002676,ルイゾン,名古屋,,8540,ルイゾン,名古屋,1975-11-14,single name match
name-only,9002677,マリッチ,浦和,,8537,マリッチ,浦和,1973-01-28,single name match
name-only,9002682,木村 龍朗,広島,,6330,木村 龍朗,広島,1984-06-24,single name match
name-only,9002683,三木 良太,G大阪,,6650,三木 良太,岡山,1985-04-12,single name match
name-only,9002684,南 祐三,浦和,,6794,南 祐三,愛媛,1983-11-17,single name match
name-only,9002686,渡辺 毅,柏,,1897,渡辺 毅,柏,1972-09-10,single name match
name-only,9002687,下平 隆宏,柏,,394,下平 隆宏,柏,1971-12-18,single name match
name-only,9002688,小峯 隆幸,柏,,3410,小峯 隆幸,岐阜,1974-04-25,single name match
name-only,9002689,加藤 望,柏,,464,加藤 望,湘南,1969-10-07,single name match
name-only,9002690,ゼ ホベルト,柏,,7694,ゼ ホベルト,柏,1980-12-09,single name match
name-only,9002694,熊谷 浩二,鹿島,,1628,熊谷 浩二,仙台,1975-10-23,single name match
name-only,9002695,ファビオ ジュニオール,鹿島,,7729,ファビオ ジュニオール,鹿島,1977-11-22,single name match
name-only,9002697,木場 昌雄,G大阪,,341,木場 昌雄,福岡,1974-09-06,single name match
name-only,9002698,呉 章銀,東京,,6813,呉 章銀,FC東京,1985-07-24,single name match
name-only,9002701,ラデリッチ,C大阪,,7716,ラデリッチ,Ｃ大阪,1980-09-14,single name match
name-only,9002702,上村 健一,C大阪,,381,上村 健一,熊本,1974-04-22,single name match
name-only,9002703,カブラル,C大阪,,7715,カブラル,Ｃ大阪,1977-12-06,single name match
name-only,9002704,齋藤 竜,C大阪,,6793,齋藤 竜,群馬,1979-09-18,single name match
name-only,9002705,佐藤 悠介,C大阪,,2249,佐藤 悠介,栃木SC,1977-11-02,single name match
name-only,9002706,千葉 貴仁,C大阪,,7275,千葉 貴仁,Ｃ大阪,1984-11-07,single name match
name-only,9002707,御給 匠,C大阪,,6783,御給 匠,横浜FC,1983-06-11,single name match
name-only,9002708,岩本 輝雄,名古屋,,1581,岩本 輝雄,名古屋,1972-05-02,single name match
name-only,9002709,森山 泰行,名古屋,,288,森山 泰行,岐阜,1969-05-01,single name match
name-only,9002710,松浦 宏治,広島,,7231,松浦 宏治,群馬,1980-05-05,single name match
name-only,9002711,サンパイオ,広島,,1914,サンパイオ,広島,1968-03-31,single name match
name-only,9002712,眞中 靖夫,広島,,20,眞中 靖夫,横浜FC,1971-01-31,single name match
name-only,9002713,外池 大亮,広島,,1083,外池 大亮,湘南,1975-01-29,single name match
name-only,9002714,佐藤 一樹,広島,,1320,佐藤 一樹,横浜FC,1974-06-27,single name match
name-only,9002715,鈴木 隼人,清水,,3149,鈴木 隼人,甲府,1982-05-13,single name match
name-only,9002716,ジャメーリ,清水,,1621,ジャメーリ,清水,1974-07-22,single name match
name-only,9002717,真田 雅則,清水,,231,真田 雅則,清水,1968-03-06,single name match
name-only,9002718,平岡 直起,清水,,353,平岡 直起,清水,1973-05-24,single name match
name-only,9002721,ミリノビッチ,千葉,,6516,ミリノビッチ,千葉,1969-10-12,single name match
name-only,9002722,柳 想鐵,横浜FM,,5790,柳 想鐵,横浜FM,1971-10-18,single name match
name-only,9002723,羽田 敬介,C大阪,,2253,羽田 敬介,愛媛,1978-02-20,single name match
name-only,9002724,パナディッチ,名古屋,,7177,パナディッチ,名古屋,1969-03-09,single name match
name-only,9002725,根引 謙介,柏,,1463,根引 謙介,柏,1977-09-07,single name match
name-only,9002726,ロブレク,C大阪,,7717,ロブレク,Ｃ大阪,1979-09-11,single name match
name-only,9002727,千島 徹,浦和,,3052,千島 徹,愛媛,1981-05-11,single name match
name-only,9002729,高木 和正,広島,,6822,高木 和正,讃岐,1984-12-17,single name match
name-only,9002730,ケリー,東京,,6560,ケリー,FC東京,1975-04-28,single name match
name-only,9002734,大谷 昌司,鹿島,,6791,大谷 昌司,新潟,1983-04-17,single name match
name-only,9002737,田中 俊也,広島,,7234,田中 俊也,愛媛,1984-11-12,single name match
name-only,9002739,阿部 文一朗,清水,,6441,阿部 文一朗,鳥栖,1985-04-02,single name match
name-only,9002740,氏原 良二,名古屋,,3229,氏原 良二,群馬,1981-05-10,single name match
name-only,9002741,藤田 泰成,名古屋,,4536,藤田 泰成,町田,1982-01-31,single name match
name-only,9002743,中井 義樹,C大阪,,6025,中井 義樹,群馬,1983-01-04,single name match
name-only,9002744,松本 昂聡,東京,,6168,松本 昂聡,徳島,1983-09-05,single name match
name-only,9002745,マリオ,C大阪,,8046,マリオ,Ｃ大阪,1977-02-13,single name match
name-only,9002746,ミキ,C大阪,,8055,ミキ,Ｃ大阪,1977-12-07,single name match
name-only,9002747,田ノ上 信也,柏,,4384,田ノ上 信也,仙台,1980-02-05,single name match
name-only,9002749,吉田 康弘,清水,,14,吉田 康弘,岐阜,1969-07-14,single name match
name-only,9002750,大森 健作,C大阪,,1672,大森 健作,徳島,1975-11-21,single name match
name-only,9002751,パラシオス,柏,,6538,パラシオス,柏,1969-01-18,single name match
name-only,9002753,大山 俊輔,浦和,,7357,大山 俊輔,富山,1986-04-06,single name match
name-only,9002756,佐藤 浩,横浜FM,,214,佐藤 浩,横浜FM,1972-03-07,single name match
name-only,9002757,エウレル,鹿島,,4335,エウレル,鹿島,1971-03-15,single name match
name-only,9002758,長谷川 祥之,鹿島,,11,長谷川 祥之,鹿島,1969-02-11,single name match
name-only,9002759,土橋 正樹,浦和,,1929,土橋 正樹,浦和,1972-07-23,single name match
name-only,9002760,佐藤 大,柏,,393,佐藤 大,柏,1971-08-16,single name match
name-only,9002761,マルシオ,柏,,7249,マルシオ,柏,1980-11-06,single name match
name-only,9002762,古賀 琢磨,C大阪,,507,古賀 琢磨,Ｃ大阪,1969-04-30,single name match
name-only,9002763,廣長 優志,C大阪,,1602,廣長 優志,Ｃ大阪,1975-07-25,single name match
name-only,9002764,ペラック,C大阪,,7262,ペラック,Ｃ大阪,1981-04-09,single name match
name-only,9002765,ジョアン,C大阪,,6832,ジョアン,Ｃ大阪,1972-09-10,single name match
name-only,9002768,ヴァスティッチ,名古屋,,7176,ヴァスティッチ,名古屋,1969-09-29,single name match
name-only,9002769,原 竜太,名古屋,,4461,原 竜太,湘南,1981-04-19,single name match
name-only,9002774,チキアルセ,G大阪,,7247,チキアルセ,Ｇ大阪,1971-04-02,single name match
name-only,9002775,ガレアーノ,G大阪,,7248,ガレアーノ,Ｇ大阪,1972-03-28,single name match
name-only,9002786,武藤 真一,千葉,,67,武藤 真一,大分,1973-04-02,single name match
name-only,9002787,大柴 克友,千葉,,1372,大柴 克友,仙台,1973-05-10,single name match
name-only,9002788,永山 邦夫,横浜FM,,167,永山 邦夫,横浜FM,1970-09-16,single name match
name-only,9002791,伊藤 仁,C大阪,,6782,伊藤 仁,水戸,1983-05-07,single name match
name-only,9002792,アマラオ,東京,,562,アマラオ,湘南,1966-10-16,single name match
name-only,9002793,望月 重良,千葉,,2246,望月 重良,横浜FC,1973-07-09,single name match
name-only,9002796,ゼリッチ,浦和,,6869,ゼリッチ,浦和,1971-07-04,single name match
name-only,9002801,阿部 祐大朗,横浜FM,,6589,阿部 祐大朗,鳥取,1984-10-05,single name match
name-only,9002802,クラウデシール,鹿島,,7542,クラウデシール,鹿島,1975-10-15,single name match
name-only,9002805,ジュシエ,柏,,7555,ジュシエ,柏,1983-09-19,single name match
name-only,9002809,北村 隆二,名古屋,,7289,北村 隆二,松本,1981-03-15,single name match
name-only,9002810,金子 勇樹,横浜FM,,2985,金子 勇樹,札幌,1982-05-29,single name match
name-only,9002813,アクセウ,C大阪,,7634,アクセウ,Ｃ大阪,1970-01-09,single name match
name-only,9002815,本橋 卓巳,横浜FM,,6378,本橋 卓巳,栃木SC,1982-08-03,single name match
name-only,9002818,富永 英明,名古屋,,3371,富永 英明,横浜FC,1976-08-27,single name match
name-only,9002819,秋葉 竜児,名古屋,,7446,秋葉 竜児,仙台,1984-06-13,single name match
name-only,9002820,ニキフォロフ,浦和,,7648,ニキフォロフ,浦和,1970-09-16,single name match
name-only,9002827,石塚 啓次,名古屋,,148,石塚 啓次,名古屋,1974-08-26,single name match
name-only,9002830,ホベルチ,柏,,7556,ホベルチ,柏,1985-04-10,team narrow-down
name-only,9002831,野本 泰崇,鹿島,,7061,野本 泰崇,岐阜,1986-04-27,single name match
name-only,9002832,中井 昇吾,柏,,7272,中井 昇吾,水戸,1984-06-19,single name match
name-only,9002833,小林 稔,東京,,6014,小林 稔,FC東京,1976-05-14,single name match
name-only,9002834,伊藤 哲也,東京,,649,伊藤 哲也,大分,1970-10-01,single name match
name-only,9002835,小林 弘記,東京,,2296,小林 弘記,熊本,1977-05-24,single name match
name-only,9002836,山尾 光則,東京,,2247,山尾 光則,横浜FC,1973-04-13,single name match
name-only,9002841,長谷部 茂利,千葉,,1054,長谷部 茂利,千葉,1971-04-23,single name match
name-only,9002842,ムイチン,千葉,,6595,ムイチン,千葉,1970-01-14,single name match
name-only,9002843,田畑 昭宏,千葉,,2923,田畑 昭宏,札幌,1978-05-15,single name match
name-only,9002847,ナザ,横浜FM,,6756,ナザ,横浜FM,1968-12-08,team narrow-down
name-only,9002848,井原 正巳,浦和,,157,井原 正巳,浦和,1967-09-18,single name match
name-only,9002849,城定 信次,浦和,,2269,城定 信次,湘南,1977-08-28,single name match
name-only,9002850,福田 正博,浦和,,89,福田 正博,浦和,1966-12-27,single name match
name-only,9002851,池田 学,浦和,,5794,池田 学,湘南,1980-07-03,single name match
name-only,9002852,大榎 克己,清水,,241,大榎 克己,清水,1965-04-03,single name match
name-only,9002853,ペツェル,清水,,6870,ペツェル,清水,1975-03-12,single name match
name-only,9002854,横山 貴之,清水,,1883,横山 貴之,清水,1972-12-22,single name match
name-only,9002856,ビロング,広島,,6944,ビロング,広島,1973-06-16,single name match
name-only,9002857,沢田 謙太郎,広島,,396,沢田 謙太郎,広島,1970-05-15,single name match
name-only,9002858,尾﨑 勇史,広島,,518,尾﨑 勇史,広島,1969-03-24,single name match
name-only,9002859,ミロ,広島,,6943,ミロ,広島,1974-12-04,team narrow-down
name-only,9002865,マルセリーニョ,G大阪,,6786,マルセリーニョ,Ｇ大阪,1971-02-01,single name match
name-only,9002870,黄 善洪,柏,,4363,黄 善洪,柏,1968-07-14,single name match
name-only,9002872,朝比奈 伸,G大阪,,3294,朝比奈 伸,鳥栖,1976-08-20,single name match
name-only,9002873,ツビタノヴィッチ,清水,,6947,ツビタノヴィッチ,清水,1970-11-01,single name match
name-only,9002874,中村 祥朗,広島,,4272,中村 祥朗,鳥栖,1979-10-17,single name match
name-only,9002877,路木 龍次,浦和,,391,路木 龍次,大分,1973-08-25,single name match
name-only,9002878,ウリダ,名古屋,,4356,ウリダ,札幌,1974-01-19,single name match
name-only,9002879,石川 巧,名古屋,,126,石川 巧,名古屋,1970-03-10,single name match
name-only,9002881,谷川 烈,清水,,2838,谷川 烈,水戸,1980-04-25,single name match
name-only,9002883,三原 廣樹,名古屋,,2919,三原 廣樹,札幌,1978-04-20,single name match
name-only,9002886,モラフチク,千葉,,7175,モラフチク,千葉,1965-06-22,single name match
name-only,9002890,喜名 哲裕,東京,,1159,喜名 哲裕,熊本,1976-12-10,single name match
name-only,9002891,井手口 純,広島,,4280,井手口 純,徳島,1979-05-14,single name match
name-only,9002895,エジウソン,柏,,2328,エジウソン,柏,1970-09-17,team narrow-down
name-only,9002899,羽畑 公貴,G大阪,,6423,羽畑 公貴,鳥栖,1983-07-22,single name match
name-only,9002900,塩沢 達也,清水,,3147,塩沢 達也,清水,1982-11-11,single name match
name-only,9002901,エルツェッグ,広島,,7202,エルツェッグ,広島,1971-10-22,single name match
name-only,9002902,飯田 絋孝,横浜FM,,2981,飯田 絋孝,横浜FM,1982-04-29,single name match
name-only,9002903,大柴 健二,柏,,2325,大柴 健二,横浜FC,1973-11-19,single name match
name-only,9002904,阿江 孝一,G大阪,,5271,阿江 孝一,山形,1976-04-15,single name match
name-only,9002905,鳴尾 直軌,広島,,2170,鳴尾 直軌,鳥栖,1974-10-05,single name match
name-only,9002906,中村 幸聖,鹿島,,5259,中村 幸聖,新潟,1981-04-05,single name match
name-only,9002909,森 陽一,横浜FM,,5789,森 陽一,横浜FM,1980-08-01,single name match
name-only,9002913,河野 和正,C大阪,,357,河野 和正,Ｃ大阪,1970-11-07,single name match
name-only,9002914,清水 和男,C大阪,,1690,清水 和男,Ｃ大阪,1975-04-30,single name match
name-only,9002915,藏田 茂樹,C大阪,,1882,藏田 茂樹,福岡,1972-06-22,single name match
name-only,9002916,山内 貴雄,C大阪,,6498,山内 貴雄,Ｃ大阪,1978-09-04,single name match
name-only,9002917,金 都根,C大阪,,6391,金 都根,Ｃ大阪,1972-03-02,single name match
name-only,9002918,尹 晶煥,C大阪,,6083,尹 晶煥,鳥栖,1973-02-16,single name match
name-only,9002919,藤原 務,C大阪,,5784,藤原 務,福岡,1980-10-13,single name match
name-only,9002926,ストイコビッチ,名古屋,,1811,ストイコビッチ,名古屋,1965-03-03,single name match
name-only,9002927,西野 努,浦和,,97,西野 努,浦和,1971-03-13,single name match
name-only,9002929,上村 崇士,千葉,,213,上村 崇士,千葉,1973-12-02,single name match
name-only,9002931,井幡 博康,千葉,,1622,井幡 博康,千葉,1974-06-25,single name match
name-only,9002932,菅野 拓真,千葉,,3142,菅野 拓真,千葉,1980-04-05,single name match
name-only,9002933,小島 伸幸,福岡,,1580,小島 伸幸,群馬,1966-01-17,single name match
name-only,9002934,小島 光顕,福岡,,367,小島 光顕,福岡,1968-07-14,single name match
name-only,9002935,野田 知,福岡,,165,野田 知,福岡,1969-03-19,single name match
name-only,9002936,バデア,福岡,,4357,バデア,福岡,1967-06-10,single name match
name-only,9002937,江口 倫司,福岡,,2353,江口 倫司,福岡,1977-04-22,single name match
name-only,9002938,ヴィラジョンガ,福岡,,6514,ヴィラジョンガ,福岡,1970-10-08,single name match
name-only,9002939,三好 拓児,福岡,,1765,三好 拓児,鳥栖,1978-08-20,single name match
name-only,9002940,篠田 善之,福岡,,2179,篠田 善之,福岡,1971-06-18,single name match
name-only,9002941,服部 浩紀,福岡,,1624,服部 浩紀,鳥栖,1971-08-30,single name match
name-only,9002942,松原 良香,福岡,,1661,松原 良香,福岡,1974-08-19,single name match
name-only,9002943,ビタウ,G大阪,,6125,ビタウ,札幌,1976-02-29,single name match
name-only,9002944,ニーノ ブーレ,G大阪,,6400,ニーノ ブーレ,Ｇ大阪,1976-03-19,single name match
name-only,9002946,洪 明甫,柏,,4244,洪 明甫,柏,1969-02-12,single name match
name-only,9002947,ポポヴィッチ,広島,,1839,ポポヴィッチ,広島,1973-07-04,single name match
name-only,9002948,加藤 竜二,広島,,1684,加藤 竜二,熊本,1969-12-24,single name match
name-only,9002949,奥野 僚右,広島,,30,奥野 僚右,広島,1968-11-13,single name match
name-only,9002951,オリバ,清水,,1528,オリバ,清水,1971-09-26,single name match
name-only,9002952,田坂 和昭,C大阪,,1639,田坂 和昭,Ｃ大阪,1971-08-03,single name match
name-only,9002953,内藤 就行,東京,,15,内藤 就行,福岡,1967-11-09,single name match
name-only,9002954,呂比須 ワグナー,東京,,496,呂比須 ワグナー,福岡,1969-01-29,single name match
name-only,9002955,コリカ,広島,,6255,コリカ,広島,1973-03-24,single name match
name-only,9002956,ダンブリー,G大阪,,4354,ダンブリー,Ｇ大阪,1971-07-30,single name match
name-only,9002957,盧 廷潤,C大阪,,375,盧 廷潤,福岡,1971-03-28,single name match
name-only,9002959,河口 真一,福岡,,5475,河口 真一,福岡,1977-06-13,single name match
name-only,9002960,ビスコンティ,福岡,,456,ビスコンティ,鳥栖,1968-09-22,single name match
name-only,9002961,杉本 倫治,C大阪,,6082,杉本 倫治,横浜FC,1981-06-17,single name match
name-only,9002962,鏑木 享,東京,,3364,鏑木 享,新潟,1976-04-18,single name match
name-only,9002963,ドニゼッチ,浦和,,6445,ドニゼッチ,浦和,1968-02-21,team narrow-down
name-only,9002965,岩田 昌浩,名古屋,,3234,岩田 昌浩,岐阜,1981-09-23,single name match
name-only,9002966,小林 康剛,鹿島,,2772,小林 康剛,福島,1980-06-15,single name match
name-only,9002969,藤崎 義孝,福岡,,1832,藤崎 義孝,福岡,1975-05-16,single name match
name-only,9002970,塚本 秀樹,福岡,,2285,塚本 秀樹,福岡,1973-08-09,single name match
name-only,9002971,牛鼻 健,福岡,,5479,牛鼻 健,福岡,1977-09-21,single name match
name-only,9002972,リパティン,横浜FM,,6477,リパティン,横浜FM,1977-01-28,single name match
name-only,9002974,山口 武士,鹿島,,4274,山口 武士,熊本,1979-06-10,single name match
name-only,9002975,鏑木 豪,東京,,3375,鏑木 豪,水戸,1977-08-26,single name match
name-only,9002976,加賀見 健介,東京,,3968,加賀見 健介,FC東京,1974-11-21,single name match
name-only,9002977,ヘルゴビッチ,G大阪,,6698,フルゴビッチ,千葉,1979-02-05,single name match
name-only,9002978,ビアージョ,福岡,,6701,ビアージョ,福岡,1967-07-02,single name match
name-only,9002979,吉田 幸生,広島,,2761,吉田 幸生,広島,1980-04-06,single name match
name-only,9002981,金 明輝,千葉,,4619,金 明輝,鳥栖,1981-05-08,single name match
name-only,9002982,クラウジオ,C大阪,,2091,クラウジオ,Ｃ大阪,1972-03-31,single name match
name-only,9002983,越智 隼人,C大阪,,3144,越智 隼人,山形,1982-07-17,single name match
name-only,9002984,オレグ,広島,,6754,オレグ,広島,1974-09-12,single name match
name-only,9002985,スカチェンコ,広島,,6755,スカチェンコ,広島,1972-11-18,single name match
name-only,9002986,ブリット,横浜FM,,6733,ブリット,横浜FM,1977-08-04,single name match
name-only,9002988,嵜本 晋輔,G大阪,,6430,嵜本 晋輔,Ｇ大阪,1982-04-14,single name match
name-only,9002989,ワグネル,C大阪,,6775,ワグネル,Ｃ大阪,1973-12-27,team narrow-down
name-only,9002990,榎本 潤,東京,,6012,榎本 潤,FC東京,1977-05-13,single name match
name-only,9002991,富永 康博,名古屋,,5771,富永 康博,札幌,1980-05-22,single name match
name-only,9002992,吉本 岳史,名古屋,,4687,吉本 岳史,横浜FC,1978-05-13,single name match
name-only,9002993,渡辺 隆正,浦和,,5330,渡辺 隆正,浦和,1977-05-12,single name match
name-only,9002994,ホミルド,名古屋,,6200,ホミルド,名古屋,1973-10-25,single name match
name-only,9002995,小川 誠一,名古屋,,280,小川 誠一,名古屋,1970-07-21,single name match
name-only,9002998,ベンソン,千葉,,6126,ベンソン,千葉,1977-03-22,single name match
name-only,9002999,ブルカ,千葉,,6128,ブルカ,甲府,1980-03-16,single name match
name-only,9003000,西脇 良平,千葉,,2400,西脇 良平,山形,1979-08-01,single name match
name-only,9003009,古賀 聡,広島,,7,古賀 聡,広島,1970-02-12,single name match
name-only,9003010,大久保 誠,広島,,3342,大久保 誠,広島,1975-05-03,single name match
name-only,9003011,山口 敏弘,広島,,333,山口 敏弘,広島,1971-11-19,single name match
name-only,9003012,ミゲル,広島,,6204,ミゲル,広島,1973-02-26,team narrow-down
name-only,9003013,モントージャ,福岡,,6103,モントージャ,福岡,1976-10-03,single name match
name-only,9003014,浦上 壮史,川崎F,,169,浦上 壮史,川崎Ｆ,1969-02-07,single name match
name-only,9003015,ペドリーニョ,川崎F,,6072,ペドリーニョ,川崎Ｆ,1976-09-06,single name match
name-only,9003016,アルバレンガ,川崎F,,6073,アルバレンガ,川崎Ｆ,1970-08-24,single name match
name-only,9003017,マジーニョ,川崎F,,2235,マジーニョ,川崎Ｆ,1965-12-26,team narrow-down
name-only,9003018,浦田 尚希,川崎F,,1938,浦田 尚希,甲府,1974-06-27,single name match
name-only,9003019,菊池 新吉,川崎F,,113,菊池 新吉,東京Ｖ,1967-04-12,single name match
name-only,9003020,伊藤 彰,川崎F,,1934,伊藤 彰,徳島,1972-09-19,single name match
name-only,9003021,前田 信弘,清水,,1002,前田 信弘,新潟,1973-06-03,single name match
name-only,9003022,原田 武男,C大阪,,1071,原田 武男,福岡,1971-10-02,single name match
name-only,9003023,興津 大三,C大阪,,1317,興津 大三,Ｃ大阪,1974-06-15,single name match
name-only,9003028,マルドナード,横浜FM,,6205,マルドナード,横浜FM,1975-03-11,single name match
name-only,9003029,小池 知己,東京,,567,小池 知己,水戸,1974-11-10,single name match
name-only,9003030,ツゥット,東京,,4350,トゥット,湘南,1978-07-02,single name match
name-only,9003031,浅野 哲也,東京,,282,浅野 哲也,川崎Ｆ,1967-02-23,single name match
name-only,9003032,神野 卓哉,東京,,162,神野 卓哉,横浜FC,1970-06-01,single name match
name-only,9003033,飯島 寿久,名古屋,,291,飯島 寿久,福岡,1970-01-06,single name match
name-only,9003034,内田 利広,C大阪,,1154,内田 利広,Ｃ大阪,1972-08-12,single name match
name-only,9003035,原田 慎太郎,横浜FM,,5791,原田 慎太郎,徳島,1980-11-08,single name match
name-only,9003036,宮澤 浩,広島,,47,宮澤 浩,広島,1970-11-22,single name match
name-only,9003037,朴 建夏,柏,,6207,朴 建夏,柏,1971-07-25,single name match
name-only,9003038,高田 栄二,川崎F,,3315,高田 栄二,川崎Ｆ,1974-10-21,single name match
name-only,9003039,桂 秀樹,川崎F,,210,桂 秀樹,川崎Ｆ,1970-03-06,single name match
name-only,9003040,ベベット,鹿島,,6174,ベベット,鹿島,1964-02-16,single name match
name-only,9003041,笹原 義巳,川崎F,,1120,笹原 義巳,鳥栖,1974-04-02,single name match
name-only,9003172,鈴木 正治,名古屋,,168,鈴木 正治,名古屋,1970-08-03,single name match
name-only,9003173,アルー,名古屋,,4296,アルー,名古屋,1975-06-19,single name match
name-only,9003186,佐野 友昭,福岡,,648,佐野 友昭,水戸,1968-04-14,single name match
name-only,9003187,石井 正忠,福岡,,13,石井 正忠,福岡,1967-02-01,single name match
name-only,9003188,岩井 厚裕,福岡,,191,岩井 厚裕,福岡,1967-01-31,single name match
name-only,9003189,横山 雄次,福岡,,502,横山 雄次,大宮,1969-07-06,single name match
name-only,9003190,オビク,福岡,,4258,オビク,福岡,1968-09-24,single name match
name-only,9003191,シルバ,柏,,4246,シルバ,柏,1975-07-19,team narrow-down
name-only,9003192,バジーリオ,柏,,4311,バジーリオ,東京Ｖ,1972-07-14,single name match
name-only,9003193,石川 健太郎,柏,,398,石川 健太郎,柏,1970-02-12,single name match
name-only,9003265,和田 雄三,清水,,2521,和田 雄三,甲府,1980-05-02,single name match
name-only,9003266,ピンタード,C大阪,,4346,ピンタード,Ｃ大阪,1965-09-17,single name match
name-only,9003269,グッドマン,広島,,4347,グッドマン,広島,1966-05-09,single name match
name-only,9003270,ボージョヴィッチ,福岡,,4351,ボージョヴィッチ,福岡,1968-06-22,single name match
name-only,9003271,デュカノヴィッチ,福岡,,4352,デュカノヴィッチ,福岡,1969-10-29,single name match
name-only,9003272,金 晃正,千葉,,4290,金 晃正,甲府,1975-11-19,single name match
name-only,9003273,河合 崇泰,C大阪,,1866,河合 崇泰,Ｃ大阪,1977-03-07,single name match
name-only,9003276,生津 将司,福岡,,2291,生津 将司,福岡,1977-05-20,single name match
name-only,9003278,田口 禎則,浦和,,360,田口 禎則,浦和,1965-09-14,single name match
name-only,9003281,秋元 雅博,広島,,2643,秋元 雅博,広島,1979-04-15,single name match
name-only,9003283,油原 丈著,C大阪,,1445,油原 丈著,Ｃ大阪,1978-01-13,single name match
name-only,9003284,ブユー,柏,,4345,ブユー,柏,1980-05-05,single name match
name-only,9003287,石田 博行,清水,,4374,石田 博行,鳥栖,1979-08-31,single name match
name-only,9003288,古賀 一成,C大阪,,920,古賀 一成,Ｃ大阪,1972-04-17,single name match
name-only,9003294,バスケス,福岡,,1717,バスケス,福岡,1965-11-23,single name match
name-only,9003295,西 政治,福岡,,2292,西 政治,甲府,1977-05-29,single name match
name-only,9003296,カラセード,福岡,,2089,カラセード,福岡,1970-04-16,single name match
name-only,9003297,ロッシ,福岡,,4237,ロッシ,福岡,1977-02-22,single name match
name-only,9003298,中込 正行,福岡,,851,中込 正行,福岡,1967-08-17,single name match
name-only,9003299,竹元 義幸,福岡,,660,竹元 義幸,鳥栖,1973-10-03,single name match
name-only,9003300,島田 貴裕,G大阪,,320,島田 貴裕,Ｇ大阪,1965-02-09,single name match
name-only,9003301,野見山 秀樹,G大阪,,1842,野見山 秀樹,Ｇ大阪,1975-04-28,single name match
name-only,9003303,伊藤 健次,名古屋,,1197,伊藤 健次,名古屋,1976-06-29,single name match
name-only,9003304,ジルマール,C大阪,,1400,ジルマール,Ｃ大阪,1959-01-13,single name match
name-only,9003305,マノエル,C大阪,,2327,マノエル,Ｃ大阪,1972-03-02,single name match
name-only,9003306,武田 亘弘,C大阪,,625,武田 亘弘,Ｃ大阪,1965-03-22,single name match
name-only,9003307,村田 一弘,C大阪,,784,村田 一弘,大分,1969-05-12,single name match
name-only,9003308,バウディール,柏,,1401,バウディール,柏,1965-10-25,single name match
name-only,9003309,伊達 倫央,柏,,508,伊達 倫央,柏,1966-08-22,single name match
name-only,9003310,ボウエン,清水,,2273,ボウエン,清水,1963-12-07,single name match
name-only,9003320,ブッフバルト,浦和,,1813,ブッフバルト,浦和,1961-01-24,single name match
name-only,9003321,ボリ,浦和,,2275,ボリ,浦和,1967-01-02,single name match
name-only,9003322,バウアー,浦和,,2096,バウアー,浦和,1969-04-16,single name match
name-only,9003323,ラデ,千葉,,2119,ラデ,千葉,1970-05-21,single name match
name-only,9003324,式田 高義,千葉,,2301,式田 高義,新潟,1977-11-25,single name match
name-only,9003325,杉山 貴之,千葉,,2277,杉山 貴之,大宮,1976-03-24,single name match
name-only,9003331,佐藤 太一,浦和,,2272,佐藤 太一,山形,1977-08-23,single name match
name-only,9003336,賀谷 英司,横浜FM,,2,賀谷 英司,仙台,1969-02-08,single name match
name-only,9003337,リエップ,福岡,,1740,リエップ,福岡,1976-02-20,single name match
name-only,9003339,礒貝 洋光,浦和,,329,礒貝 洋光,浦和,1969-04-19,single name match
name-only,9003341,ジャン,C大阪,,2081,ジャン,Ｃ大阪,1969-12-05,single name match
name-only,9003342,岩瀬 健,浦和,,1618,岩瀬 健,大宮,1975-07-08,single name match
name-only,9003348,影山 貴志,広島,,2265,影山 貴志,広島,1977-05-27,single name match
name-only,9003349,宮村 正志,福岡,,415,宮村 正志,水戸,1969-02-18,single name match
name-only,9003352,世良田 顕一,C大阪,,21,世良田 顕一,Ｃ大阪,1973-10-20,single name match
name-only,9003353,安武 亨,広島,,2638,安武 亨,広島,1978-12-20,single name match
name-only,9003355,吉成 浩司,G大阪,,1318,吉成 浩司,Ｇ大阪,1974-05-19,single name match
name-only,9003359,クラウジーニョ,C大阪,,4254,クラウジーニョ,Ｃ大阪,1967-04-19,single name match
name-only,9003366,向島 満,名古屋,,1158,向島 満,名古屋,1976-05-05,single name match
name-only,9003368,内藤 修弘,清水,,2937,内藤 修弘,清水,1978-05-25,single name match
name-only,9003370,若井 研治,広島,,1321,若井 研治,広島,1974-09-22,single name match
name-only,9003371,古島 清人,福岡,,825,古島 清人,大宮,1968-04-03,single name match
name-only,9003384,バイン,浦和,,1812,バイン,浦和,1960-09-26,single name match
name-only,9003385,太田 昌宏,浦和,,40,太田 昌宏,浦和,1970-04-28,single name match
name-only,9003386,池田 太,浦和,,96,池田 太,浦和,1970-10-04,single name match
name-only,9003387,アントニオ,柏,,2329,アントニオ,柏,1969-05-18,team narrow-down
name-only,9003388,柱谷 幸一,柏,,88,柱谷 幸一,柏,1961-03-01,single name match
name-only,9003389,菅野 賢一,柏,,1667,菅野 賢一,水戸,1971-08-08,single name match
name-only,9003390,デュリックス,名古屋,,1178,デュリックス,名古屋,1965-10-20,single name match
name-only,9003391,石川 研,名古屋,,273,石川 研,千葉,1970-02-06,single name match
name-only,9003394,川前 力也,C大阪,,838,川前 力也,水戸,1971-08-20,single name match
name-only,9003395,見崎 充洋,C大阪,,790,見崎 充洋,Ｃ大阪,1970-05-06,single name match
name-only,9003400,三渡洲 アデミール,清水,,263,三渡洲 アデミール,清水,1968-03-28,single name match
name-only,9003401,田島 宏晃,清水,,271,田島 宏晃,横浜FC,1974-06-27,single name match
name-only,9003402,松原 浩樹,清水,,2038,松原 浩樹,清水,1973-11-15,single name match
name-only,9003405,マジョール,福岡,,1774,マジョール,福岡,1965-10-05,single name match
name-only,9003406,トログリオ,福岡,,1821,トログリオ,福岡,1965-07-28,single name match
name-only,9003408,遠藤 孝弘,福岡,,602,遠藤 孝弘,福岡,1968-07-07,single name match
name-only,9003410,藤川 久孝,千葉,,279,藤川 久孝,千葉,1964-05-01,single name match
name-only,9003411,ハシェック,千葉,,1211,ハシェック,千葉,1963-09-06,single name match
name-only,9003412,ルーファー,千葉,,1894,ルーファー,千葉,1962-12-29,single name match
name-only,9003413,ハウストラ,広島,,1843,ハウストラ,広島,1967-01-18,single name match
name-only,9003414,サパタ,横浜FM,,1599,サパタ,横浜FM,1967-10-15,single name match
name-only,9003415,アコスタ,横浜FM,,2344,アコスタ,横浜FM,1966-08-23,single name match
name-only,9003416,ゴロシート,横浜FM,,2343,ゴロシート,横浜FM,1964-05-14,single name match
name-only,9003417,今藤 幸治,G大阪,,330,今藤 幸治,Ｇ大阪,1972-04-28,single name match
name-only,9003418,ムラデノビッチ,G大阪,,2284,ムラデノビッチ,Ｇ大阪,1964-09-13,single name match
name-only,9003419,スクリーニャ,G大阪,,1166,スクリーニャ,Ｇ大阪,1969-06-02,single name match
name-only,9003420,ヒルハウス,G大阪,,1167,ヒルハウス,Ｇ大阪,1963-11-05,single name match
name-only,9003422,マッサーロ,清水,,2229,マッサーロ,清水,1961-05-23,single name match
name-only,9003424,古賀 正人,横浜FM,,455,古賀 正人,鳥栖,1970-05-22,single name match
name-only,9003426,ツベイバ,G大阪,,1662,ツベイバ,Ｇ大阪,1966-09-10,single name match
name-only,9003428,後藤 太郎,千葉,,287,後藤 太郎,鳥栖,1969-12-24,single name match
name-only,9003429,ナルシーゾ,C大阪,,2346,ナルシーゾ,Ｃ大阪,1971-07-18,single name match
name-only,9003430,カレカ,柏,,1585,カレカ,柏,1960-10-05,team narrow-down
name-only,9003434,オリビエ,名古屋,,1529,オリビエ,名古屋,1970-04-03,single name match
name-only,9003435,礒田 由和,福岡,,650,礒田 由和,福岡,1965-05-27,single name match
name-only,9003436,御厨 景,横浜FM,,2305,御厨 景,仙台,1977-08-29,single name match
name-only,9003437,新村 泰彦,千葉,,61,新村 泰彦,千葉,1970-05-11,single name match
name-only,9003440,谷口 圭,名古屋,,306,谷口 圭,仙台,1974-07-15,single name match
name-only,9003442,モーゼル,鹿島,,2231,モーゼル,鹿島,1960-09-19,single name match
name-only,9003443,其田 秀太,福岡,,196,其田 秀太,福岡,1969-02-06,single name match
name-only,9003444,五十嵐 和也,千葉,,43,五十嵐 和也,千葉,1965-10-24,single name match
name-only,9003445,バエス,福岡,,2361,バエス,福岡,1973-07-31,single name match
name-only,9003447,加藤 泰明,名古屋,,1157,加藤 泰明,名古屋,1976-04-10,single name match
name-only,9003448,水原 大樹,名古屋,,274,水原 大樹,北九州,1975-01-15,single name match
name-only,9003452,北村 邦夫,G大阪,,345,北村 邦夫,Ｇ大阪,1968-08-04,single name match
name-only,9003454,中島 豪,浦和,,1824,中島 豪,福岡,1976-01-15,single name match
name-only,9003455,田中 信孝,柏,,1666,田中 信孝,仙台,1971-06-10,single name match
name-only,9003456,佐藤 康之,広島,,358,佐藤 康之,大分,1966-04-12,single name match
name-only,9003458,塚本 明正,C大阪,,795,塚本 明正,鳥栖,1969-11-22,single name match
name-only,9003459,水崎 靖,C大阪,,1693,水崎 靖,Ｃ大阪,1971-06-13,single name match
name-only,9003462,大場 健史,柏,,3,大場 健史,川崎Ｆ,1967-08-14,single name match
name-only,9003463,大石 悟司,柏,,1895,大石 悟司,柏,1972-06-26,single name match
name-only,9003464,杉本 雅央,清水,,240,杉本 雅央,清水,1967-06-26,single name match
name-only,9003468,グーガ,C大阪,,2875,グーガ,Ｃ大阪,1964-06-14,single name match
name-only,9003469,橋本 研一,鹿島,,1626,橋本 研一,横浜FM,1975-04-16,single name match
name-only,9003470,橋本 雄二,G大阪,,479,橋本 雄二,鳥栖,1970-05-13,single name match
name-only,9003471,田光 仁重,福岡,,1906,田光 仁重,福岡,1972-04-22,single name match
name-only,9003472,ニールセン,浦和,,2868,ニールセン,浦和,1968-12-28,single name match
name-only,9003474,フィゲロア,横浜FM,,2876,フィゲロア,横浜FM,1978-02-13,single name match
name-only,9003475,カルボーネ,鹿島,,2877,カルボーネ,鹿島,1974-03-17,single name match
name-only,9003476,北出 尚大,C大阪,,798,北出 尚大,Ｃ大阪,1973-05-14,single name match
name-only,9003477,加藤 豪宏,G大阪,,342,加藤 豪宏,大分,1974-07-28,single name match
name-only,9003478,島田 周輔,横浜FM,,1860,島田 周輔,新潟,1976-07-10,single name match
name-only,9003479,アレイニコフ,G大阪,,1579,アレイニコフ,Ｇ大阪,1961-11-07,single name match
name-only,9003480,プロタソフ,G大阪,,1663,プロタソフ,Ｇ大阪,1964-02-04,single name match
name-only,9003481,阪倉 裕二,名古屋,,45,阪倉 裕二,仙台,1967-06-07,single name match
name-only,9003482,小杉 敏之,名古屋,,278,小杉 敏之,仙台,1968-06-20,single name match
name-only,9003483,平山 大,名古屋,,1056,平山 大,川崎Ｆ,1972-06-03,single name match
name-only,9003484,バシリエビッチ,千葉,,1900,バシリエビッチ,千葉,1965-08-27,single name match
name-only,9003485,山本 健二,千葉,,1577,山本 健二,千葉,1965-08-28,single name match
name-only,9003486,申 在範,千葉,,71,申 在範,川崎Ｆ,1971-09-27,single name match
name-only,9003492,菊原 志郎,浦和,,129,菊原 志郎,東京Ｖ,1969-07-07,single name match
name-only,9003493,水内 猛,浦和,,112,水内 猛,仙台,1972-11-19,single name match
name-only,9003494,ロナウド,清水,,1701,ロナウド,清水,1965-06-19,single name match
name-only,9003496,朝倉 徳明,清水,,244,朝倉 徳明,札幌,1973-05-11,single name match
name-only,9003497,ネルシーニョ,柏,,493,ネルシーニョ,柏,1962-12-31,single name match
name-only,9003498,ミューレル,柏,,1885,ミューレル,柏,1966-01-31,team narrow-down
name-only,9003499,千葉 修,柏,,16,千葉 修,仙台,1968-05-22,single name match
name-only,9003500,梶野 智幸,柏,,317,梶野 智幸,柏,1960-07-11,single name match
name-only,9003501,草野 修治,柏,,221,草野 修治,仙台,1970-04-02,single name match
name-only,9003502,水沼 貴史,横浜FM,,161,水沼 貴史,横浜FM,1960-05-28,single name match
name-only,9003503,メディナベージョ,横浜FM,,1686,メディナベージョ,横浜FM,1966-04-29,single name match
name-only,9003504,風間 八宏,広島,,365,風間 八宏,広島,1961-10-16,single name match
name-only,9003505,ファンルーン,広島,,1402,ファンルーン,広島,1965-02-04,single name match
name-only,9003506,佐々木 博和,C大阪,,117,佐々木 博和,Ｃ大阪,1962-02-16,single name match
name-only,9003510,松田 和也,G大阪,,340,松田 和也,新潟,1973-08-23,single name match
name-only,9003511,ルンメニゲ,浦和,,1589,ルンメニゲ,浦和,1964-02-03,single name match
name-only,9003512,大嶽 真人,C大阪,,1694,大嶽 真人,Ｃ大阪,1971-08-31,single name match
name-only,9003513,久高 友雄,C大阪,,326,久高 友雄,Ｃ大阪,1963-03-14,single name match
name-only,9003514,パシ,名古屋,,1875,パシ,名古屋,1964-01-21,single name match
name-only,9003515,横内 昭展,広島,,377,横内 昭展,広島,1967-11-30,single name match
name-only,9003517,津島 三敏,名古屋,,309,津島 三敏,名古屋,1974-07-30,single name match
name-only,9003518,シジマール,清水,,1578,シジマール,藤枝,1962-06-13,single name match
name-only,9003519,平岡 宏章,清水,,234,平岡 宏章,新潟,1969-09-02,single name match
name-only,9003520,加藤 寿一,広島,,6087,加藤 寿一,福岡,1981-05-28,single name match
name-only,9003522,中村 洋仁,G大阪,,355,中村 洋仁,水戸,1974-05-09,single name match
name-only,9003523,ディアス,横浜FM,,457,ディアス,横浜FM,1959-08-29,single name match
name-only,9003525,青嶋 文明,清水,,247,青嶋 文明,清水,1968-07-12,single name match
name-only,9003526,水野 淳,千葉,,65,水野 淳,水戸,1974-08-07,single name match
name-only,9003527,入井 和久,柏,,12,入井 和久,仙台,1970-10-18,single name match
name-only,9003528,萩野 英明,広島,,1850,萩野 英明,広島,1973-01-20,single name match
name-only,9003530,宮澤 ミッシェル,千葉,,42,宮澤 ミッシェル,千葉,1963-07-14,single name match
name-only,9003531,マサチェッシ,横浜FM,,2154,マサチェッシ,横浜FM,1966-01-09,single name match
name-only,9003535,山田 泰寛,清水,,239,山田 泰寛,清水,1968-02-13,single name match
name-only,9003538,越後 和男,千葉,,53,越後 和男,仙台,1965-12-28,single name match
name-only,9003539,郷司 弘和,柏,,490,郷司 弘和,柏,1966-12-29,single name match
name-only,9003541,森重 達也,C大阪,,1695,森重 達也,Ｃ大阪,1971-10-21,single name match
name-only,9003544,谷 真一郎,柏,,473,谷 真一郎,柏,1968-11-13,single name match
name-only,9003547,加納 大,柏,,61710,加納 大,長野,2002-09-13,single name match
name-only,9003548,西川 慎也,横浜FM,,187,西川 慎也,福岡,1974-06-12,single name match
name-only,9003549,ベルナルド,C大阪,,2234,ベルナルド,Ｃ大阪,1965-04-20,single name match
name-only,9003550,小屋 禎,千葉,,46,小屋 禎,仙台,1970-05-24,single name match
name-only,9003551,マルコ,清水,,2237,マルコ,清水,1972-02-08,team narrow-down
name-only,9003552,山村 博土,G大阪,,354,山村 博土,Ｇ大阪,1974-07-12,single name match
name-only,9003559,竹原 欣也,千葉,,74,竹原 欣也,千葉,1974-11-16,single name match
name-only,9003560,筒井 紀章,横浜FM,,1856,筒井 紀章,徳島,1976-08-15,single name match
name-only,9003561,島 卓視,広島,,371,島 卓視,広島,1967-10-03,single name match
name-only,9003562,チェルニー,広島,,454,チェルニー,広島,1962-10-11,single name match
name-only,9003563,ﾊｰﾌﾅｰ・ﾃﾞｨﾄﾞ,名古屋,,292,ハーフナー ディド,札幌,1957-09-26,single name match
name-only,9003564,ガルサ,名古屋,,277,ガルサ,名古屋,1967-03-13,single name match
name-only,9003565,鶴田 道弘,名古屋,,283,鶴田 道弘,甲府,1968-01-04,single name match
name-only,9003566,エリベウトン,名古屋,,1601,エリベウトン,名古屋,1971-07-31,single name match
name-only,9003568,フランタ,千葉,,52,フランタ,仙台,1965-06-19,single name match
name-only,9003569,リトバルスキー,千葉,,770,リトバルスキー,仙台,1960-04-16,single name match
name-only,9003570,オッツェ,千葉,,1564,オッツェ,仙台,1965-03-25,single name match
name-only,9003572,川島 透,G大阪,,315,川島 透,Ｇ大阪,1970-06-04,single name match
name-only,9003573,小椋 哲也,G大阪,,337,小椋 哲也,京都,1970-08-26,single name match
name-only,9003574,木村 和司,横浜FM,,163,木村 和司,横浜FM,1958-07-19,single name match
name-only,9003575,保坂 信之,浦和,,151,保坂 信之,川崎Ｆ,1970-07-23,single name match
name-only,9003576,本吉 剛,浦和,,79,本吉 剛,FC東京,1967-07-26,single name match
name-only,9003583,ウエハラ,浦和,,87,上原 エドウィン,浦和,1969-07-21,single name match
name-only,9003584,斉藤 浩史,清水,,242,斉藤 浩史,仙台,1970-11-13,single name match
name-only,9003585,見田 雅之,G大阪,,346,見田 雅之,Ｇ大阪,1969-10-05,single name match
name-only,9003587,吉田 暢,千葉,,51,吉田 暢,仙台,1965-05-17,single name match
name-only,9003588,岡島 清延,浦和,,1051,岡島 清延,FC東京,1971-06-30,single name match
name-only,9003589,アンドレイ,広島,,386,アンドレイ,広島,1974-09-23,team narrow-down
name-only,9003534,川口 晃,名古屋,,378,川口 晃,名古屋,1967-01-24,single name match
name-only,9003592,安原 成泰,名古屋,,296,安原 成泰,名古屋,1968-08-09,single name match
name-only,9003593,エジーニョ,鹿島,,1711,エジーニョ,鹿島,1974-03-16,single name match
name-only,9003595,沢入 重雄,名古屋,,286,沢入 重雄,名古屋,1963-05-08,single name match
name-only,9003596,加藤 久,清水,,115,加藤 久,東京Ｖ,1956-04-24,single name match
name-only,9003597,坂口 健司,浦和,,100,坂口 健司,浦和,1975-03-05,single name match
name-only,9003598,三上 明紀,浦和,,95,三上 明紀,浦和,1969-06-12,single name match
name-only,9003599,エバートン,横浜FM,,160,エバートン,京都,1959-12-12,single name match
name-only,9003601,田中 哲也,広島,,370,田中 哲也,鳥栖,1971-07-27,single name match
name-only,9003602,松田 浩,広島,,362,松田 浩,神戸,1960-09-02,single name match
name-only,9003603,久保田 陽,G大阪,,349,久保田 陽,京都,1973-04-12,single name match
name-only,9003604,影山 雅永,千葉,,44,影山 雅永,仙台,1967-05-23,single name match
name-only,9003605,村松 幸典,浦和,,80,村松 幸典,川崎Ｆ,1969-06-13,single name match
name-only,9003606,井坂 鉄平,千葉,,66,井坂 鉄平,水戸,1974-10-23,single name match
name-only,9003608,パベル,千葉,,59,パベル,札幌,1963-10-07,single name match
name-only,9003609,ジーコ,鹿島,,10,ジーコ,鹿島,1953-03-03,single name match
name-only,9003610,浅野 薫,G大阪,,339,浅野 薫,Ｇ大阪,1973-05-19,single name match
name-only,9003612,ルル,浦和,,1610,ルル,浦和,1967-03-31,single name match
name-only,9003613,梅澤 貴史,G大阪,,348,梅澤 貴史,Ｇ大阪,1972-12-07,single name match
name-only,9003616,リネカー,名古屋,,289,リネカー,名古屋,1960-11-30,single name match
name-only,9003617,名取 篤,浦和,,81,名取 篤,浦和,1961-11-12,single name match
name-only,9003618,オルデネビッツ,千葉,,1564,オッツェ,仙台,1965-03-25,single name match
name-only,9003619,トーレ,広島,,1820,トーレ,広島,1969-09-29,single name match
name-only,9003621,ビニッチ,名古屋,,1817,ビニッチ,名古屋,1964-10-20,single name match
name-only,9003623,吉田 悟,横浜FM,,179,吉田 悟,甲府,1970-12-18,single name match
name-only,9003625,ジャウミーニャ,清水,,1825,ジャウミーニャ,清水,1970-12-09,single name match
name-only,9003626,鋤柄 昌宏,浦和,,134,鋤柄 昌宏,浦和,1966-04-02,single name match
name-only,9003628,久保 政二,名古屋,,295,久保 政二,名古屋,1973-08-21,single name match
name-only,9003632,秋田 英義,名古屋,,307,秋田 英義,岐阜,1974-07-23,single name match
name-only,9003635,八十 祐治,G大阪,,347,八十 祐治,新潟,1969-10-31,single name match
name-only,9003638,横川 泉,横浜FM,,170,横川 泉,横浜FM,1963-02-25,single name match
name-only,9003642,マルコ・アントニオ,清水,,237,マルコ・アントニオ,清水,1963-08-20,single name match
name-only,9003643,加藤 好男,千葉,,37,加藤 好男,千葉,1957-08-01,single name match
name-only,9003644,佐々木 雅尚,千葉,,58,佐々木 雅尚,柏,1962-06-19,single name match
name-only,9003645,牧野 景輔,千葉,,60,牧野 景輔,Ｃ大阪,1969-04-11,single name match
name-only,9003646,ピッタ,名古屋,,767,ピッタ,名古屋,1958-08-04,single name match
name-only,9003647,賈 秀全,G大阪,,318,賈 秀全,Ｇ大阪,1963-11-09,single name match
name-only,9003648,植村 晋,G大阪,,319,植村 晋,Ｇ大阪,1964-04-09,single name match
name-only,9003649,リナルド,G大阪,,766,リナルド,Ｇ大阪,1964-10-31,single name match
name-only,9003650,草木 克洋,G大阪,,325,草木 克洋,京都,1962-04-12,single name match
name-only,9003651,田中 真二,浦和,,77,田中 真二,京都,1960-09-25,single name match
name-only,9003652,トリビソンノ,浦和,,78,トリビソンノ,浦和,1966-06-08,single name match
name-only,9003653,モラレス,浦和,,84,モラレス,浦和,1966-10-09,single name match
name-only,9003654,フェレイラ,浦和,,462,フェレイラ,浦和,1964-02-24,team narrow-down
name-only,9003655,巻田 清一,浦和,,86,巻田 清一,水戸,1968-07-11,single name match
name-only,9003656,河野 真一,浦和,,91,河野 真一,神戸,1969-11-05,single name match
name-only,9003657,吉田 安孝,広島,,359,吉田 安孝,広島,1966-11-22,single name match
name-only,9003658,松本 安司,浦和,,109,松本 安司,福岡,1969-06-17,single name match
name-only,9003659,財前 恵一,横浜FM,,175,財前 恵一,札幌,1968-06-17,single name match
name-only,9003661,肥塚 一晃,G大阪,,328,肥塚 一晃,京都,1967-02-10,single name match
name-only,9003662,フォンデルブルグ,広島,,361,フォンデルブルグ,広島,1964-07-31,single name match
name-only,9003663,島村 征志,名古屋,,290,島村 征志,名古屋,1971-06-03,single name match
name-only,9003664,高橋 真一郎,広島,,374,高橋 真一郎,広島,1957-10-27,single name match
name-only,9003666,二宮 浩,浦和,,90,二宮 浩,水戸,1969-04-11,single name match
name-only,9003667,菅野 将晃,千葉,,49,菅野 将晃,京都,1960-08-15,single name match
name-only,9003668,森川 徹,G大阪,,322,森川 徹,京都,1966-06-29,single name match
name-only,9003671,須田 芳正,浦和,,108,須田 芳正,甲府,1967-08-22,single name match
name-only,9003672,佐藤 英二,浦和,,102,佐藤 英二,浦和,1971-04-08,single name match
name-only,9003673,美濃部 直彦,G大阪,,321,美濃部 直彦,京都,1965-07-12,single name match
name-only,9003676,今倉 秀之,浦和,,111,今倉 秀之,浦和,1972-06-03,single name match
name-only,9003678,ゴメス,清水,,1572,ゴメス,清水,1964-09-02,single name match
name-only,9003679,山崎 真,浦和,,101,山崎 真,水戸,1970-10-31,single name match
name-only,9003681,永田 隆二,広島,,390,永田 隆二,大分,1972-03-28,single name match
name-only,9003682,メトコフ,G大阪,,1584,メトコフ,Ｇ大阪,1965-02-01,single name match
name-only,9003683,阿井 達也,横浜FM,,173,阿井 達也,甲府,1968-04-17,single name match
name-only,9003685,ラーン,浦和,,1588,ラーン,浦和,1962-05-21,single name match
name-only,9003686,ヨンソン,広島,,1600,ヨンソン,神戸,1960-05-24,single name match
name-only,9003687,岡田 竜二,清水,,270,岡田 竜二,清水,1974-09-06,single name match
name-only,9003688,京谷 和幸,千葉,,56,京谷 和幸,千葉,1971-08-13,single name match
name-only,9003689,斉木 和人,横浜FM,,185,斉木 和人,甲府,1970-08-20,single name match
name-only,9003690,マルコーン,清水,,1597,マルコーン,清水,1969-03-16,single name match
name-only,9003935,監物 拓歩,清水,,23327,監物 拓歩,清水,2000-06-02,single name match
name-only,9003936,岩尾 健琉,清水,,62998,岩尾 健琉,清水,2007-05-26,single name match
name-only,9003937,岩永 京剛,清水,,62997,岩永 京剛,清水,2007-10-22,single name match
name-only,9004009,谷田 壮志朗,千葉,,49285,谷田 壮志朗,滋賀,2005-07-10,single name match
name-only,9004010,吉田 源太郎,千葉,,45837,吉田 源太郎,FC大阪,2000-10-26,single name match
name-only,9004030,齋藤 遼太,長崎,,61670,齋藤 遼太,長崎,2002-05-23,single name match
name-only,9004031,青木 俊輔,長崎,,60384,青木 俊輔,熊本,2003-01-08,single name match
name-only,9004032,名越 一樹,長崎,,62992,名越 一樹,長崎,2007-04-13,single name match
name-only,9004033,西村 蓮音,長崎,,45716,西村 蓮音,長崎,2005-06-15,single name match
name-only,9004034,七牟禮 蒼杜,長崎,,44617,七牟禮 蒼杜,長崎,2005-10-03,single name match
name-only,9004035,ジョップ セリンサリウ,長崎,,48992,ジョップ セリンサリウ,長崎,2003-06-30,single name match
name-only,9004036,鷹啄 トラビス,水戸,,61768,鷹啄 トラビス,Ｃ大阪,2001-09-17,single name match
name-only,9004037,前田 椋介,水戸,,37292,前田 椋介,愛媛,1998-03-02,single name match
name-only,9004038,沖田 空,水戸,,54858,沖田 空,相模原,2002-09-05,single name match
name-only,9004039,野瀬 龍世,水戸,,44304,野瀬 龍世,FC大阪,2000-02-08,single name match
name-only,9004040,松山 健太,水戸,,37954,松山 健太,福岡,1998-11-17,single name match
name-only,9004041,齋藤 俊輔,水戸,,54795,齋藤 俊輔,水戸,2005-04-26,single name match
name-only,9004042,杉浦 文哉,水戸,,19377,杉浦 文哉,八戸,1999-09-23,single name match
name-only,9004043,碇 明日麻,水戸,,52116,碇 明日麻,水戸,2005-07-27,single name match
name-only,9004044,森村 俊太,水戸,,61975,森村 俊太,FC大阪,2003-04-09,single name match
name-only,9004045,内田 優晟,水戸,,39356,内田 優晟,高知,2004-11-19,single name match
name-only,9004241,飯泉 涼矢,水戸,,37619,飯泉 涼矢,秋田,1995-12-28,single name match
name-only,9004242,尾野 優日,水戸,,54791,尾野 優日,水戸,2005-11-26,single name match
name-only,9004243,村田 航一,水戸,,32305,村田 航一,金沢,1996-09-06,single name match
name-only,9004244,嵯峨 康太,水戸,,61784,嵯峨 康太,水戸,2003-10-06,single name match
name-only,9004267,上林 豪,C大阪,,32493,上林 豪,松本,2002-08-18,single name match
name-only,9004269,桒田 大誠,柏,,51641,桒田 大誠,いわき,2002-08-26,single name match
name-only,9004270,加茂 結斗,柏,,66917,加茂 結斗,柏,2008-10-18,single name match
name-only,9004272,加藤 海輝,横浜FM,,69818,加藤 海輝,横浜FM,2008-02-25,single name match
name-only,9004274,橋本 真人,浦和,,9723,橋本 真人,岩手,1989-10-12,single name match
name-only,9004278,平木 良樹,名古屋,,10351,平木 良樹,秋田,1986-10-17,single name match
name-only,9004282,エウチーニョ,横浜FM,,9157,エウチーニョ,横浜FM,1987-07-07,single name match
name-only,9004286,本田 真吾,福岡,,8615,本田 真吾,金沢,1987-11-23,single name match
name-only,9004287,岡本 竜之介,G大阪,,7282,岡本 竜之介,徳島,1984-10-09,single name match
name-only,9004290,新井 翔太,浦和,,6931,新井 翔太,愛媛,1985-04-07,single name match
name-only,9004293,金 位漫,千葉,,5294,金 位漫,徳島,1979-06-23,single name match
name-only,9004294,小山 拓土,千葉,,6512,小山 拓土,徳島,1982-12-27,single name match
name-only,9004295,諏訪園 一吉,東京,,6475,諏訪園 一吉,FC東京,1983-03-04,single name match
name-only,9004296,薮崎 真哉,柏,,1645,薮崎 真哉,柏,1978-06-01,single name match
name-only,9004299,河野 淳吾,広島,,6415,河野 淳吾,徳島,1982-07-09,single name match
name-only,9004300,西村 英樹,広島,,5811,西村 英樹,広島,1983-04-15,single name match
name-only,9004302,本間 幸司,水戸,,2270,本間 幸司,水戸,1977-04-27,single name match
name-only,9004303,鳥羽 俊正,水戸,,3418,鳥羽 俊正,水戸,1975-07-16,single name match
name-only,9004304,河村 優,水戸,,5773,河村 優,札幌,1980-12-01,single name match
name-only,9004305,林 一章,水戸,,6022,林 一章,水戸,1976-07-29,single name match
name-only,9004306,竹谷 睦,水戸,,3372,竹谷 睦,水戸,1977-07-27,single name match
name-only,9004307,小野 隆儀,水戸,,5333,小野 隆儀,水戸,1978-04-30,single name match
name-only,9004351,小川 雅己,水戸,,1625,小川 雅己,群馬,1975-04-03,single name match
name-only,9004352,北島 義生,水戸,,2128,北島 義生,湘南,1975-10-29,single name match
name-only,9004353,高須 洋平,水戸,,3034,高須 洋平,群馬,1981-09-06,single name match
name-only,9004354,上園 和明,水戸,,6031,上園 和明,富山,1981-11-28,single name match
name-only,9004372,小島 徹,川崎F,,4283,小島 徹,山形,1976-02-22,single name match
name-only,9004373,アイルトン,川崎F,,6719,アイルトン,川崎Ｆ,1980-02-27,team narrow-down
name-only,9004383,籾谷 真弘,C大阪,,3071,籾谷 真弘,群馬,1981-06-02,single name match
name-only,9004399,新田 大介,福岡,,4556,新田 大介,福岡,1980-05-11,single name match
name-only,9004407,井本 喬士,水戸,,6067,井本 喬士,水戸,1976-09-29,single name match
name-only,9004408,金口 望,水戸,,6158,金口 望,水戸,1981-09-08,single name match
name-only,9004409,山村 泰弘,水戸,,5873,山村 泰弘,水戸,1976-08-18,single name match
name-only,9004410,北川 佳男,水戸,,6097,北川 佳男,熊本,1978-08-21,single name match
name-only,9004411,村田 教生,水戸,,4341,村田 教生,水戸,1976-02-07,single name match
name-only,9004412,大谷 武大,水戸,,6070,大谷 武大,水戸,1980-12-06,single name match
name-only,9004413,西川 周吾,水戸,,3404,西川 周吾,水戸,1977-05-27,single name match
name-only,9004414,南 光太,水戸,,5594,南 光太,水戸,1979-05-01,single name match
name-only,9004415,磯野 修久,水戸,,176,磯野 修久,水戸,1974-01-08,single name match
name-only,9004416,山田 祥史,福岡,,6209,山田 祥史,福岡,1981-11-04,single name match
name-only,9004456,川元 正英,川崎F,,1772,川元 正英,川崎Ｆ,1971-06-21,single name match
name-only,9004457,ペッサリ,川崎F,,2118,ペッサリ,川崎Ｆ,1969-04-07,single name match
name-only,9004459,江田 広,川崎F,,1358,江田 広,川崎Ｆ,1977-04-15,single name match
name-only,9004460,吉崎 雄亮,清水,,3221,吉崎 雄亮,甲府,1981-06-12,single name match
name-only,9004477,森崎 嘉之,千葉,,1890,森崎 嘉之,水戸,1976-04-20,single name match
name-only,9005139,桑原 晃大,千葉,,48391,桑原 晃大,千葉,2004-07-15,single name match
name-only,9005140,リカルド ロペス,千葉,,49299,リカルド ロペス,千葉,1990-10-28,single name match
name-only,9004428,新條 宏喜,東京,,1057,新條 宏喜,FC東京,1973-04-28,single name match
name-only,9004429,ジェニウソン,川崎F,,5874,ジェニウソン,川崎Ｆ,1971-12-01,single name match
name-only,9004430,ティンガ,川崎F,,5875,ティンガ,川崎Ｆ,1978-01-13,single name match
name-only,9004452,檜山 勇樹,C大阪,,5786,檜山 勇樹,Ｃ大阪,1980-11-11,single name match
name-only,9004454,奥原 崇,東京,,1052,奥原 崇,FC東京,1972-07-31,single name match
name-only,9004480,飯田 正吾,柏,,492,飯田 正吾,柏,1967-04-18,single name match
name-only,9004481,モウラ,C大阪,,1715,モウラ,Ｃ大阪,1964-08-17,single name match
name-only,9004488,大橋 昭好,柏,,505,大橋 昭好,柏,1962-12-11,single name match
name-only,9004490,星野 晋吾,柏,,494,星野 晋吾,柏,1964-03-14,single name match
name-only,9004495,安部 雄一,柏,,469,安部 雄一,柏,1969-04-05,single name match
name-only,9004496,平田 圭,千葉,,70,平田 圭,千葉,1969-09-09,single name match
name-only,9004499,上野 展裕,広島,,372,上野 展裕,広島,1965-08-26,single name match
name-only,9004500,ミルトン,鹿島,,11820,ミルトン,鹿島,1957-08-01,team narrow-down
name-only,9004505,清野 乙彦,名古屋,,1642,清野 乙彦,名古屋,1973-04-23,single name match
name-only,9004506,ランジェ,G大阪,,11823,ランジェ,Ｇ大阪,1966-12-18,single name match
name-only,9004508,梶居 勝志,G大阪,,11824,梶居 勝志,Ｇ大阪,1963-07-11,single name match
name-only,9004509,ベーリック,広島,,11821,ベーリック,広島,1962-03-08,single name match
name-only,9004512,佐々木 善,浦和,,11828,佐々木 善,浦和,1966-05-19,single name match
name-only,9004513,中里 晃一,浦和,,1230,中里 晃一,浦和,1973-08-31,single name match
name-only,9004552,佐々木 翔悟,千葉,,32306,佐々木 翔悟,Ｇ大阪,2000-07-25,single name match
name-only,9004553,矢口 駿太郎,千葉,,45159,矢口 駿太郎,千葉,2004-09-14,single name match
name-only,9004554,小森 飛絢,千葉,,49306,小森 飛絢,浦和,2000-08-06,single name match
name-only,9004555,新明 龍太,千葉,,48390,新明 龍太,千葉,2004-05-01,single name match
name-only,9004568,井川 空,岡山,,23381,井川 空,岐阜,2000-01-15,single name match
name-only,9004569,髙橋 諒,岡山,,18989,髙橋 諒,岡山,1993-07-16,single name match
name-only,9004570,三木 ヴィトル,岡山,,45648,三木 ヴィトル,岡山,2005-09-05,single name match
name-only,9004571,南 稜大,岡山,,45658,南 稜大,岡山,2006-07-21,single name match
name-only,9004609,瀬畠 義成,長崎,,49620,瀬畠 義成,群馬,2001-01-19,single name match
name-only,9004610,五月田 星矢,長崎,,32485,五月田 星矢,宮崎,2002-04-18,single name match
name-only,9004611,松澤 海斗,長崎,,49768,松澤 海斗,長崎,2001-02-05,single name match
name-only,9004761,モヨ マルコム強志,長崎,,50490,モヨ マルコム強志,徳島,2001-06-03,single name match
name-only,9004762,白井 陽貴,長崎,,45180,白井 陽貴,八戸,2000-10-05,single name match
name-only,9004773,藤田 成充,岡山,,45654,藤田 成充,岡山,2006-06-08,single name match
name-only,9004774,磯本 蒼羽,岡山,,45659,磯本 蒼羽,岡山,2006-07-25,single name match
name-only,9004783,森重 陽介,清水,,49669,森重 陽介,清水,2004-04-05,single name match
name-only,9004784,安藤 阿雄依,清水,,38108,安藤 阿雄依,清水,2005-01-04,single name match
name-only,9004788,今野 息吹,G大阪,,49316,今野 息吹,いわき,2001-05-10,single name match
name-only,9004789,古河 幹太,G大阪,,58720,古河 幹太,Ｇ大阪,2006-11-16,single name match
name-only,9004812,安部 大晴,長崎,,37832,安部 大晴,長崎,2004-06-07,single name match
name-only,9004813,中野 裕唯,東京,,60419,中野 裕唯,FC東京,2006-06-09,single name match
name-only,9004814,浅田 琉偉,東京,,60418,浅田 琉偉,FC東京,2006-12-13,single name match
name-only,9004820,ホセ カラバリ,名古屋,,61042,ホセ カラバリ,名古屋,1997-05-19,single name match
name-only,9004825,落合 毅人,清水,,48701,落合 毅人,清水,2000-04-27,single name match
name-only,9004827,太田 成美,清水,,38121,太田 成美,清水,2005-09-22,single name match
name-only,9004828,矢田 龍之介,清水,,45208,矢田 龍之介,清水,2006-09-30,single name match
name-only,9004831,田中 侍賢,清水,,38125,田中 侍賢,清水,2005-04-28,single name match
name-only,9004832,長田 涼平,名古屋,,38940,長田 涼平,名古屋,2005-09-07,single name match
name-only,9004833,西村 活輝,福岡,,44190,西村 活輝,福岡,2005-04-25,single name match
name-only,9004834,池田 春汰,横浜FM,,44212,池田 春汰,横浜FM,2005-04-03,single name match
name-only,9004835,畑野 優真,横浜FM,,44213,畑野 優真,横浜FM,2005-05-12,single name match
name-only,9004838,大田 湊真,名古屋,,38938,大田 湊真,名古屋,2005-07-01,single name match
name-only,9004839,内田 康介,名古屋,,38937,内田 康介,名古屋,2005-07-25,single name match
name-only,9004842,大嶽 拓馬,柏,,37844,大嶽 拓馬,愛媛,2002-08-08,single name match
name-only,9004845,松本 愛己,東京,,45139,松本 愛己,FC東京,2004-05-03,single name match
name-only,9004846,生地 慶多,東京,,45140,生地 慶多,FC東京,2004-08-05,single name match
name-only,9004850,川合 陽,C大阪,,45181,川合 陽,Ｃ大阪,2004-04-23,single name match
name-only,9004851,シン ウォノ,G大阪,,37651,シン ウォノ,Ｇ大阪,2001-05-19,single name match
name-only,9004852,宇水 聖凌,名古屋,,38961,宇水 聖凌,名古屋,2004-06-17,single name match
name-only,9004854,桑原 海人,福岡,,29413,桑原 海人,山口,2000-10-05,single name match
name-only,9004856,南 拓都,横浜FM,,38012,南 拓都,滋賀,2002-05-09,single name match
name-only,9004858,平井 駿助,横浜FM,,37802,平井 駿助,滋賀,2002-09-07,single name match
name-only,9004859,森田 翔,東京,,32714,森田 翔,FC東京,2003-07-06,single name match
name-only,9004865,伊藤 研太,清水,,23328,伊藤 研太,清水,1999-05-12,single name match
name-only,9004870,タビナス ジェファーソン,G大阪,,23218,タビナス ジェファーソン,水戸,1998-08-07,single name match
name-only,9004871,イ サンミン,長崎,,32367,イ サンミン,長崎,1998-01-01,single name match
name-only,9004875,ナッタウット,東京,,32442,ナッタウット,FC東京,1997-11-06,single name match
name-only,9004877,イ ジョンホ,長崎,,32366,イ ジョンホ,長崎,1992-02-24,single name match
name-only,9004885,ジャキット,東京,,23505,ジャキット,FC東京,1997-01-26,single name match
name-only,9004886,鈴木 喜丈,東京,,19436,鈴木 喜丈,岡山,1998-07-06,single name match
name-only,9004888,北谷 史孝,長崎,,11994,北谷 史孝,甲府,1995-08-18,single name match
name-only,9004890,梶山 幹太,名古屋,,19341,梶山 幹太,相模原,1998-04-24,single name match
name-only,9004891,本多 琢人,長崎,,29349,本多 琢人,長崎,1995-05-28,single name match
name-only,9004893,堀 研太,横浜FM,,19549,堀 研太,藤枝,1999-04-09,single name match
name-only,9004898,山本 廉,長崎,,29403,山本 廉,長崎,2001-01-15,team narrow-down
name-only,9004901,高橋 亮,東京,,29407,高橋 亮,FC東京,2000-07-11,single name match
name-only,9004902,大城 螢,浦和,,29395,大城 蛍,鳥取,2000-09-16,single name match
name-only,9004906,白土 大貴,浦和,,29449,白土 大貴,浦和,2000-08-21,single name match
name-only,9004909,新関 成弥,清水,,23339,新関 成弥,清水,1999-04-28,single name match
name-only,9004913,鈴木 魁人,清水,,23335,鈴木 魁人,岩手,1999-08-16,single name match
name-only,9004921,佐多 秀哉,横浜FM,,19491,佐多 秀哉,横浜FM,1998-07-21,single name match
name-only,9004922,小泉 勇人,鹿島,,11445,小泉 勇人,甲府,1995-09-14,single name match
name-only,9004924,イリッチ,浦和,,19189,イリッチ,浦和,1983-02-06,single name match
name-only,9004934,エブソン,G大阪,,12027,エブソン,讃岐,1990-12-09,single name match
name-only,9004935,高木 彰人,G大阪,,12117,髙木 彰人,相模原,1997-08-04,single name match
name-only,9005146,レオナルド ブローダーセン,水戸,,49298,レオナルド ブローダーセン,水戸,2003-05-17,single name match
name-only,9005330,ルアン,長崎,,37632,ルアン,長崎,1990-08-11,single name match
name-only,9005337,牲川 歩見,水戸,,11241,牲川 歩見,浦和,1994-05-12,single name match
name-only,9005342,上門 知樹,岡山,,19183,上門 知樹,Ｃ大阪,1997-04-27,single name match
name-only,9005351,イ ヨンジェ,岡山,,12152,イ ヨンジェ,岐阜,1991-06-08,single name match
name-only,9005373,ウェリントン ハット,長崎,,41101,ウェリントン ハット,長崎,1992-06-18,single name match
name-only,9005379,渡邉 柊斗,水戸,,31512,渡邉 柊斗,水戸,1997-01-28,single name match
name-only,9005381,中里 崇宏,水戸,,10906,中里 崇宏,YS横浜,1990-03-29,single name match
name-only,9005383,ブレネー マルロス,岡山,,44310,ブレネー マルロス,岡山,1994-03-01,single name match
name-only,9005385,椎名 一馬,岡山,,10313,椎名 一馬,岡山,1986-08-26,single name match
name-only,9005393,三村 真,岡山,,10939,三村 真,宮崎,1989-03-30,single name match
name-only,9005394,ユ ヨンヒョン,岡山,,32402,ユ ヨンヒョン,岡山,2000-02-27,single name match
name-only,9005406,アレフ ピットブル,水戸,,37691,アレフ ピットブル,水戸,1994-08-20,single name match
name-only,9004931,嫁阪 翔太,G大阪,,12114,嫁阪 翔太,奈良,1996-10-19,single name match
name-only,9004938,宮内 龍汰,鹿島,,10585,宮内 龍汰,鹿島,1994-03-02,single name match
name-only,9004941,野崎 雅也,浦和,,10558,野崎 雅也,長野,1993-08-03,single name match
name-only,9004947,橘 章斗,清水,,10982,橘 章斗,清水,1988-10-13,single name match
name-only,9004956,横山 暁之,千葉,,37627,横山 暁之,横浜FC,1997-03-26,single name match
name-only,9004957,林 誠道,千葉,,15793,林 誠道,今治,1996-04-04,single name match
name-only,9004958,デリキ,千葉,,61711,デリキ,千葉,1997-12-02,single name match
name-only,9004980,寺沼 星文,水戸,,49318,寺沼 星文,東京Ｖ,2001-03-08,single name match
name-only,9005000,梅田 魁人,水戸,,37908,梅田 魁人,秋田,1997-05-15,single name match
name-only,9005003,ガブリエル チグロン,長崎,,70198,ガブリエル チグロン,長崎,2001-10-13,single name match
name-only,9005005,後藤田 亘輝,水戸,,39351,後藤田 亘輝,琉球,1999-05-15,single name match
name-only,9005006,田平 起也,水戸,,32737,田平 起也,水戸,2001-05-10,single name match
name-only,9005007,髙岸 憲伸,水戸,,44309,髙岸 憲伸,水戸,1999-06-29,single name match
name-only,9005008,得能 草生,水戸,,49440,得能 草生,高知,2001-11-07,single name match
name-only,9005010,ルーカス ブラガ,清水,,55402,ルーカス ブラガ,清水,1996-11-10,single name match
name-only,9005019,中山 開帆,水戸,,15835,中山 開帆,岐阜,1993-01-11,single name match
name-only,9005021,佐久間 太一,千葉,,45054,佐久間 太一,千葉,2003-06-12,single name match
name-only,9005022,早川 隼平,岡山,,39635,早川 隼平,浦和,2005-12-05,single name match
name-only,9005024,アブドゥル アジズ ヤクブ,清水,,60460,アブドゥル アジズ ヤクブ,清水,1998-11-10,single name match
name-only,9005028,加藤 拓己,清水,,38103,加藤 拓己,松本,1999-07-16,single name match
name-only,9005033,鍬先 祐弥,長崎,,37932,鍬先 祐弥,神戸,1998-05-15,single name match
name-only,9005034,宮城 天,長崎,,32722,宮城 天,川崎Ｆ,2001-06-02,single name match
name-only,9005035,末吉 塁,千葉,,31513,末吉 塁,岡山,1996-07-26,single name match
name-only,9005037,山田 大樹,岡山,,29373,山田 大樹,鹿島,2002-01-08,single name match
name-only,9005038,ステファン ムーク,岡山,,45186,ステファン ムーク,岡山,1995-10-12,single name match
name-only,9005039,佐野 航大,岡山,,44984,佐野 航大,岡山,2003-09-25,single name match
name-only,9005040,ハン イグォン,岡山,,44987,ハン イグォン,岡山,1994-06-30,single name match
name-only,9005052,クレイソン,長崎,,48983,クレイソン,長崎,1995-03-19,single name match
name-only,9005055,福元 友哉,岡山,,29243,福元 友哉,岡山,1999-07-17,single name match
name-only,9005058,山田 恭也,岡山,,29512,山田 恭也,岡山,2001-07-29,single name match
name-only,9005063,松田 隼風,水戸,,44638,松田 隼風,水戸,2003-10-02,single name match
name-only,9005064,田辺 陽太,水戸,,37837,田辺 陽太,高知,2002-05-15,single name match
name-only,9005083,東 胡次郎,千葉,,52193,東 胡次郎,千葉,2005-05-20,single name match
name-only,9005085,サウダーニャ,千葉,,38007,サウダーニャ,千葉,1999-08-18,single name match
name-only,9005092,梅田 透吾,岡山,,23341,梅田 透吾,清水,2000-07-23,single name match
name-only,9005093,野口 竜彦,岡山,,29559,野口 竜彦,富山,1997-11-20,single name match
name-only,9005099,篠原 友哉,千葉,,45128,篠原 友哉,千葉,1999-04-20,single name match
name-only,9005102,廣木 雄磨,岡山,,9846,廣木 雄磨,岡山,1992-07-23,single name match
name-only,9005103,三國 スティビアエブス,水戸,,37814,三國 スティビアエブス,岐阜,1998-05-31,single name match
name-only,9005118,チアゴ デ レオンソ,千葉,,45703,チアゴ デ レオンソ,千葉,1992-11-11,single name match
name-only,9005119,ダニエル アウベス,千葉,,45055,ダニエル アウベス,千葉,2002-01-04,single name match
name-only,9005123,疋田 優人,岡山,,37918,疋田 優人,愛媛,1998-04-07,single name match
name-only,9005125,関戸 健二,岡山,,11138,関戸 健二,岡山,1990-01-07,single name match
name-only,9005408,平田 海斗,水戸,,32745,平田 海斗,水戸,2001-07-25,single name match
name-only,9005410,チェ ジョンウォン,岡山,,29239,チェ ジョンウォン,岡山,1995-08-16,single name match
name-only,9005432,レオ ミネイロ,岡山,,15858,レオ ミネイロ,今治,1990-03-10,single name match
name-only,9005446,ウォン ドゥジェ,福岡,,23486,ウォン ドゥジェ,福岡,1997-11-18,single name match
name-only,9005447,喜田 陽,福岡,,23273,喜田 陽,Ｃ大阪,2000-07-04,single name match
name-only,9005449,エベルト,千葉,,29338,エベルト,千葉,1991-05-23,single name match
name-only,9005450,茶島 雄介,千葉,,9322,茶島 雄介,広島,1991-07-20,single name match
name-only,9005454,武田 拓真,岡山,,29242,武田 拓真,岩手,1995-10-12,single name match
name-only,9005458,吉村 銀河,福岡,,32497,吉村 銀河,福岡,2001-06-10,single name match
name-only,9005459,フェリクス ミコルタ,福岡,,32496,フェリクス ミコルタ,福岡,1989-11-30,single name match
name-only,9005491,宮本 拓弥,水戸,,19327,宮本 拓弥,八戸,1993-05-21,single name match
name-only,9005495,ベラスケス,千葉,,32377,ベラスケス,千葉,1997-04-04,single name match
name-only,9005501,本田 功輝,千葉,,29321,本田 功輝,千葉,2000-03-08,single name match
name-only,9005504,トゥーリオ デ メロ,福岡,,29364,トゥーリオ デ メロ,福岡,1985-01-31,single name match
name-only,9005510,ラリベイ,千葉,,23244,ラリベイ,千葉,1984-08-20,single name match
name-only,9005519,伊藤 大介,岡山,,7508,伊藤 大介,相模原,1987-04-18,single name match
name-only,9005526,エウレー,福岡,,23527,エウレー,福岡,1995-01-04,single name match
name-only,9005530,杉山 弾斗,千葉,,29322,杉山 弾斗,讃岐,1999-05-20,single name match
name-only,9005535,澤口 雅彦,岡山,,10284,澤口 雅彦,岡山,1985-07-22,single name match
name-only,9005547,ホルヘ サリーナス,千葉,,23242,ホルヘ サリーナス,千葉,1992-05-06,single name match
name-only,9005553,古賀 太陽,福岡,,19490,古賀 太陽,柏,1998-10-28,single name match
name-only,9005557,レオミネイロ,福岡,,15858,レオ ミネイロ,今治,1990-03-10,single name match
name-only,9005561,バティスタ,水戸,,29581,ジョー,水戸,1995-05-01,single name match
name-only,9005564,久保 飛翔,岡山,,19222,久保 飛翔,岡山,1993-11-10,single name match
name-only,9005575,齊藤 隆成,水戸,,11285,齊藤 隆成,FC大阪,1994-04-30,single name match
name-only,9005577,アランダ,千葉,,19202,アランダ,千葉,1985-01-28,single name match
name-only,9005579,イ ジュヨン,千葉,,11289,イ ジュヨン,讃岐,1991-03-16,single name match
name-only,9005582,フェリペ ガルシア,名古屋,,23252,フェリペ ガルシア,名古屋,1990-11-06,single name match
name-only,9005583,久木田 紳吾,岡山,,10926,久木田 紳吾,群馬,1988-09-24,single name match
name-only,9005600,ウィリアン ポッピ,福岡,,23211,ウィリアン ポッピ,福岡,1994-04-13,single name match
name-only,9005607,シャルレス,名古屋,,23248,シャルレス,名古屋,1988-04-26,single name match
name-only,9005608,ミゲル パジャルド,長崎,,23296,ミゲル パジャルド,長崎,1986-09-05,single name match
name-only,9005612,山村 佑樹,水戸,,8924,山村 佑樹,水戸,1990-08-01,single name match
name-only,9005623,チャン ソグォン,岡山,,23259,チャン ソグォン,岡山,1989-08-11,single name match
name-only,9005625,木村 豪,水戸,,23298,木村 豪,水戸,2000-05-19,single name match
name-only,9005628,北川 滉平,長崎,,15814,北川 滉平,藤枝,1995-04-29,single name match
name-only,9005631,イム スンギョム,名古屋,,23499,イム スンギョム,大分,1995-04-26,single name match
name-only,9005632,オルシーニ,岡山,,23498,オルシーニ,岡山,1994-09-12,single name match
name-only,9005635,ルイス オヘーダ,千葉,,23524,ルイス オヘーダ,千葉,1990-03-21,single name match
name-only,9005636,林 一輝,千葉,,23534,林 一輝,千葉,1999-06-03,single name match
name-only,9005640,小野寺 達也,長崎,,10860,小野寺 達也,宮崎,1987-08-04,single name match
name-only,9005641,神崎 大輔,長崎,,9074,神崎 大輔,北九州,1985-02-02,single name match
name-only,9005644,加藤 健人,岡山,,11983,加藤 健人,群馬,1995-09-24,single name match
name-only,9005659,エウトン,千葉,,19204,エウトン,千葉,1985-08-01,single name match
name-only,9005662,久保 裕一,岡山,,7884,久保 裕一,相模原,1988-09-26,single name match
name-only,9005678,秋吉 泰佑,岡山,,15936,秋吉 泰佑,八戸,1989-04-18,single name match
name-only,9005685,趙 民宇,長崎,,11431,趙 民宇,長崎,1992-05-13,single name match
name-only,9005688,石神 幸征,水戸,,11106,石神 幸征,鳥取,1990-01-11,single name match
name-only,9005689,グエン コンフォン,水戸,,19395,グエン コンフオン,横浜FC,1995-01-21,single name match
name-only,9005699,ベサルト アブドゥラヒミ,C大阪,,19664,ベサルト アブドゥラヒミ,Ｃ大阪,1990-07-31,single name match
name-only,9005703,麦倉 捺木,水戸,,15747,麦倉 捺木,岩手,1996-05-22,single name match
name-only,9005707,王 靖斌,岡山,,19668,王 靖斌,岡山,1995-05-09,single name match
name-only,9005709,武内 大,長崎,,12131,武内 大,長崎,1992-05-31,single name match
name-only,9005718,千明 聖典,岡山,,10818,千明 聖典,相模原,1987-07-19,single name match
name-only,9005719,妹尾 隆佑,岡山,,10292,妹尾 隆佑,岡山,1986-02-20,single name match
name-only,9005733,東 浩史,長崎,,10891,東 浩史,長野,1987-05-15,single name match
name-only,9005736,山﨑 貴雅,水戸,,15740,山﨑 貴雅,水戸,1992-03-17,single name match
name-only,9005740,高 准翼,福岡,,12081,高 准翼,福岡,1995-08-21,single name match
name-only,9005746,能登 正人,千葉,,15880,能登 正人,千葉,1990-04-10,single name match
name-only,9005747,スティッペ,長崎,,11475,スティッペ,長崎,1989-08-31,single name match
name-only,9005748,岡田 明久,水戸,,11305,岡田 明久,水戸,1994-09-28,single name match
name-only,9005750,角口 大征,水戸,,15749,角口 大征,水戸,1996-07-15,single name match
name-only,9005752,小林 秀征,岡山,,11294,小林 秀征,長野,1994-06-17,single name match
name-only,9005755,マグノ クルス,C大阪,,15932,マグノ クルス,Ｃ大阪,1988-05-20,single name match
name-only,9005757,モイゼス,福岡,,15937,モイゼス,福岡,1991-03-03,single name match
name-only,9005778,真子 秀徳,岡山,,10295,真子 秀徳,岡山,1982-08-03,single name match
name-only,9005787,プノセバッチ,福岡,,11492,プノセバッチ,福岡,1987-07-09,single name match
name-only,9005788,下田 光平,長崎,,9691,下田 光平,秋田,1989-04-08,single name match
name-only,9005789,中村 祐哉,長崎,,7962,中村 祐哉,長崎,1987-06-22,single name match
name-only,9005792,金久保 彩,長崎,,10937,金久保 彩,鹿児島,1989-01-11,single name match
name-only,9005797,小澤 司,水戸,,11026,小澤 司,水戸,1988-05-08,single name match
name-only,9005799,オ チャンヒョン,福岡,,11118,オ チャンヒョン,福岡,1989-05-04,single name match
name-only,9005804,島田 祐輝,水戸,,10352,島田 祐輝,水戸,1986-11-18,single name match
name-only,9005809,小笠原 侑生,長崎,,8966,小笠原 侑生,長崎,1988-04-16,single name match
name-only,9005813,西森 正明,長崎,,9674,西森 正明,長崎,1985-03-12,single name match
name-only,9005815,ナム スンウ,千葉,,11372,ナム スンウ,千葉,1992-02-18,single name match
name-only,9005816,チョン フンソン,長崎,,11477,チョン フンソン,岩手,1994-02-22,single name match
name-only,9005823,船川 航司朗,長崎,,12069,船川 航司朗,長崎,1994-02-24,single name match
name-only,9005825,二瓶 翼,水戸,,11304,二瓶 翼,水戸,1994-09-10,single name match
name-only,9005832,金城 クリストファー達樹,福岡,,11465,金城 クリストファー達樹,琉球,1993-11-17,single name match
name-only,9005863,幡野 貴紀,岡山,,11297,幡野 貴紀,岡山,1994-09-06,single name match
name-only,9005864,上條 宏晃,岡山,,11140,上條 宏晃,岡山,1989-04-22,single name match
name-only,9005865,河端 和哉,長崎,,7650,河端 和哉,琉球,1981-10-22,single name match
name-only,9005874,ジャン ジョンウォン,福岡,,11375,ジャン ジョンウォン,福岡,1994-08-02,single name match
name-only,9005876,松尾 篤,長崎,,11392,松尾 篤,長崎,1990-03-05,single name match
name-only,9005886,飯田 優二,水戸,,10177,飯田 優二,水戸,1992-07-07,single name match
name-only,9005890,ロチャ,G大阪,,11457,ロチャ,Ｇ大阪,1985-12-15,single name match
name-only,9005896,鄭 薫聖,長崎,,11477,チョン フンソン,岩手,1994-02-22,single name match
name-only,9005898,金 民均,岡山,,11040,金 民均,岡山,1988-11-30,single name match
name-only,9005903,ピアカイ ヘンケル,岡山,,11485,ピアカイ ヘンケル,岡山,1995-03-11,single name match
name-only,9005904,稲森 克尚,G大阪,,10796,稲森 克尚,岩手,1994-03-08,single name match
name-only,9005906,塩谷 司,水戸,,10936,塩谷 司,広島,1988-12-05,single name match
name-only,9005907,岡田 佑樹,水戸,,7230,岡田 佑樹,水戸,1983-10-04,single name match
name-only,9005908,加藤 広樹,水戸,,7079,加藤 広樹,水戸,1986-07-31,single name match
name-only,9005924,中野 裕太,岡山,,8505,中野 裕太,岡山,1989-08-30,single name match
name-only,9005932,岡﨑 和也,岡山,,10820,岡﨑 和也,岡山,1991-07-28,single name match
name-only,9005941,オーロイ,千葉,,10959,オーロイ,千葉,1977-03-20,single name match
name-only,9005945,サミル,福岡,,11207,サミル,福岡,1981-10-25,single name match
name-only,9005947,マーク ミリガン,千葉,,10875,マーク ミリガン,千葉,1985-08-04,single name match
name-only,9005973,ロベルト セザー,東京,,8043,ロベルト セザー,FC東京,1985-12-19,single name match
name-only,9005974,小幡 純平,水戸,,10935,小幡 純平,琉球,1988-12-13,single name match
name-only,9005975,小野 博信,水戸,,10879,小野 博信,水戸,1987-07-07,single name match
name-only,9005976,鈴木 将也,水戸,,10938,鈴木 将也,沼津,1988-05-09,single name match
name-only,9005977,神村 奨,水戸,,10934,神村 奨,水戸,1989-03-29,single name match
name-only,9005978,李 彰剛,岡山,,10282,李 彰剛,岡山,1984-12-09,single name match
name-only,9005979,臼井 仁志,岡山,,10296,臼井 仁志,岡山,1988-11-05,single name match
name-only,9005980,小林 優希,岡山,,10289,小林 優希,岡山,1983-10-16,single name match
name-only,9005984,ファン ゲッセル,千葉,,11013,ファン ゲッセル,千葉,1976-11-04,single name match
name-only,9005985,マット ラム,千葉,,11017,マット ラム,千葉,1989-09-10,single name match
name-only,9005991,鶴野 太貴,水戸,,8888,鶴野 太貴,水戸,1990-09-04,single name match
name-only,9005998,大塚 翔太,水戸,,10877,大塚 翔太,水戸,1987-05-15,single name match
name-only,9006030,野本 安啓,岡山,,6804,野本 安啓,岡山,1983-06-25,single name match
name-only,9006031,福本 尚純,岡山,,7522,福本 尚純,岡山,1987-05-10,single name match
name-only,9006032,新中 剛史,岡山,,10298,新中 剛史,鹿児島,1986-11-28,single name match
name-only,9006033,小寺 優輝,岡山,,10311,小寺 優輝,岡山,1986-07-12,single name match
name-only,9006034,西原 誉志,岡山,,10303,西原 誉志,岡山,1986-08-24,single name match
name-only,9006035,宮田 直樹,岡山,,7505,宮田 直樹,岡山,1987-11-06,single name match
name-only,9006036,出井 正太郎,岡山,,10293,出井 正太郎,岡山,1986-08-08,single name match
name-only,9006040,川原 周剛,岡山,,10287,川原 周剛,岡山,1980-02-14,single name match
name-only,9006041,大山 恭平,福岡,,8432,大山 恭平,福岡,1989-05-22,single name match
name-only,9006045,馬場 悠,岡山,,10302,馬場 悠,岡山,1986-10-04,single name match
name-only,9006048,李 東明,岡山,,10903,イ ドンミョン,大分,1987-10-04,single name match
name-only,9006052,平石 健太,福岡,,10862,平石 健太,福岡,1985-06-26,single name match
name-only,9006059,星野 圭佑,水戸,,9718,星野 圭佑,水戸,1985-08-21,single name match
name-only,9006061,山中 誠晃,岡山,,9119,山中 誠晃,岡山,1989-01-22,single name match
name-only,9006065,李 鍾民,福岡,,8691,李 鍾民,松本,1987-05-21,single name match
name-only,9006079,金 廣閔,岡山,,10288,金 廣閔,岡山,1985-12-25,single name match
name-only,9006080,尾崎 雄二,岡山,,6759,尾崎 雄二,岡山,1985-09-29,single name match
name-only,9006085,金澤 大将,水戸,,8636,金澤 大将,水戸,1983-12-01,single name match
name-only,9006088,関口 圭亮,岡山,,10290,関口 圭亮,岡山,1986-11-04,single name match
name-only,9006090,大島 翼,岡山,,9123,大島 翼,岡山,1983-12-09,single name match
name-only,9006096,武田 英明,岡山,,10294,武田 英明,岡山,1985-05-22,single name match
name-only,9006099,山本 孝平,水戸,,10393,山本 孝平,水戸,1986-04-15,single name match
name-only,9006103,石川 直人,水戸,,8997,石川 直人,水戸,1989-11-07,single name match
name-only,9006112,堀 健人,水戸,,9749,堀 健人,水戸,1982-06-13,single name match
name-only,9006117,木村 允彦,岡山,,10285,木村 允彦,岡山,1984-10-01,single name match
name-only,9006126,眞行寺 和彦,水戸,,7760,眞行寺 和彦,水戸,1986-02-05,single name match
name-only,9006127,アレー,C大阪,,9115,アレー,Ｃ大阪,1986-01-21,single name match
name-only,9006128,ジェルマーノ,C大阪,,9604,ジェルマーノ,Ｃ大阪,1981-03-21,single name match
name-only,9006134,タレイ,福岡,,9865,タレイ,福岡,1976-03-26,single name match
name-only,9006135,グリフィス,福岡,,9876,グリフィス,福岡,1979-08-21,single name match
name-only,9006136,椎原 拓也,水戸,,7738,椎原 拓也,水戸,1980-07-09,single name match
name-only,9006139,ユキッチ,広島,,9866,ユキッチ,広島,1979-12-10,single name match
name-only,9006141,ルダン,福岡,,9699,ルダン,福岡,1975-08-27,single name match
name-only,9006142,中山 昇,C大阪,,7347,中山 昇,Ｃ大阪,1987-07-07,single name match
name-only,9006144,高橋 昌大,水戸,,9949,高橋 昌大,水戸,1985-05-31,single name match
name-only,9006146,満生 充,水戸,,9727,満生 充,藤枝,1989-04-16,single name match
name-only,9006157,小林 悠,水戸,,10233,小林 悠,川崎Ｆ,1987-09-23,single name match
name-only,9006162,朴 宗眞,水戸,,9177,朴 宗眞,水戸,1987-06-24,single name match
name-only,9006171,鈴木 孝明,水戸,,8129,鈴木 孝明,水戸,1981-10-07,single name match
name-only,9006172,金 基洙,水戸,,8124,金 基洙,水戸,1982-08-05,single name match
name-only,9006173,エジナウド,水戸,,9225,エジナウド,水戸,1987-04-02,single name match
name-only,9006174,岩舘 侑哉,水戸,,7757,岩舘 侑哉,水戸,1985-05-25,single name match
name-only,9006176,チェッコリ,福岡,,9298,チェッコリ,福岡,1974-08-05,single name match
name-only,9006179,堂柿 龍一,C大阪,,8495,堂柿 龍一,Ｃ大阪,1988-01-08,single name match
name-only,9006181,初田 真也,水戸,,9172,初田 真也,秋田,1984-05-17,single name match
name-only,9006183,大塚 和征,福岡,,6482,大塚 和征,福岡,1982-07-07,single name match
name-only,9006189,島貫 純,水戸,,9174,島貫 純,水戸,1988-08-07,single name match
name-only,9006204,時崎 悠,水戸,,4314,時崎 悠,水戸,1979-06-15,single name match
name-only,9006205,高橋 周大,水戸,,8727,高橋 周大,水戸,1983-07-27,single name match
name-only,9006206,秦 賢二,水戸,,6081,秦 賢二,水戸,1981-06-27,single name match
name-only,9006207,権東 勇介,水戸,,7875,権東 勇介,水戸,1982-10-07,single name match
name-only,9006208,岡本 勇輝,水戸,,8655,岡本 勇輝,水戸,1983-06-10,single name match
name-only,9006209,秋田 政輝,水戸,,8126,秋田 政輝,水戸,1982-09-25,single name match
name-only,9006210,金 東燦,水戸,,8656,金 東燦,水戸,1981-12-19,single name match
name-only,9006211,桑原 剛,水戸,,7678,桑原 剛,群馬,1985-05-10,single name match
name-only,9006212,マルキーニョ,水戸,,2171,マルキーニョ,水戸,1976-03-07,single name match
name-only,9006233,渡部 学,水戸,,7106,渡部 学,水戸,1986-10-05,single name match
name-only,9006239,太田 恵介,福岡,,6820,太田 恵介,群馬,1979-04-24,single name match
name-only,9006244,金子 剛,水戸,,6911,金子 剛,水戸,1983-04-08,single name match
name-only,9006245,デルリス,水戸,,8270,デルリス,札幌,1984-01-09,single name match
name-only,9006250,福嶋 洋,福岡,,6484,福嶋 洋,福岡,1982-07-14,single name match
name-only,9006262,樹森 大介,水戸,,6136,樹森 大介,群馬,1977-07-28,single name match
name-only,9006271,松浦 淳,水戸,,7756,松浦 淳,水戸,1982-01-10,single name match
name-only,9006283,山崎 理人,水戸,,5778,山崎 理人,水戸,1980-04-07,single name match
name-only,9006284,澤田 和樹,水戸,,3090,澤田 和樹,水戸,1982-06-05,single name match
name-only,9006290,桜井 鐘吾,水戸,,6171,桜井 鐘吾,水戸,1984-04-03,single name match
name-only,9006292,パンチョ,水戸,,7461,パンチョ,水戸,1975-08-19,single name match
name-only,9006294,フランク,水戸,,7462,フランク,水戸,1976-09-25,single name match
name-only,9006304,山中 良二,水戸,,6909,山中 良二,水戸,1983-04-19,single name match
name-only,9006313,安 鮮鎮,水戸,,6700,安 鮮鎮,水戸,1975-09-19,single name match
name-only,9006314,トゥルコビッチ,C大阪,,6957,トゥルコビッチ,Ｃ大阪,1970-11-03,single name match
name-only,9006315,黄 学淳,水戸,,6699,黄 学淳,水戸,1976-10-10,single name match
name-only,9006317,長友 耕一郎,福岡,,6485,長友 耕一郎,福岡,1982-12-07,single name match
name-only,9006319,サボ,福岡,,7172,サボ,福岡,1972-05-26,single name match
name-only,9006320,アレン,福岡,,7178,アレン,福岡,1977-04-03,single name match
name-only,9006322,マーロン,川崎F,,7179,マーロン,川崎Ｆ,1976-09-05,team narrow-down
name-only,9006331,小井土 正亮,水戸,,6479,小井土 正亮,水戸,1978-04-09,single name match
name-only,9006335,申 秉皓,水戸,,6412,申 秉皓,水戸,1977-04-26,single name match
name-only,9006340,笠原 宗太,水戸,,1329,笠原 宗太,水戸,1976-05-09,single name match
name-only,9006341,尾上 恵生,水戸,,1444,尾上 恵生,水戸,1976-07-15,single name match
name-only,9006342,八代 敏,水戸,,3915,八代 敏,水戸,1974-12-10,single name match
name-only,9006345,中村 文昭,水戸,,6159,中村 文昭,水戸,1981-04-23,single name match
name-only,9006346,ペレス,水戸,,6405,ペレス,水戸,1979-07-29,single name match
name-only,9006359,カドゥー,川崎F,,6020,カドゥー,川崎Ｆ,1974-01-01,single name match
name-only,9001307,新里 涼,長崎,,29350,新里 涼,岩手,1995-09-03,single name match
name-only,9001309,乾 大知,長崎,,11147,乾 大知,長野,1989-12-02,single name match
name-only,9001313,安藤 瑞季,C大阪,,29250,安藤 瑞季,水戸,1999-07-19,single name match
name-only,9000100,木下 康介,柏,,11234,木下 康介,広島,1994-10-03,single name match
name-only,9000077,スベンド ブローダーセン,岡山,,44316,スベンド ブローダーセン,川崎Ｆ,1997-03-22,single name match
name-only,9000648,永長 鷹虎,川崎F,,45041,永長 鷹虎,福島,2003-04-07,single name match
name-only,9000580,山岸 祐也,福岡,,19230,山岸 祐也,名古屋,1993-08-29,single name match
name-only,9000581,三國 ケネディエブス,福岡,,32364,三國 ケネディエブス,名古屋,2000-06-23,single name match
name-only,9000561,ナッシム ベン カリファ,広島,,46808,ナッシム ベン カリファ,福岡,1992-01-13,single name match
name-only,9000201,ヴァレール ジェルマン,広島,,62057,ヴァレール ジェルマン,広島,1990-04-17,single name match
name-only,9000483,ブライアン リンセン,浦和,,48796,ブライアン リンセン,浦和,1990-10-08,single name match
name-only,9000312,前 寛之,福岡,,11978,前 寛之,町田,1995-08-01,single name match
name-only,9000214,ジャルンサックウォンコーン,C大阪,,61776,ジャルンサックウォンコーン,Ｃ大阪,1997-05-18,single name match
name-only,9000280,興梠 慎三,浦和,,8146,興梠 慎三,浦和,1986-07-31,single name match
name-only,9000361,坂本 一彩,G大阪,,37842,坂本 一彩,Ｇ大阪,2003-08-26,single name match
name-only,9000372,ディエゴ オリヴェイラ,東京,,19226,ディエゴ オリヴェイラ,FC東京,1990-06-22,single name match
name-only,9000672,新井 晴樹,C大阪,,44234,新井 晴樹,京都,1998-04-12,single name match
name-only,9000619,真家 英嵩,柏,,44952,真家 英嵩,琉球,2003-07-28,single name match
name-only,9000691,レアンドロ ペレイラ,G大阪,,32398,レアンドロ ペレイラ,栃木SC,1991-07-13,single name match
name-only,9000713,原 輝綺,清水,,23216,原 輝綺,名古屋,1998-07-30,single name match
name-only,9000719,ベンジャミン コロリ,清水,,44322,ベンジャミン コロリ,清水,1992-05-15,single name match
name-only,9000761,成瀬 竣平,名古屋,,19388,成瀬 竣平,柏,2001-01-17,single name match
name-only,9000800,豊田 晃大,名古屋,,37803,豊田 晃大,岩手,2003-04-11,single name match
name-only,9000809,ヤゴ ピカチュウ,清水,,48968,ヤゴ ピカチュウ,清水,1992-06-05,single name match
name-only,9000828,阿部 勇樹,浦和,,3238,阿部 勇樹,浦和,1981-09-06,single name match
name-only,9000910,菅沼 駿哉,G大阪,,8828,菅沼 駿哉,町田,1990-05-17,single name match
name-only,9000928,ヘナト アウグスト,清水,,32464,ヘナト アウグスト,甲府,1992-01-29,single name match
name-only,9000095,小屋松 知哉,柏,,11963,小屋松 知哉,名古屋,1995-04-24,single name match
name-only,9000991,シュヴィルツォク,名古屋,,44321,シュヴィルツォク,大宮,1992-12-28,single name match
name-only,9001004,橋岡 大樹,浦和,,19649,橋岡 大樹,浦和,1999-05-17,single name match
name-only,9001031,ジュニオール ドゥトラ,清水,,10832,ジュニオール ドゥトラ,清水,1988-04-25,single name match
name-only,9001088,櫛引 一紀,広島,,11003,櫛引 一紀,長崎,1993-02-12,single name match
name-only,9001097,吉本 一謙,清水,,7818,吉本 一謙,清水,1988-04-24,single name match
name-only,9001151,ファン ウィジョ,G大阪,,23487,ファン ウィジョ,Ｇ大阪,1992-08-28,single name match
name-only,9001193,菅原 由勢,名古屋,,19383,菅原 由勢,名古屋,2000-06-28,single name match
name-only,9001200,ユ インス,東京,,19257,ユ インス,FC東京,1994-12-28,single name match
name-only,9001247,榎本 哲也,浦和,,5830,榎本 哲也,富山,1983-05-02,single name match
name-only,9001272,チェ キュベック,長崎,,29377,チェ キュベック,長崎,1994-01-23,single name match
name-only,9001290,ヤン ドンヒョン,C大阪,,29251,ヤン ドンヒョン,福岡,1986-03-28,single name match
name-only,9001330,田坂 祐介,川崎F,,6619,田坂 祐介,千葉,1985-07-08,single name match
name-only,9001355,大本 祐槻,長崎,,23255,大本 祐槻,熊本,1994-09-24,single name match
name-only,9001410,狩野 健太,川崎F,,8100,狩野 健太,徳島,1986-05-02,single name match
name-only,9001413,髙木 彰人,G大阪,,12117,髙木 彰人,相模原,1997-08-04,single name match
name-only,9001486,オーマン,名古屋,,19260,オーマン,名古屋,1991-10-09,single name match
name-only,9001503,末吉 隼也,福岡,,10850,末吉 隼也,相模原,1987-11-18,single name match
name-only,9001519,三門 雄大,横浜FM,,10335,三門 雄大,高知,1986-12-26,single name match
name-only,9001558,駒野 友一,東京,,3249,駒野 友一,今治,1981-07-25,single name match
name-only,9001595,牟田 雄祐,名古屋,,11299,牟田 雄祐,琉球,1990-09-22,single name match
name-only,9001610,赤嶺 真吾,G大阪,,8521,赤嶺 真吾,琉球,1983-12-08,single name match
name-only,9001650,碓井 健平,清水,,10847,碓井 健平,町田,1987-05-15,single name match
name-only,9001691,近藤 直也,柏,,5861,近藤 直也,東京Ｖ,1983-10-03,single name match
name-only,9001701,ブラダ アブラモフ,東京,,18982,ブラダ アブラモフ,FC東京,1979-04-05,single name match
name-only,9001756,ミッチ ニコルス,C大阪,,12071,ミッチ ニコルス,Ｃ大阪,1989-05-01,single name match
name-only,9001794,マルシオ リシャルデス,浦和,,9299,マルシオ リシャルデス,浦和,1981-11-30,single name match
name-only,9001829,イ デホン,広島,,11137,イ デホン,栃木SC,1993-11-17,single name match
name-only,9001895,吉村 圭司,名古屋,,4582,吉村 圭司,愛媛,1979-08-08,single name match
name-only,9001928,ジミー フランサ,清水,,11212,ジミー フランサ,東京Ｖ,1984-04-15,single name match
name-only,9001968,三吉 聖王,清水,,11281,三吉 聖王,清水,1985-07-10,single name match
name-only,9001992,服部 公太,広島,,2264,服部 公太,岡山,1977-11-22,single name match
name-only,9002017,パク ドンヒョク,柏,,10399,パク ドンヒョク,柏,1979-04-18,single name match
name-only,9002064,ファビオ ロペス,C大阪,,11073,ファビオ ロペス,Ｃ大阪,1985-05-24,single name match
name-only,9002121,寺田 周平,川崎F,,4160,寺田 周平,川崎Ｆ,1975-06-23,single name match
name-only,9002181,永田 拓也,浦和,,8749,永田 拓也,北九州,1990-09-08,single name match
name-only,9002185,平出 涼,東京,,9388,平出 涼,鹿児島,1991-07-18,single name match
name-only,9003044,遠藤 昌浩,清水,,511,遠藤 昌浩,清水,1970-08-15,single name match
name-only,9000452,ミロサヴリェヴィッチ,鹿島,,59525,ミロサヴリェヴィッチ,鹿島,1992-07-30,single name match
name-only,9000093,安藤 智哉,福岡,,37983,安藤 智哉,福岡,1999-01-10,single name match
name-only,9003050,松永 一慶,福岡,,2365,松永 一慶,福岡,1977-11-13,single name match
name-only,9003052,中西 哲生,川崎F,,281,中西 哲生,川崎Ｆ,1969-09-08,single name match
name-only,9003053,川崎 健太郎,C大阪,,3062,川崎 健太郎,富山,1982-12-18,single name match
name-only,9003055,岡元 勇人,東京,,569,岡元 勇人,FC東京,1974-10-16,single name match
name-only,9003057,土居 義典,川崎F,,1237,土居 義典,川崎Ｆ,1972-04-02,single name match
name-only,9003059,サーシャ,柏,,6091,サーシャ,柏,1972-08-28,single name match
name-only,9003061,向島 建,川崎F,,248,向島 建,川崎Ｆ,1966-01-09,single name match
name-only,9003063,堀池 洋充,東京,,1754,堀池 洋充,FC東京,1971-05-24,single name match
name-only,9002186,福島 新太,名古屋,,7877,福島 新太,徳島,1989-01-28,single name match
name-only,9003072,ユーリッチ,横浜FM,,6392,ユーリッチ,横浜FM,1963-02-05,single name match
name-only,9003074,イジドーロ,川崎F,,6396,イジドーロ,川崎Ｆ,1973-10-30,single name match
name-only,9003075,オラロイ,千葉,,6395,オラロイ,千葉,1969-06-10,single name match
name-only,9003076,山道 高平,名古屋,,2735,山道 高平,鳥栖,1980-05-11,single name match
name-only,9003079,ルイス,川崎F,,6409,ルイス,川崎Ｆ,1982-01-10,team narrow-down
name-only,9003080,伊藤 裕二,名古屋,,272,伊藤 裕二,湘南,1965-05-20,single name match
name-only,9003081,ヴィジャマジョール,福岡,,4370,ヴィジャマジョール,福岡,1969-03-05,single name match
name-only,9003082,水筑 優文,福岡,,33,水筑 優文,福岡,1974-08-01,single name match
name-only,9003083,櫛引 実,福岡,,585,櫛引 実,福岡,1967-06-10,single name match
name-only,9003084,田北 雄気,浦和,,76,田北 雄気,浦和,1967-05-16,single name match
name-only,9003085,ザッペッラ,浦和,,4358,ザッペッラ,浦和,1973-05-04,single name match
name-only,9003086,広瀬 治,浦和,,83,広瀬 治,浦和,1965-06-06,single name match
name-only,9003087,土田 尚史,浦和,,75,土田 尚史,浦和,1967-02-01,single name match
name-only,9003088,塩谷 伸介,G大阪,,593,塩谷 伸介,Ｇ大阪,1970-05-11,single name match
name-only,9003089,ピオトル,G大阪,,5883,ピオトル,Ｇ大阪,1972-04-08,single name match
name-only,9003090,ドロブニャク,G大阪,,4355,ドロブニャク,Ｇ大阪,1968-09-21,single name match
name-only,9003091,堀池 巧,C大阪,,236,堀池 巧,清水,1965-09-06,single name match
name-only,9003092,橋口 勝,C大阪,,2014,橋口 勝,福岡,1974-05-21,single name match
name-only,9003093,フォックス,広島,,4353,フォックス,広島,1977-06-23,single name match
name-only,9003094,ヴィドマー,広島,,4348,ヴィドマー,広島,1967-02-03,single name match
name-only,9003096,栗原 克志,千葉,,1411,栗原 克志,千葉,1977-07-29,single name match
name-only,9002381,ダバツ,広島,,9057,ダバツ,広島,1978-05-23,single name match
name-only,9004917,平尾 壮,G大阪,,15804,平尾 壮,群馬,1996-07-01,single name match
name-only,9000507,本間 至恩,浦和,,23377,本間 至恩,Ｃ大阪,2000-08-09,single name match
name-only,9000482,フロート,柏,,49751,フロート,柏,1998-03-13,single name match
name-only,9000279,岩尾 憲,浦和,,11004,岩尾 憲,徳島,1988-04-18,single name match
name-only,9000174,太田 龍之介,岡山,,29511,太田 龍之介,甲府,2002-04-01,single name match
name-only,9000282,井上 詩音,名古屋,,19380,井上 詩音,仙台,2000-04-25,single name match
name-only,9000370,原川 力,東京,,10659,原川 力,柏,1993-08-18,single name match
name-only,9000827,前田 大然,横浜FM,,19175,前田 大然,横浜FM,1997-10-20,single name match
name-only,9000981,塩田 仁史,浦和,,7529,塩田 仁史,浦和,1981-05-28,single name match
name-only,9001021,守田 英正,川崎F,,23539,守田 英正,川崎Ｆ,1995-05-10,single name match
name-only,9000904,ヒシャルジソン,柏,,32328,ヒシャルジソン,柏,1991-08-17,single name match
name-only,9001166,圍 謙太朗,C大阪,,12059,圍 謙太朗,京都,1991-04-23,single name match
name-only,9001196,中村 充孝,鹿島,,10306,中村 充孝,岩手,1990-09-13,single name match
name-only,9001161,藤本 淳吾,G大阪,,8273,藤本 淳吾,相模原,1984-03-24,single name match
name-only,9001249,ズラタン,浦和,,11257,ズラタン,浦和,1983-12-15,single name match
name-only,9001226,伊藤 洋輝,名古屋,,19488,伊藤 洋輝,磐田,1999-05-12,single name match
name-only,9001295,ダビド バブンスキー,横浜FM,,23277,ダヴィッド バブンスキー,大宮,1994-03-01,single name match
name-only,9001761,中田 浩二,鹿島,,4276,中田 浩二,鹿島,1979-07-09,single name match
name-only,9001773,廣井 友信,清水,,9102,廣井 友信,金沢,1985-01-11,single name match
name-only,9000385,マテウス サヴィオ,柏,,32651,マテウス サヴィオ,浦和,1997-04-15,single name match
name-only,9000674,パク ウィジョン,鹿島,,49611,パク ウィジョン,鹿島,2004-05-22,single name match
name-only,9000746,齋藤 学,名古屋,,8938,齋藤 学,沼津,1990-04-04,single name match
name-only,9000791,岡澤 昂星,C大阪,,37813,岡澤 昂星,藤枝,2003-10-22,single name match
name-only,9001446,ビョン ジュンボン,清水,,11908,ビョン ジュンボン,甲府,1991-02-05,single name match
name-only,9001536,明神 智和,名古屋,,1446,明神 智和,長野,1978-01-24,single name match
name-only,9001682,ハーフナー ニッキ,名古屋,,11300,ハーフナー ニッキ,名古屋,1995-02-16,single name match
name-only,495498,田所 莉旺,長崎,,61959,田所 莉旺,山口,2006-04-08,single name match
name-only,537978,川上 航立,水戸,,61767,川上 航立,水戸,2002-09-07,single name match
ambiguous,9000284,パトリック,名古屋,,19454,パトリック,柏,1994-03-04,"name match 4 candidates, no team narrow-down"
ambiguous,9000284,パトリック,名古屋,,8051,パトリック,大分,1975-01-17,"name match 4 candidates, no team narrow-down"
ambiguous,9000284,パトリック,名古屋,,11370,パトリック,金沢,1987-10-26,"name match 4 candidates, no team narrow-down"
ambiguous,9000284,パトリック,名古屋,,11488,パトリック,横浜FC,1992-01-11,"name match 4 candidates, no team narrow-down"
ambiguous,9001314,ワシントン,名古屋,,6385,ワシントン,山形,1978-11-14,"name match 5 candidates, no team narrow-down"
ambiguous,9001314,ワシントン,名古屋,,6768,ワシントン,Ｃ大阪,1975-04-10,"name match 5 candidates, no team narrow-down"
ambiguous,9001314,ワシントン,名古屋,,8172,ワシントン,浦和,1975-04-01,"name match 5 candidates, no team narrow-down"
ambiguous,9001314,ワシントン,名古屋,,9056,ワシントン,FC東京,1978-07-17,"name match 5 candidates, no team narrow-down"
ambiguous,9001314,ワシントン,名古屋,,23250,ワシントン,山口,1986-11-16,"name match 5 candidates, no team narrow-down"
ambiguous,9001969,アンデルソン,神戸,,4269,アンデルソン,横浜Ｆ,1977-02-15,"name match 7 candidates, no team narrow-down"
ambiguous,9001969,アンデルソン,神戸,,49613,アンデルソン,藤枝,2001-03-03,"name match 7 candidates, no team narrow-down"
ambiguous,9001969,アンデルソン,神戸,,7441,アンデルソン,新潟,1972-12-22,"name match 7 candidates, no team narrow-down"
ambiguous,9001969,アンデルソン,神戸,,8704,アンデルソン,熊本,1981-11-15,"name match 7 candidates, no team narrow-down"
ambiguous,9001969,アンデルソン,神戸,,9133,アンデルソン,横浜FC,1981-12-14,"name match 7 candidates, no team narrow-down"
ambiguous,9001969,アンデルソン,神戸,,10143,アンデルソン,札幌,1978-02-01,"name match 7 candidates, no team narrow-down"
ambiguous,9001969,アンデルソン,神戸,,11064,アンデルソン,岡山,1983-12-29,"name match 7 candidates, no team narrow-down"
ambiguous,9000305,中村 駿,磐田,,19233,中村 駿,岐阜,1994-02-24,"name match 2 candidates, no team narrow-down"
ambiguous,9000305,中村 駿,磐田,,45081,中村 駿,YS横浜,1999-05-05,"name match 2 candidates, no team narrow-down"
ambiguous,9000612,田上 大地,新潟,,15947,田上 大地,岡山,1993-06-16,"name match 2 candidates, no team narrow-down"
ambiguous,9000612,田上 大地,新潟,,15952,田上 大地,熊本,1997-04-26,"name match 2 candidates, no team narrow-down"
ambiguous,9000796,ドゥドゥ,磐田,,11468,エドゥアルド,長崎,1993-04-27,"name match 6 candidates, no team narrow-down"
ambiguous,9000796,ドゥドゥ,磐田,,45008,エドゥアルド,千葉,1997-02-01,"name match 6 candidates, no team narrow-down"
ambiguous,9000796,ドゥドゥ,磐田,,12168,ドゥドゥ,岐阜,1990-04-21,"name match 6 candidates, no team narrow-down"
ambiguous,9000796,ドゥドゥ,磐田,,19455,ドゥドゥ,柏,1996-02-24,"name match 6 candidates, no team narrow-down"
ambiguous,9000796,ドゥドゥ,磐田,,7755,ドゥドゥ,柏,1983-04-15,"name match 6 candidates, no team narrow-down"
ambiguous,9000796,ドゥドゥ,磐田,,10254,ドゥドゥ,大宮,1980-02-02,"name match 6 candidates, no team narrow-down"
ambiguous,9000963,ドゥンガ,鳥栖,,2222,ドゥンガ,磐田,1963-10-31,"name match 2 candidates, no team narrow-down"
ambiguous,9000963,ドゥンガ,鳥栖,,38037,ドゥンガ,讃岐,1993-02-24,"name match 2 candidates, no team narrow-down"
ambiguous,9001135,志村 滉,磐田,,15763,志村 滉,大宮,1996-04-27,"name match 2 candidates, no team narrow-down"
ambiguous,9001135,志村 滉,磐田,,49438,志村 滉,松本,2000-05-13,"name match 2 candidates, no team narrow-down"
ambiguous,9001189,山口 和樹,湘南,,29313,山口 和樹,長野,1995-05-15,"name match 3 candidates, no team narrow-down"
ambiguous,9001189,山口 和樹,湘南,,29384,山口 和樹,Ｃ大阪,2000-08-21,"name match 3 candidates, no team narrow-down"
ambiguous,9001189,山口 和樹,湘南,,10391,山口 和樹,福岡,1986-10-07,"name match 3 candidates, no team narrow-down"
ambiguous,9001364,田中 雄大,札幌,,70153,田中 雄大,横浜FM,2002-10-11,"name match 5 candidates, no team narrow-down"
ambiguous,9001364,田中 雄大,札幌,,61661,田中 雄大,福島,1999-07-09,"name match 5 candidates, no team narrow-down"
ambiguous,9001364,田中 雄大,札幌,,10942,田中 雄大,秋田,1988-08-08,"name match 5 candidates, no team narrow-down"
ambiguous,9001364,田中 雄大,札幌,,44983,田中 雄大,鳥栖,1999-12-14,"name match 5 candidates, no team narrow-down"
ambiguous,9001364,田中 雄大,札幌,,29361,田中 雄大,広島,1995-11-17,"name match 5 candidates, no team narrow-down"
ambiguous,9001582,ダヴィ,甲府,,9093,ダヴィ,北九州,1984-03-10,"name match 2 candidates, no team narrow-down"
ambiguous,9001582,ダヴィ,甲府,,9743,ダヴィ,新潟,1984-04-06,"name match 2 candidates, no team narrow-down"
ambiguous,9001717,アレックス,徳島,,10385,アレックス,東京Ｖ,1985-03-20,"name match 8 candidates, no team narrow-down"
ambiguous,9001717,アレックス,徳島,,11023,アレックス,清水,1983-10-12,"name match 8 candidates, no team narrow-down"
ambiguous,9001717,アレックス,徳島,,11226,アレックス,栃木SC,1993-07-08,"name match 8 candidates, no team narrow-down"
ambiguous,9001717,アレックス,徳島,,4255,アレックス,Ｃ大阪,1969-04-22,"name match 8 candidates, no team narrow-down"
ambiguous,9001717,アレックス,徳島,,5882,アレックス,大分,1976-04-20,"name match 8 candidates, no team narrow-down"
ambiguous,9001717,アレックス,徳島,,6717,アレックス,甲府,1975-08-14,"name match 8 candidates, no team narrow-down"
ambiguous,9001717,アレックス,徳島,,7180,アレックス,讃岐,1983-04-16,"name match 8 candidates, no team narrow-down"
ambiguous,9001717,アレックス,徳島,,2936,三都主 アレサンドロ,岐阜,1977-07-20,"name match 8 candidates, no team narrow-down"
ambiguous,9001757,カルリーニョス,大宮,,11160,カルリーニョス,徳島,1983-03-04,"name match 2 candidates, no team narrow-down"
ambiguous,9001757,カルリーニョス,大宮,,54740,カルリーニョス,藤枝,1995-06-16,"name match 2 candidates, no team narrow-down"
ambiguous,9001825,ウーゴ,甲府,,7765,ウーゴ,群馬,1980-10-27,"name match 2 candidates, no team narrow-down"
ambiguous,9001825,ウーゴ,甲府,,11395,ウーゴ,岡山,1986-01-06,"name match 2 candidates, no team narrow-down"
ambiguous,9001920,ラファエル,大宮,,9026,ラファエル,大分,1982-08-27,"name match 3 candidates, no team narrow-down"
ambiguous,9001920,ラファエル,大宮,,10782,ラファエル,甲府,1983-05-27,"name match 3 candidates, no team narrow-down"
ambiguous,9001920,ラファエル,大宮,,52110,ラファエル,栃木SC,2000-11-15,"name match 3 candidates, no team narrow-down"
ambiguous,9002175,エメルソン,湘南,,2239,エメルソン,湘南,1973-07-28,"name match 6 candidates, no team narrow-down"
ambiguous,9002175,エメルソン,湘南,,6124,エメルソン,浦和,1981-09-06,"name match 6 candidates, no team narrow-down"
ambiguous,9002175,エメルソン,湘南,,6766,エメルソン,東京Ｖ,1973-03-02,"name match 6 candidates, no team narrow-down"
ambiguous,9002175,エメルソン,湘南,,7280,エメルソン,清水,1975-01-05,"name match 6 candidates, no team narrow-down"
ambiguous,9002175,エメルソン,湘南,,9877,エメルソン,湘南,1980-04-23,"name match 6 candidates, no team narrow-down"
ambiguous,9002175,エメルソン,湘南,,61724,エメルソン,長崎,1999-07-27,"name match 6 candidates, no team narrow-down"
ambiguous,9002204,ホベルト,大分,,7733,ホベルト,横浜FC,1979-02-20,"name match 2 candidates, no team narrow-down"
ambiguous,9002204,ホベルト,大分,,8043,ロベルト セザー,FC東京,1985-12-19,"name match 2 candidates, no team narrow-down"
ambiguous,9002573,ファビーニョ,新潟,,8111,ファビーニョ,横浜FC,1980-01-10,"name match 4 candidates, no team narrow-down"
ambiguous,9002573,ファビーニョ,新潟,,4325,ファビーニョ,神戸,1974-06-16,"name match 4 candidates, no team narrow-down"
ambiguous,9002573,ファビーニョ,新潟,,6839,ファビーニョ,仙台,1973-06-26,"name match 4 candidates, no team narrow-down"
ambiguous,9002573,ファビーニョ,新潟,,6953,ファビーニョ,清水,1976-10-16,"name match 4 candidates, no team narrow-down"
ambiguous,9004669,ヘナン,山口,,11981,ヘナン,福島,1990-04-07,"name match 2 candidates, no team narrow-down"
ambiguous,9004669,ヘナン,山口,,29402,ヘナン,鹿児島,1996-07-28,"name match 2 candidates, no team narrow-down"
ambiguous,9000044,チアゴ サンタナ,浦和,,61720,チアゴ サンタナ,松本,1998-04-14,"name match 2 candidates, no team narrow-down"
ambiguous,9000044,チアゴ サンタナ,浦和,,38034,チアゴ サンタナ,長崎,1993-02-04,"name match 2 candidates, no team narrow-down"
ambiguous,9005742,フェリペ,栃木,,12080,フェリペ,横浜FC,1994-08-05,"name match 3 candidates, no team narrow-down"
ambiguous,9005742,フェリペ,栃木,,15848,フェリペ,栃木SC,1993-08-21,"name match 3 candidates, no team narrow-down"
ambiguous,9005742,フェリペ,栃木,,15886,フェリペ,大分,1991-01-05,"name match 3 candidates, no team narrow-down"
ambiguous,9000097,ジエゴ,柏,,23157,ジエゴ,神戸,1995-09-21,"name match 2 candidates, no team narrow-down"
ambiguous,9000097,ジエゴ,柏,,29552,ジエゴ,甲府,1994-09-22,"name match 2 candidates, no team narrow-down"
ambiguous,9006381,小林 亮太,群馬,,9077,小林 亮太,岩手,1988-06-22,"name match 2 candidates, no team narrow-down"
ambiguous,9006381,小林 亮太,群馬,,45137,小林 亮太,仙台,2004-06-07,"name match 2 candidates, no team narrow-down"
ambiguous,9000552,レオナルド,名古屋,,9162,盛礼良 レオナルド,秋田,1986-02-04,"name match 6 candidates, no team narrow-down"
ambiguous,9000552,レオナルド,名古屋,,19209,レオ セアラ,鹿島,1995-02-03,"name match 6 candidates, no team narrow-down"
ambiguous,9000552,レオナルド,名古屋,,29272,レオナルド,浦和,1997-05-28,"name match 6 candidates, no team narrow-down"
ambiguous,9000552,レオナルド,名古屋,,7771,レオナルド,山形,1982-07-22,"name match 6 candidates, no team narrow-down"
ambiguous,9000552,レオナルド,名古屋,,1816,レオナルド,鹿島,1969-09-05,"name match 6 candidates, no team narrow-down"
ambiguous,9000552,レオナルド,名古屋,,48797,レオナルド,藤枝,1992-10-22,"name match 6 candidates, no team narrow-down"
ambiguous,9000400,エドゥアルド,横浜FM,,11468,エドゥアルド,長崎,1993-04-27,"name match 3 candidates, no team narrow-down"
ambiguous,9000400,エドゥアルド,横浜FM,,61967,エドゥアルド,讃岐,2000-12-06,"name match 3 candidates, no team narrow-down"
ambiguous,9000400,エドゥアルド,横浜FM,,45008,エドゥアルド,千葉,1997-02-01,"name match 3 candidates, no team narrow-down"
ambiguous,9000686,レアンドロ,東京,,8556,レアンドロ,東京Ｖ,1985-02-12,"name match 7 candidates, no team narrow-down"
ambiguous,9000686,レアンドロ,東京,,9055,レアンドロ,神戸,1985-12-03,"name match 7 candidates, no team narrow-down"
ambiguous,9000686,レアンドロ,東京,,9099,レアンドロ,大宮,1981-08-18,"name match 7 candidates, no team narrow-down"
ambiguous,9000686,レアンドロ,東京,,9745,レアンドロ,東京Ｖ,1980-08-13,"name match 7 candidates, no team narrow-down"
ambiguous,9000686,レアンドロ,東京,,6478,レアンドロ,横浜FM,1974-09-29,"name match 7 candidates, no team narrow-down"
ambiguous,9000686,レアンドロ,東京,,6770,レアンドロ,大分,1982-01-31,"name match 7 candidates, no team narrow-down"
ambiguous,9000686,レアンドロ,東京,,23189,レアンドロ,FC東京,1993-05-12,"name match 7 candidates, no team narrow-down"
ambiguous,9000769,ヴァウド,清水,,37658,ヴァウド,長崎,1992-02-10,"name match 2 candidates, no team narrow-down"
ambiguous,9000769,ヴァウド,清水,,10917,ヴァウド,湘南,1980-11-22,"name match 2 candidates, no team narrow-down"
ambiguous,9000903,クリスティアーノ,柏,,11366,クリスティアーノ,甲府,1987-01-12,"name match 3 candidates, no team narrow-down"
ambiguous,9000903,クリスティアーノ,柏,,48966,クリスティアーノ,岩手,1999-04-03,"name match 3 candidates, no team narrow-down"
ambiguous,9000903,クリスティアーノ,柏,,61968,クリスティアーノ,鳥栖,2000-02-22,"name match 3 candidates, no team narrow-down"
ambiguous,9001117,チャン ヒョンス,東京,,45038,チャン ヒョンス,岩手,1993-01-01,"name match 2 candidates, no team narrow-down"
ambiguous,9001117,チャン ヒョンス,東京,,11132,チャン ヒョンス,FC東京,1991-09-28,"name match 2 candidates, no team narrow-down"
ambiguous,9001528,ジネイ,鹿島,,6019,ジネイ,札幌,1971-10-27,"name match 2 candidates, no team narrow-down"
ambiguous,9001528,ジネイ,鹿島,,15906,ジネイ,松本,1983-11-11,"name match 2 candidates, no team narrow-down"
ambiguous,9001738,エドゥー,東京,,10256,エドゥー,FC東京,1981-11-30,"name match 3 candidates, no team narrow-down"
ambiguous,9001738,エドゥー,東京,,205,エドゥー,横浜Ｆ,1963-02-02,"name match 3 candidates, no team narrow-down"
ambiguous,9001738,エドゥー,東京,,765,エドゥー,清水,1967-02-02,"name match 3 candidates, no team narrow-down"
ambiguous,9001807,ダニエル,名古屋,,366,ダニエル,広島,1968-02-21,"name match 8 candidates, no team narrow-down"
ambiguous,9001807,ダニエル,名古屋,,4241,ダニエル,神戸,1970-10-10,"name match 8 candidates, no team narrow-down"
ambiguous,9001807,ダニエル,名古屋,,4372,ダニエル,東京Ｖ,1973-05-27,"name match 8 candidates, no team narrow-down"
ambiguous,9001807,ダニエル,名古屋,,6397,ダニエル,川崎Ｆ,1981-01-04,"name match 8 candidates, no team narrow-down"
ambiguous,9001807,ダニエル,名古屋,,6431,ダニエル,川崎Ｆ,1979-11-23,"name match 8 candidates, no team narrow-down"
ambiguous,9001807,ダニエル,名古屋,,7692,ダニエル,大宮,1983-12-15,"name match 8 candidates, no team narrow-down"
ambiguous,9001807,ダニエル,名古屋,,10275,ダニエル,大分,1982-05-30,"name match 8 candidates, no team narrow-down"
ambiguous,9001807,ダニエル,名古屋,,10911,ダニエル,群馬,1981-03-10,"name match 8 candidates, no team narrow-down"
ambiguous,9001843,ルーカス,東京,,32415,ルーカス,相模原,1996-04-01,"name match 4 candidates, no team narrow-down"
ambiguous,9001843,ルーカス,東京,,19420,ルーカス,相模原,1992-07-10,"name match 4 candidates, no team narrow-down"
ambiguous,9001843,ルーカス,東京,,7691,ルーカス,FC東京,1979-01-03,"name match 4 candidates, no team narrow-down"
ambiguous,9001843,ルーカス,東京,,11009,ルーカス,湘南,1991-09-14,"name match 4 candidates, no team narrow-down"
ambiguous,9001888,ロブソン,川崎F,,7652,ロブソン,大分,1969-05-10,"name match 2 candidates, no team narrow-down"
ambiguous,9001888,ロブソン,川崎F,,6830,ロブソン,札幌,1974-09-21,"name match 2 candidates, no team narrow-down"
ambiguous,9001963,エジミウソン,東京,,7676,エジミウソン,熊本,1976-02-17,"name match 4 candidates, no team narrow-down"
ambiguous,9001963,エジミウソン,東京,,7763,エジミウソン,Ｃ大阪,1982-09-15,"name match 4 candidates, no team narrow-down"
ambiguous,9001963,エジミウソン,東京,,2217,エジミウソン,横浜FM,1974-03-26,"name match 4 candidates, no team narrow-down"
ambiguous,9001963,エジミウソン,東京,,6697,エジミウソン,川崎Ｆ,1974-02-23,"name match 4 candidates, no team narrow-down"
ambiguous,9002114,リカルジーニョ,東京,,2182,リカルジーニョ,川崎Ｆ,1975-11-26,"name match 4 candidates, no team narrow-down"
ambiguous,9002114,リカルジーニョ,東京,,5898,リカルジーニョ,札幌,1979-01-20,"name match 4 candidates, no team narrow-down"
ambiguous,9002114,リカルジーニョ,東京,,7197,リカルジーニョ,柏,1976-06-24,"name match 4 candidates, no team narrow-down"
ambiguous,9002114,リカルジーニョ,東京,,10884,リカルジーニョ,FC東京,1988-08-08,"name match 4 candidates, no team narrow-down"
ambiguous,9002130,ドド,G大阪,,8078,ドド,大分,1974-05-02,"name match 2 candidates, no team narrow-down"
ambiguous,9002130,ドド,G大阪,,10783,ドド,鳥取,1990-06-28,"name match 2 candidates, no team narrow-down"
ambiguous,9002596,ダ シルバ,鹿島,,7677,ダ シルバ,鹿島,1974-03-05,"name match 3 candidates, no team narrow-down"
ambiguous,9002596,ダ シルバ,鹿島,,9047,ダ シルバ,鹿島,1986-09-21,"name match 3 candidates, no team narrow-down"
ambiguous,9002596,ダ シルバ,鹿島,,9175,ダ シルバ,徳島,1977-02-21,"name match 3 candidates, no team narrow-down"
ambiguous,9002648,ジョルジーニョ,広島,,7766,ジョルジーニョ,徳島,1985-12-04,"name match 4 candidates, no team narrow-down"
ambiguous,9002648,ジョルジーニョ,広島,,285,ジョルジーニョ,名古屋,1959-08-23,"name match 4 candidates, no team narrow-down"
ambiguous,9002648,ジョルジーニョ,広島,,1129,ジョルジーニョ,鹿島,1964-08-17,"name match 4 candidates, no team narrow-down"
ambiguous,9002648,ジョルジーニョ,広島,,6203,ジョルジーニョ,甲府,1978-09-05,"name match 4 candidates, no team narrow-down"
ambiguous,9002839,マルセロ,名古屋,,2236,マルセロ,清水,1975-08-20,"name match 4 candidates, no team narrow-down"
ambiguous,9002839,マルセロ,名古屋,,6752,マルセロ,広島,1973-06-25,"name match 4 candidates, no team narrow-down"
ambiguous,9002839,マルセロ,名古屋,,6776,マルセロ,Ｃ大阪,1976-01-29,"name match 4 candidates, no team narrow-down"
ambiguous,9002839,マルセロ,名古屋,,6942,マルセロ,大分,1984-02-10,"name match 4 candidates, no team narrow-down"
ambiguous,9002980,森 直樹,C大阪,,293,森 直樹,大宮,1972-05-05,"name match 2 candidates, no team narrow-down"
ambiguous,9002980,森 直樹,C大阪,,5395,森 直樹,水戸,1977-11-21,"name match 2 candidates, no team narrow-down"
ambiguous,9000501,ターレス,名古屋,,29376,ターレス,新潟,1995-05-18,"name match 2 candidates, no team narrow-down"
ambiguous,9000501,ターレス,名古屋,,38023,ターレス,徳島,2001-06-29,"name match 2 candidates, no team narrow-down"
ambiguous,9000163,井上 聖也,福岡,,19332,井上 聖也,高知,1998-06-25,"name match 2 candidates, no team narrow-down"
ambiguous,9000163,井上 聖也,福岡,,39187,井上 聖也,水戸,1999-11-09,"name match 2 candidates, no team narrow-down"
ambiguous,9002111,鈴木 達也,東京,,2988,鈴木 達也,徳島,1982-08-01,"name match 2 candidates, no team narrow-down"
ambiguous,9002111,鈴木 達也,東京,,10484,鈴木 達也,岩手,1993-07-08,"name match 2 candidates, no team narrow-down"
db-only,9006478,篠崎 輝和,沼津,,,,,,pos=DF active=false
db-only,9000001,オウンゴール,東京V,,,,,,pos=null active=false
db-only,9006560,髙山 和真,富山,,,,,,pos=DF active=false
db-only,9006576,高瀬 太聖,今治,,,,,,pos=FW active=false
db-only,9000576,フェリぺ メギオラーロ,神戸,,,,,,pos=GK active=false
db-only,9000807,ムゴシャ,神戸,,,,,,pos=FW active=false
db-only,9001950,辻本 魁人,神戸,,,,,,pos=GK active=false
db-only,9006859,礒江 太勢,鳥取,,,,,,pos=MF active=false
db-only,9007085,髙橋 クリス,YS横浜,,,,,,pos=GK active=false
db-only,9000755,高橋 諒,湘南,,,,,,pos=MF active=false
db-only,9001443,高山 和真,大宮,,,,,,pos=DF active=false
db-only,9002060,本田 慎之介,磐田,,,,,,pos=DF active=false
db-only,9003209,尾崎 勇史,磐田,,,,,,pos=GK active=false
db-only,9003254,朴 ギョンファン,湘南,,,,,,pos=DF active=false
db-only,9002188,奥山 武宰士,新潟,,,,,,pos=MF active=false
db-only,9002253,西村 陽毅,大宮,,,,,,pos=DF active=false
db-only,9002281,石田 良輔,大分,,,,,,pos=GK active=false
db-only,9003115,黒崎 比差支,京都,,,,,,pos=FW active=false
db-only,9003133,安藤 信也,神戸,,,,,,pos=GK active=false
db-only,9003137,立花 雅人,神戸,,,,,,pos=FW active=false
db-only,9003145,朴 成基,神戸,,,,,,pos=DF active=false
db-only,9002456,森野 徹,磐田,,,,,,pos=MF active=false
db-only,9002475,小林 庸尚,大宮,,,,,,pos=GK active=false
db-only,9002480,河原 正治,大分,,,,,,pos=GK active=false
db-only,9002488,田中 秀哉,新潟,,,,,,pos=DF active=false
db-only,9002491,中島 良輔,磐田,,,,,,pos=MF active=false
db-only,9002587,梶原 公,大分,,,,,,pos=DF active=false
db-only,9002592,ネト,甲府,,,,,,pos=MF active=false
db-only,9002880,渡邉 晋,仙台,,,,,,pos=DF active=false
db-only,9002885,前川 大樹,仙台,,,,,,pos=GK active=false
db-only,9003170,廣石 亮二,湘南,,,,,,pos=GK active=false
db-only,9003275,仁田尾 博幸,横浜F,,,,,,pos=GK active=false
db-only,9003344,石野 竜二,磐田,,,,,,pos=MF active=false
db-only,9003374,呂比須 ワグネル,湘南,,,,,,pos=FW active=false
db-only,9002372,豊満 貴之,神戸,,,,,,pos=MF active=false
db-only,9003529,松山 広敦,湘南,,,,,,pos=MF active=false
db-only,9003556,杉原 龍馬,横浜F,,,,,,pos=GK active=false
db-only,9003614,佐藤 浩司,横浜F,,,,,,pos=GK active=false
db-only,9003622,岸本 衛,磐田,,,,,,pos=DF active=false
db-only,9003641,小林 慎二,横浜F,,,,,,pos=MF active=false
db-only,9004276,佐藤 永志,山形,,,,,,pos=MF active=false
db-only,9004277,アンドレ シルバ,山形,,,,,,pos=MF active=false
db-only,9004357,小澤 慶二郎,甲府,,,,,,pos=DF active=false
db-only,9004376,渡辺 英豊,大宮,,,,,,pos=GK active=false
db-only,9004455,赤池 保幸,札幌,,,,,,pos=GK active=false
db-only,9005141,マルセロ ライアン,横浜FC,,,,,,pos=FW active=false
db-only,9004434,土橋 功,甲府,,,,,,pos=MF active=false
db-only,9004436,吉坂 圭介,大分,,,,,,pos=GK active=false
db-only,9004469,松田 悦典,鳥栖,,,,,,pos=DF active=false
db-only,9004485,信藤 克義,湘南,,,,,,pos=DF active=false
db-only,9004494,澤 寿彦,磐田,,,,,,pos=MF active=false
db-only,9004497,半場 康好,磐田,,,,,,pos=MF active=false
db-only,9004498,市川 彰彦,横浜F,,,,,,pos=MF active=false
db-only,9004501,アルフレッド,横浜F,,,,,,pos=MF active=false
db-only,9004503,水島 武蔵,横浜F,,,,,,pos=MF active=false
db-only,9004504,グリハ,横浜F,,,,,,pos=FW active=false
db-only,9004764,グスタボ マルティニリッシ,沼津,,,,,,pos=DF active=false
db-only,9004768,川崎 幹太,札幌,,,,,,pos=MF active=false
db-only,9004843,漆館 拳大,札幌,,,,,,pos=FW active=false
db-only,9004848,ホセ アウレリオ スアレス,徳島,,,,,,pos=GK active=false
db-only,9005143,山﨑 倫,大宮,,,,,,pos=FW active=false
db-only,9005163,日高 元,大宮,,,,,,pos=FW active=false
db-only,9004942,越後 雄太,仙台,,,,,,pos=MF active=false
db-only,9004946,石原 祐樹,神戸,,,,,,pos=GK active=false
db-only,9005053,大崎 舜,熊本,,,,,,pos=FW active=false
db-only,9005107,オタボー,盛岡,,,,,,pos=MF active=false
db-only,9005871,佐藤 慎之介,熊本,,,,,,pos=GK active=false
db-only,9005877,平野 又三,岐阜,,,,,,pos=MF active=false
db-only,9005887,ジュニオール アウベス,群馬,,,,,,pos=DF active=false
db-only,9005939,阿部 琢久哉,松本,,,,,,pos=DF active=false
db-only,9005952,高杉 亮太,愛媛,,,,,,pos=DF active=false
db-only,9005964,石川 扶,松本,,,,,,pos=GK active=false
db-only,9005971,渡辺 健太郎,愛媛,,,,,,pos=GK active=false
db-only,9005997,呉 勝録,北九州,,,,,,pos=MF active=false
db-only,9006002,重成 俊弥,岐阜,,,,,,pos=GK active=false
db-only,9006038,加藤 健太,熊本,,,,,,pos=MF active=false
db-only,9006057,フラビオ ペレイラ,岐阜,,,,,,pos=DF active=false
db-only,9006058,サイモン ガブリエル,岐阜,,,,,,pos=MF active=false
db-only,9006064,月成 大輝,鳥栖,,,,,,pos=GK active=false
db-only,9006107,曽我部 巧,岐阜,,,,,,pos=GK active=false
db-only,9006111,東間 勇気,甲府,,,,,,pos=DF active=false
db-only,9006118,安藤 寛明,徳島,,,,,,pos=DF active=false
db-only,9006119,鈴木 寿毅,横浜FC,,,,,,pos=DF active=false
db-only,9006130,本間 康貴,徳島,,,,,,pos=GK active=false
db-only,9006158,西田 信孝,岐阜,,,,,,pos=GK active=false
db-only,9006180,太田 弦貴,鳥栖,,,,,,pos=GK active=false
db-only,9006217,金子 慎二,仙台,,,,,,pos=MF active=false
db-only,9006220,加藤 毅,愛媛,,,,,,pos=DF active=false
db-only,9006249,蛯沢 匠吾,札幌,,,,,,pos=GK active=false
db-only,9006253,高地 系治,鳥栖,,,,,,pos=DF active=false
db-only,9006255,三浦 雅樹,横浜FC,,,,,,pos=MF active=false
db-only,9006269,鎌田 安啓,札幌,,,,,,pos=MF active=false
db-only,9006296,徳永 雅俊,湘南,,,,,,pos=GK active=false
db-only,9006299,松田 和之,山形,,,,,,pos=DF active=false
db-only,9006303,山本 雄大,甲府,,,,,,pos=GK active=false
db-only,9006326,上村 秀一,鳥栖,,,,,,pos=MF active=false
db-only,9006332,生方 繁,新潟,,,,,,pos=MF active=false
db-only,9006338,渡辺 聡,横浜FC,,,,,,pos=GK active=false
db-only,9006347,金川 幸司,大宮,,,,,,pos=FW active=false
db-only,9006348,岡村 政幸,山形,,,,,,pos=MF active=false
db-only,9006349,丹沢 啓太,甲府,,,,,,pos=MF active=false
db-only,9006353,佐藤 浩章,仙台,,,,,,pos=DF active=false
db-only,9006356,高橋 哲,山形,,,,,,pos=GK active=false
db-only,9006357,大崎 常喜,仙台,,,,,,pos=GK active=false
db-only,9006361,相沢 清喜,仙台,,,,,,pos=FW active=false
db-only,9006363,佐山 敏,仙台,,,,,,pos=DF active=false
db-only,9006388,近藤 祐輔,群馬,,,,,,pos=GK active=false
db-only,9002738,不老 伸行,神戸,,,,,,pos=GK active=false
db-only,9002794,田渕 龍二,神戸,,,,,,pos=DF active=false
db-only,9002821,高島 裕政,京都,,,,,,pos=GK active=false
db-only,9003351,リー,神戸,,,,,,pos=GK active=false
db-only,9003634,足立 恵蔵,東京V,,,,,,pos=DF active=false
db-only,9001267,髙杉 亮太,長崎,,,,,,pos=DF active=false
db-only,9004280,伊藤 将大,神戸,,,,,,pos=FW active=false
db-only,9004370,春永 代志,神戸,,,,,,pos=MF active=false
db-only,9004391,森川 達矢,東京V,,,,,,pos=GK active=false
db-only,9004478,伊藤 和磨,東京V,,,,,,pos=GK active=false
db-only,9001491,シモビッチ,名古屋,,,,,,pos=FW active=false
db-only,9006009,秋葉 勇志,東京V,,,,,,pos=MF active=false
db-only,9006226,佐藤 拓也,東京V,,,,,,pos=MF active=false
db-only,9001974,松尾 元太,名古屋,,,,,,pos=DF active=false
db-only,9002004,吉田 勇樹,川崎F,,,,,,pos=DF active=false
db-only,9006390,キローラン 裕人,東京V,,,,,,pos=DF active=false
db-only,9002117,砂川 優太郎,広島,,,,,,pos=MF active=false
db-only,9002183,篠原 聖,広島,,,,,,pos=MF active=false
db-only,9003239,中原 幸司,清水,,,,,,pos=GK active=false
db-only,9003103,柳 相鐵,横浜FM,,,,,,pos=MF active=false
db-only,9003146,山口 伸一,G大阪,,,,,,pos=FW active=false
db-only,9003165,森崎 和幸,広島,,,,,,pos=MF active=false
db-only,9003166,森崎 浩司,広島,,,,,,pos=MF active=false
db-only,9002187,矢島 倫太郎,浦和,,,,,,pos=FW active=false
db-only,9002276,ファイサル,浦和,,,,,,pos=FW active=false
db-only,9002309,笠井 健太,鹿島,,,,,,pos=DF active=false
db-only,9002362,鈴木 達矢,川崎F,,,,,,pos=MF active=false
db-only,9002367,小山 泰志,東京,,,,,,pos=DF active=false
db-only,9002423,蔵川 洋平,柏,,,,,,pos=DF active=false
db-only,9002427,エバウド,東京,,,,,,pos=DF active=false
db-only,9002430,朴 宗真,千葉,,,,,,pos=MF active=false
db-only,9002440,河野 直人,広島,,,,,,pos=GK active=false
db-only,9002461,中牧 大輔,千葉,,,,,,pos=GK active=false
db-only,9002476,中尾 真那,広島,,,,,,pos=DF active=false
db-only,9002516,薮田 光教,福岡,,,,,,pos=FW active=false
db-only,9002584,松ヶ枝 泰介,千葉,,,,,,pos=MF active=false
db-only,9002594,熊谷 智哉,千葉,,,,,,pos=FW active=false
db-only,9002602,ジャパ,C大阪,,,,,,pos=FW active=false
db-only,9002608,川淵 勇祐,千葉,,,,,,pos=MF active=false
db-only,9002611,加藤 韻,千葉,,,,,,pos=FW active=false
db-only,9002612,趙 佑鎮,広島,,,,,,pos=FW active=false
db-only,9002649,アデマール,横浜FM,,,,,,pos=FW active=false
db-only,9002696,小沢 英明,鹿島,,,,,,pos=GK active=false
db-only,9002732,首藤 慎一,鹿島,,,,,,pos=GK active=false
db-only,9002752,森 敬史,名古屋,,,,,,pos=MF active=false
db-only,9002799,渡邉 圭二,名古屋,,,,,,pos=MF active=false
db-only,9002811,近藤 健一,東京,,,,,,pos=GK active=false
db-only,9002838,楢崎 正剛,名古屋,,,,,,pos=GK active=false
db-only,9002840,坂本 将貴,千葉,,,,,,pos=MF active=false
db-only,9002907,鈴木 保臣,鹿島,,,,,,pos=MF active=false
db-only,9002920,真中 靖夫,C大阪,,,,,,pos=MF active=false
db-only,9002930,小林 浩孝,千葉,,,,,,pos=MF active=false
db-only,9002950,藪崎 真哉,柏,,,,,,pos=MF active=false
db-only,9002968,石川 康,名古屋,,,,,,pos=DF active=false
db-only,9002996,岸川 義隆,名古屋,,,,,,pos=GK active=false
db-only,9003171,植田 元輝,広島,,,,,,pos=GK active=false
db-only,9003268,ビドマー,広島,,,,,,pos=MF active=false
db-only,9003357,岩村 貴久,広島,,,,,,pos=FW active=false
db-only,9003358,佐々木 丈文,福岡,,,,,,pos=FW active=false
db-only,9003367,藤本 敏史,福岡,,,,,,pos=GK active=false
db-only,9003372,渋谷 直樹,鹿島,,,,,,pos=MF active=false
db-only,9003375,近藤 隆信,福岡,,,,,,pos=MF active=false
db-only,9003399,齊藤 俊秀,清水,,,,,,pos=DF active=false
db-only,9003407,古邊 考功,福岡,,,,,,pos=DF active=false
db-only,9003409,真中 幹夫,千葉,,,,,,pos=DF active=false
db-only,9003433,山崎 慎治,C大阪,,,,,,pos=GK active=false
db-only,9003446,原 祐俊,千葉,,,,,,pos=FW active=false
db-only,9003451,岸 大之,G大阪,,,,,,pos=GK active=false
db-only,9003453,玉田 真人,広島,,,,,,pos=GK active=false
db-only,9003461,永田 忍,千葉,,,,,,pos=GK active=false
db-only,9003473,持山 宜丈,浦和,,,,,,pos=MF active=false
db-only,9003495,大滝 勝巳,清水,,,,,,pos=GK active=false
db-only,9003532,石井 壮二郎,G大阪,,,,,,pos=MF active=false
db-only,9003533,市川 友也,鹿島,,,,,,pos=GK active=false
db-only,9003540,岸本 浩右,千葉,,,,,,pos=GK active=false
db-only,9003545,中村 聖,清水,,,,,,pos=DF active=false
db-only,9003555,中口 雅史,G大阪,,,,,,pos=MF active=false
db-only,9003571,宮沢 浩,千葉,,,,,,pos=DF active=false
db-only,9003577,大場 賢治,鹿島,,,,,,pos=DF active=false
db-only,9003607,澤田 博之,浦和,,,,,,pos=DF active=false
db-only,9003611,加藤 正浩,横浜FM,,,,,,pos=MF active=false
db-only,9003615,中沢 佑太,浦和,,,,,,pos=DF active=false
db-only,9003620,岡本 賢二,鹿島,,,,,,pos=FW active=false
db-only,9003624,望月 一頼,広島,,,,,,pos=GK active=false
db-only,9003627,園部 晃久,浦和,,,,,,pos=GK active=false
db-only,9003629,植木 昌晃,鹿島,,,,,,pos=FW active=false
db-only,9003630,森 智浩,G大阪,,,,,,pos=DF active=false
db-only,9003633,川畑 淳二,名古屋,,,,,,pos=FW active=false
db-only,9003665,ﾃﾞｨﾄﾞ・ﾊｰﾌﾅｰ,名古屋,,,,,,pos=GK active=false
db-only,9003670,吉田 昭義,名古屋,,,,,,pos=FW active=false
db-only,9003675,赤澤 昌美,鹿島,,,,,,pos=DF active=false
db-only,9004275,大森 圭悟,広島,,,,,,pos=GK active=false
db-only,9004281,和田 新吾,名古屋,,,,,,pos=DF active=false
db-only,9004283,金 東秀,千葉,,,,,,pos=FW active=false
db-only,9004285,安田 忠臣,福岡,,,,,,pos=DF active=false
db-only,9004297,大根 亮,鹿島,,,,,,pos=DF active=false
db-only,9004301,藤田 豊,鹿島,,,,,,pos=DF active=false
db-only,9004400,深川 大樹,福岡,,,,,,pos=FW active=false
db-only,9004458,境 秋範,川崎F,,,,,,pos=GK active=false
db-only,9004471,廣池 寿,広島,,,,,,pos=MF active=false
db-only,9004472,田中 政俊,横浜FM,,,,,,pos=DF active=false
db-only,9004473,中丸 貴之,横浜FM,,,,,,pos=MF active=false
db-only,9004474,古河 裕次,G大阪,,,,,,pos=DF active=false
db-only,9004476,草柳 聡,横浜FM,,,,,,pos=MF active=false
db-only,9004479,宮澤 将之,横浜FM,,,,,,pos=DF active=false
db-only,9004470,藤元 大輔,福岡,,,,,,pos=FW active=false
db-only,9004489,東海林 毅,柏,,,,,,pos=DF active=false
db-only,9004491,岩科 信秀,清水,,,,,,pos=DF active=false
db-only,9004493,若松 賢治,広島,,,,,,pos=FW active=false
db-only,9004507,松島 芳久,G大阪,,,,,,pos=DF active=false
db-only,9004511,松山 大輔,広島,,,,,,pos=GK active=false
db-only,9004514,平田 英治,広島,,,,,,pos=MF active=false
db-only,9004515,川上 靖,清水,,,,,,pos=MF active=false
db-only,9004837,行徳 瑛,名古屋,,,,,,pos=DF active=false
db-only,9004853,名越 瑛恒,広島,,,,,,pos=GK active=false
db-only,9004907,池高 暢希,浦和,,,,,,pos=MF active=false
db-only,9005389,ゲリア,千葉,,,,,,pos=DF active=false
db-only,9004945,荻野 賢次郎,C大阪,,,,,,pos=GK active=false
db-only,9005578,高橋 壱晟,千葉,,,,,,pos=MF active=false
db-only,9005860,キム ヨンギ,水戸,,,,,,pos=DF active=false
db-only,9005891,ＦＧ 舞行龍ジェームズ,長崎,,,,,,pos=DF active=false
db-only,9005905,金 龍起,水戸,,,,,,pos=DF active=false
db-only,9005951,坂本 和哉,岡山,,,,,,pos=DF active=false
db-only,9005969,孫 正倫,福岡,,,,,,pos=MF active=false
db-only,9006008,瀧澤 進吾,水戸,,,,,,pos=GK active=false
db-only,9006110,滝 裕徳,岡山,,,,,,pos=GK active=false
db-only,9006227,大河原 亮,柏,,,,,,pos=DF active=false
db-only,9006236,斉藤 乙,水戸,,,,,,pos=MF active=false
db-only,9006302,池田 光忠,水戸,,,,,,pos=MF active=false
db-only,9006306,小川 雅巳,水戸,,,,,,pos=DF active=false
db-only,9006323,二宮 一拓,福岡,,,,,,pos=MF active=false
db-only,9006358,北 慎,東京,,,,,,pos=DF active=false
db-only,9006385,木村 純哉,水戸,,,,,,pos=MF active=false
db-only,9001893,高原 幹,名古屋,,,,,,pos=FW active=false
db-only,9003060,小川 雅已,C大阪,,,,,,pos=DF active=false
db-only,9003078,松島 竜太,鹿島,,,,,,pos=DF active=false
sfix-only,,,,,499,アイルトン,柏,1966-01-19,pos=MF
sfix-only,,,,,6732,アウグスト,川崎Ｆ,1968-11-05,pos=MF
sfix-only,,,,,37649,アウグスト,松本,1992-08-06,pos=MF
sfix-only,,,,,1673,アウミール,湘南,1969-03-26,pos=FW
sfix-only,,,,,38067,青江 俊祐,岡山,2004-11-25,pos=MF
sfix-only,,,,,49610,青木 安里磨,長野,2000-08-24,pos=MF
sfix-only,,,,,49317,青木 駿汰,鹿児島,2000-11-02,pos=FW
sfix-only,,,,,23561,青木 想真,仙台,2001-05-22,pos=DF
sfix-only,,,,,45272,青木 拓真,山形,2005-04-09,pos=DF
sfix-only,,,,,45682,青木 洋翔,今治,2004-07-17,pos=MF
sfix-only,,,,,46817,青木 正宗,名古屋,2006-04-18,pos=DF
sfix-only,,,,,37874,青木 友佑,FC東京,2002-08-30,pos=FW
sfix-only,,,,,23412,青木 陸,広島,2001-08-12,pos=GK
sfix-only,,,,,23321,青野 聖樹,愛媛,1999-08-02,pos=MF
sfix-only,,,,,39628,青柳 仰,浦和,2005-06-03,pos=DF
sfix-only,,,,,19370,青山 夕祐,名古屋,1999-05-08,pos=DF
sfix-only,,,,,32027,赤木 直人,岡山,1997-12-25,pos=MF
sfix-only,,,,,38083,赤木 陽翔,愛媛,2004-07-07,pos=MF
sfix-only,,,,,45310,赤坂 渓也,横浜FM,2001-01-24,pos=FW
sfix-only,,,,,39189,赤須 真登,札幌,2004-06-16,pos=DF
sfix-only,,,,,44612,秋重 凛太朗,長崎,2004-11-16,pos=GK
sfix-only,,,,,46838,秋田 深月,横浜FM,2006-04-17,pos=DF
sfix-only,,,,,29515,秋守 蓮,岡山,2001-09-11,pos=DF
sfix-only,,,,,45227,秋山 虎之亮,湘南,2005-07-02,pos=MF
sfix-only,,,,,19407,明比 友宏,広島,1999-08-27,pos=FW
sfix-only,,,,,37820,揚妻 秀斗,甲府,2002-06-06,pos=GK
sfix-only,,,,,32736,浅井 一希,愛媛,2003-07-06,pos=DF
sfix-only,,,,,49343,浅井 一彦,大宮,2005-05-16,pos=DF
sfix-only,,,,,38112,浅井 寛大,清水,2004-05-16,pos=MF
sfix-only,,,,,19379,浅井 昂介,名古屋,2000-11-25,pos=MF
sfix-only,,,,,19309,浅川 将輝,川崎Ｆ,1999-01-06,pos=GK
sfix-only,,,,,32548,朝倉 爽,鳥取,2003-02-16,pos=MF
sfix-only,,,,,71488,浅田 連,神戸,2010-06-10,pos=MF
sfix-only,,,,,70831,浅野 良啓,高知,2003-12-31,pos=DF
sfix-only,,,,,46837,浅野 克己,横浜FM,2006-05-16,pos=DF
sfix-only,,,,,38039,浅野 直希,Ｇ大阪,2003-04-21,pos=MF
sfix-only,,,,,48912,朝見 友樹,横浜FC,2006-07-15,pos=MF
sfix-only,,,,,48710,東 桂吾,徳島,2007-01-16,pos=DF
sfix-only,,,,,37719,足立 快斗,山口,2004-09-03,pos=MF
sfix-only,,,,,45167,安達 一貴,町田,2004-05-07,pos=DF
sfix-only,,,,,45266,安達 健太郎,山形,2004-07-17,pos=MF
sfix-only,,,,,48996,安達 朔,札幌,2007-02-02,pos=MF
sfix-only,,,,,45108,足立 優,Ｇ大阪,2004-08-14,pos=GK
sfix-only,,,,,19663,アチーレ エマナ,徳島,1982-06-05,pos=FW
sfix-only,,,,,6446,アドリアーノ,浦和,1974-09-20,pos=MF
sfix-only,,,,,6720,アドリアーノ,横浜FC,1982-11-14,pos=MF
sfix-only,,,,,39404,アピッチ 輝,浦和,2003-12-09,pos=GK
sfix-only,,,,,19301,阿部 空矢,仙台,1999-12-25,pos=DF
sfix-only,,,,,60451,阿部 慎太朗,浦和,2006-04-07,pos=DF
sfix-only,,,,,19531,阿部 隼人,群馬,1998-06-27,pos=DF
sfix-only,,,,,45294,阿部 遥人,山形,2006-09-22,pos=FW
sfix-only,,,,,19285,阿部 輝,仙台,1998-05-06,pos=GK
sfix-only,,,,,37735,阿部 真尋,大分,2003-04-06,pos=MF
sfix-only,,,,,39210,阿部 水帆,浦和,2005-06-12,pos=MF
sfix-only,,,,,19295,阿部 龍之介,仙台,1999-01-12,pos=FW
sfix-only,,,,,49670,阿部 諒弥,清水,2001-03-03,pos=GK
sfix-only,,,,,29465,天根 勇輝,山口,2001-06-01,pos=DF
sfix-only,,,,,23346,天野 友心,清水,2000-07-10,pos=GK
sfix-only,,,,,45275,天野 瑠成,山形,2005-05-06,pos=MF
sfix-only,,,,,19543,荒 貴史,横浜FM,1999-04-06,pos=GK
sfix-only,,,,,45693,荒井 海聖,今治,2006-01-17,pos=DF
sfix-only,,,,,37898,荒井 貫太,神戸,2003-06-30,pos=MF
sfix-only,,,,,11359,新井 純平,長野,1989-07-22,pos=MF
sfix-only,,,,,49598,新井 直登,松本,2001-03-03,pos=FW
sfix-only,,,,,29506,新井 隼利,岡山,2001-04-23,pos=GK
sfix-only,,,,,61701,新井 夢功,群馬,2006-10-05,pos=DF
sfix-only,,,,,39167,荒川 颯磨,仙台,2003-04-18,pos=MF
sfix-only,,,,,39193,荒木 健斗,札幌,2005-05-31,pos=DF
sfix-only,,,,,32544,荒木 駿汰,鳥取,2002-04-08,pos=MF
sfix-only,,,,,23362,荒木 亮輔,清水,2001-04-15,pos=FW
sfix-only,,,,,29586,荒田 成貴,鳥取,1996-06-02,pos=MF
sfix-only,,,,,6056,アラン,山形,1977-03-19,pos=DF
sfix-only,,,,,44207,有島 那音,鹿児島,2005-04-12,pos=FW
sfix-only,,,,,9075,アリソン,大宮,1982-06-30,pos=FW
sfix-only,,,,,6777,アリソン,Ｇ大阪,1980-01-02,pos=MF
sfix-only,,,,,19536,有馬 弦希,横浜FM,1998-09-14,pos=DF
sfix-only,,,,,23408,有光 空大,広島,2001-06-16,pos=FW
sfix-only,,,,,38119,有村 柊人,清水,2005-10-22,pos=DF
sfix-only,,,,,70868,有吉 勇人,金沢,2003-12-06,pos=DF
sfix-only,,,,,32411,アルトゥール,相模原,2000-08-04,pos=DF
sfix-only,,,,,2304,アレシャンドレ,京都,1973-08-15,pos=MF
sfix-only,,,,,19443,アレシャンドレ,相模原,1993-02-05,pos=FW
sfix-only,,,,,29355,アレシャンドレ,京都,1998-04-01,pos=MF
sfix-only,,,,,10385,アレックス,東京Ｖ,1985-03-20,pos=MF
sfix-only,,,,,11023,アレックス,清水,1983-10-12,pos=FW
sfix-only,,,,,11226,アレックス,栃木SC,1993-07-08,pos=FW
sfix-only,,,,,4255,アレックス,Ｃ大阪,1969-04-22,pos=MF
sfix-only,,,,,5882,アレックス,大分,1976-04-20,pos=FW
sfix-only,,,,,6717,アレックス,甲府,1975-08-14,pos=MF
sfix-only,,,,,7180,アレックス,讃岐,1983-04-16,pos=DF
sfix-only,,,,,70193,アンジェリーニ,FC大阪,2004-08-10,pos=DF
sfix-only,,,,,19679,按田 頼,札幌,1997-05-07,pos=DF
sfix-only,,,,,29582,アンダース アプリン,松本,1991-06-21,pos=DF
sfix-only,,,,,2945,アンテ,仙台,1971-09-28,pos=FW
sfix-only,,,,,4269,アンデルソン,横浜Ｆ,1977-02-15,pos=FW
sfix-only,,,,,49613,アンデルソン,藤枝,2001-03-03,pos=FW
sfix-only,,,,,7441,アンデルソン,新潟,1972-12-22,pos=DF
sfix-only,,,,,8704,アンデルソン,熊本,1981-11-15,pos=FW
sfix-only,,,,,9133,アンデルソン,横浜FC,1981-12-14,pos=DF
sfix-only,,,,,10143,アンデルソン,札幌,1978-02-01,pos=FW
sfix-only,,,,,11064,アンデルソン,岡山,1983-12-29,pos=FW
sfix-only,,,,,6164,アントニオ,甲府,1970-11-16,pos=MF
sfix-only,,,,,19352,安藤 虎星,仙台,2000-12-01,pos=MF
sfix-only,,,,,44313,安東 輝,長野,1995-07-03,pos=MF
sfix-only,,,,,19353,安藤 竜星,仙台,2000-12-01,pos=MF
sfix-only,,,,,6169,アンドレ,鳥栖,1980-07-15,pos=FW
sfix-only,,,,,8640,アンドレ,徳島,1986-11-24,pos=MF
sfix-only,,,,,19207,アンドレイ,京都,1992-02-17,pos=MF
sfix-only,,,,,61049,アヴェレーテ イーブス,FC大阪,2003-03-06,pos=FW
sfix-only,,,,,70117,イ ジェファン,愛媛,2006-12-15,pos=FW
sfix-only,,,,,70119,李 眞雨,讃岐,2003-03-14,pos=GK
sfix-only,,,,,37570,イ チソン,琉球,1998-08-10,pos=MF
sfix-only,,,,,71474,李 韓喜,FC大阪,2007-07-04,pos=FW
sfix-only,,,,,58715,イ ビョンチャン,岩手,2005-03-30,pos=DF
sfix-only,,,,,38074,伊井 涼馬,愛媛,2004-06-26,pos=MF
sfix-only,,,,,54857,飯田 恵然,磐田,2006-04-05,pos=GK
sfix-only,,,,,48693,飯塚 大地,横浜FC,2005-04-18,pos=DF
sfix-only,,,,,39194,飯野 珠央,札幌,2005-10-01,pos=MF
sfix-only,,,,,19604,飯野 雅俊,群馬,1998-12-03,pos=GK
sfix-only,,,,,45204,飯村 太基,横浜FM,2005-06-28,pos=MF
sfix-only,,,,,11917,飯室 綾太,YS横浜,1982-09-29,pos=MF
sfix-only,,,,,44817,井川 晴貴,横浜FM,2005-12-30,pos=FW
sfix-only,,,,,45270,五十嵐 瑛都,山形,2004-10-18,pos=MF
sfix-only,,,,,23355,五十嵐 海斗,清水,2001-04-25,pos=MF
sfix-only,,,,,19553,五十嵐 大悟,横浜FM,2000-04-16,pos=DF
sfix-only,,,,,45282,猪狩 歩望,山形,2006-01-26,pos=DF
sfix-only,,,,,32437,井口 綾人,琉球,2001-01-21,pos=FW
sfix-only,,,,,19578,池田 修志,神戸,1999-07-19,pos=FW
sfix-only,,,,,45245,池田 拓海,湘南,2006-04-11,pos=DF
sfix-only,,,,,38058,池田 任泰,岡山,2004-06-15,pos=MF
sfix-only,,,,,44616,池田 誉,長崎,2005-04-26,pos=FW
sfix-only,,,,,19515,池田 衛,湘南,1998-04-06,pos=DF
sfix-only,,,,,32754,池田 柚生,広島,2003-09-02,pos=MF
sfix-only,,,,,46818,池間 叶,名古屋,2006-07-18,pos=MF
sfix-only,,,,,44182,池末 瞬平,福岡,2004-07-04,pos=MF
sfix-only,,,,,32542,池本 晴,鳥取,2001-08-18,pos=MF
sfix-only,,,,,39648,池本 優,鳥取,2004-10-18,pos=MF
sfix-only,,,,,19323,池谷 祐輔,川崎Ｆ,1999-07-17,pos=MF
sfix-only,,,,,23564,井坂 健太,水戸,1996-07-11,pos=GK
sfix-only,,,,,46819,伊澤 翔登,名古屋,2006-08-20,pos=DF
sfix-only,,,,,39405,伊澤 壮平,浦和,2003-09-26,pos=FW
sfix-only,,,,,335,石井 壯二郎,Ｇ大阪,1970-03-29,pos=DF
sfix-only,,,,,45655,石井 秀幸,岡山,2006-06-09,pos=MF
sfix-only,,,,,23356,石井 飛雄馬,清水,2001-06-23,pos=GK
sfix-only,,,,,45190,石井 琉晟,横浜FM,2004-05-23,pos=DF
sfix-only,,,,,39170,石川 蒼生,札幌,2003-04-19,pos=MF
sfix-only,,,,,19651,石川 碧人,鹿島,1999-06-12,pos=GK
sfix-only,,,,,40774,石川 玄大,湘南,2003-06-23,pos=MF
sfix-only,,,,,49457,石川 丈慈,栃木SC,2005-04-14,pos=MF
sfix-only,,,,,38113,石川 晴大,清水,2005-01-03,pos=MF
sfix-only,,,,,45188,石川 成希,清水,2006-04-03,pos=DF
sfix-only,,,,,49255,石川 大稀,水戸,2004-08-21,pos=MF
sfix-only,,,,,23260,石川 隆汰,岡山,1999-02-15,pos=FW
sfix-only,,,,,23414,石上 航,広島,2002-03-12,pos=DF
sfix-only,,,,,44748,石坂 亮人,岐阜,2003-10-25,pos=MF
sfix-only,,,,,37715,石崎 諒,山口,2004-05-26,pos=MF
sfix-only,,,,,29522,石田 隼将,岡山,2002-08-12,pos=FW
sfix-only,,,,,45210,石田 怜也,湘南,2004-07-12,pos=FW
sfix-only,,,,,38907,石塚 心,横浜FM,2003-10-12,pos=DF
sfix-only,,,,,39227,石原 澄海,鹿児島,2005-07-30,pos=FW
sfix-only,,,,,51948,石原 未蘭,広島,2005-04-21,pos=MF
sfix-only,,,,,38936,石橋 郁弥,名古屋,2005-04-16,pos=FW
sfix-only,,,,,39660,石間 大誠,鳥取,2005-11-09,pos=GK
sfix-only,,,,,44759,石嶺 幸也,琉球,2005-04-11,pos=FW
sfix-only,,,,,60247,石本 泰雅,京都,2006-04-27,pos=MF
sfix-only,,,,,29519,石森 禅,岡山,2002-04-23,pos=GK
sfix-only,,,,,37731,泉 孝明,大分,2002-11-09,pos=FW
sfix-only,,,,,40771,和泉 颯,甲府,2003-08-30,pos=GK
sfix-only,,,,,15847,泉 悠哉,山口,1992-12-18,pos=DF
sfix-only,,,,,70919,井芹 響輔,大宮,2009-04-29,pos=DF
sfix-only,,,,,45191,磯ヶ谷 佳心,横浜FM,2004-08-16,pos=MF
sfix-only,,,,,49344,磯﨑 麻玖,大宮,2006-05-26,pos=FW
sfix-only,,,,,19624,磯部 勘太,磐田,1999-01-19,pos=GK
sfix-only,,,,,19618,板木 蓮,新潟,1998-06-18,pos=DF
sfix-only,,,,,11984,板野 圭竜,岡山,1995-11-30,pos=DF
sfix-only,,,,,39641,市 晴貴,鳥取,2004-05-30,pos=DF
sfix-only,,,,,32556,市川 健志郎,徳島,2001-04-03,pos=DF
sfix-only,,,,,32564,市河 太一,岡山,2004-02-03,pos=MF
sfix-only,,,,,71485,市川 遥章,栃木SC,2008-04-22,pos=MF
sfix-only,,,,,37758,一瀬 透也,大分,2004-07-31,pos=MF
sfix-only,,,,,48932,市村 慎之介,水戸,2004-07-12,pos=MF
sfix-only,,,,,55419,一色 竜二,仙台,2006-08-18,pos=DF
sfix-only,,,,,49399,井手 圭,長崎,2006-08-02,pos=MF
sfix-only,,,,,37728,井手 真渚人,大分,2002-08-19,pos=FW
sfix-only,,,,,29379,糸井 岬,山口,2000-04-03,pos=MF
sfix-only,,,,,19300,伊藤 慧,仙台,1999-05-19,pos=GK
sfix-only,,,,,44181,伊藤 晃希,福岡,2004-05-08,pos=DF
sfix-only,,,,,38948,伊藤 康太,名古屋,2003-07-04,pos=DF
sfix-only,,,,,45099,伊藤 小次郎,長崎,2005-05-13,pos=MF
sfix-only,,,,,29568,伊藤 太陽,広島,2002-06-29,pos=DF
sfix-only,,,,,23330,伊藤 駿光,清水,1999-05-19,pos=DF
sfix-only,,,,,19552,伊藤 優世,横浜FM,1999-04-09,pos=MF
sfix-only,,,,,19468,伊藤 友太,岩手,1998-11-02,pos=GK
sfix-only,,,,,45311,伊藤 雄教,横浜FM,2001-02-13,pos=FW
sfix-only,,,,,62135,伊藤 陸音,松本,2007-06-01,pos=GK
sfix-only,,,,,19396,伊藤 隆介,広島,1998-08-11,pos=GK
sfix-only,,,,,44311,伊藤 隆人,水戸,1998-04-30,pos=FW
sfix-only,,,,,29466,伊東 稜晟,FC大阪,2001-04-26,pos=DF
sfix-only,,,,,37815,伊藤 琉偉,山形,2002-09-12,pos=GK
sfix-only,,,,,49279,糸賀 大翼,新潟,2005-08-31,pos=DF
sfix-only,,,,,39657,糸山 仁,鳥取,2005-05-20,pos=DF
sfix-only,,,,,39616,稲垣 篤志,浦和,2005-03-03,pos=DF
sfix-only,,,,,23402,稲川 碧希,新潟,1999-07-15,pos=MF
sfix-only,,,,,38960,稲川 暖大,名古屋,2005-03-19,pos=DF
sfix-only,,,,,45229,伊波 純,湘南,2005-10-01,pos=DF
sfix-only,,,,,37829,犬飼 裕哉,栃木SC,2004-02-05,pos=GK
sfix-only,,,,,9245,井上 寛太,長野,1991-04-12,pos=MF
sfix-only,,,,,38949,井上 巧,名古屋,2003-07-09,pos=DF
sfix-only,,,,,41155,井上 湘太,徳島,2004-11-23,pos=DF
sfix-only,,,,,19332,井上 聖也,高知,1998-06-25,pos=GK
sfix-only,,,,,38076,井上 征哉,愛媛,2004-09-15,pos=MF
sfix-only,,,,,48703,井上 斗希,徳島,2006-04-16,pos=DF
sfix-only,,,,,48907,井上 輝,横浜FC,2004-11-09,pos=MF
sfix-only,,,,,19520,井上 恵武,湘南,1999-09-23,pos=FW
sfix-only,,,,,48720,井上 源就,鹿児島,2006-10-20,pos=MF
sfix-only,,,,,38913,井上 雄斗,横浜FM,2003-06-18,pos=MF
sfix-only,,,,,19381,井上 亮雅,名古屋,2000-04-19,pos=DF
sfix-only,,,,,29419,井ノ尾 匠,京都,2000-06-06,pos=GK
sfix-only,,,,,45211,禱 涼真,湘南,2004-08-19,pos=DF
sfix-only,,,,,37862,揖斐 俊斗,柏,2002-12-19,pos=MF
sfix-only,,,,,45683,今井 勘太,今治,2004-08-15,pos=GK
sfix-only,,,,,49331,今井 啓太,鹿島,2005-01-11,pos=DF
sfix-only,,,,,29523,今井 颯人,岡山,2002-09-14,pos=GK
sfix-only,,,,,29485,今金 夢斗,山口,2001-07-24,pos=MF
sfix-only,,,,,44198,今福 剣之典,福岡,2005-10-07,pos=MF
sfix-only,,,,,45212,今村 陸人,湘南,2004-04-27,pos=MF
sfix-only,,,,,32594,今吉 晃平,岡山,1998-03-14,pos=MF
sfix-only,,,,,19397,入江 将太,広島,1999-03-02,pos=MF
sfix-only,,,,,44192,入江 優仁,福岡,2005-07-13,pos=FW
sfix-only,,,,,45676,磐井 稜真,東京Ｖ,2005-06-17,pos=GK
sfix-only,,,,,44613,岩川 晴彦,長崎,2004-08-16,pos=MF
sfix-only,,,,,19547,岩城 大助,横浜FM,1999-06-23,pos=FW
sfix-only,,,,,45293,岩崎 涼馬,山形,2006-09-09,pos=MF
sfix-only,,,,,19560,岩澤 桐人,横浜FM,2000-05-17,pos=MF
sfix-only,,,,,11929,岩澤 徹,YS横浜,1985-06-18,pos=FW
sfix-only,,,,,38120,岩﨑 海駕,清水,2005-07-20,pos=DF
sfix-only,,,,,70784,岩瀬 陽,湘南,2003-10-15,pos=GK
sfix-only,,,,,45230,岩田 康貴,湘南,2005-04-22,pos=DF
sfix-only,,,,,39656,岩根 隆大,鳥取,2005-08-29,pos=DF
sfix-only,,,,,37751,岩間 慶太,大分,2004-05-17,pos=DF
sfix-only,,,,,39217,岩元 愛翔,鹿児島,2004-03-14,pos=MF
sfix-only,,,,,15844,岩本 和希,Ｇ大阪,1997-04-07,pos=MF
sfix-only,,,,,38122,岩本 昇悟,清水,2005-07-09,pos=DF
sfix-only,,,,,59532,岩本 悠庵,神戸,2006-04-15,pos=MF
sfix-only,,,,,44786,岩本 侑大,福岡,2000-08-22,pos=DF
sfix-only,,,,,47610,岩本 悠也,長崎,2006-10-16,pos=MF
sfix-only,,,,,45176,岩本 陵,鳥取,2006-04-27,pos=DF
sfix-only,,,,,9159,ウィリアン,仙台,1983-09-22,pos=FW
sfix-only,,,,,12023,ウェズレイ,鹿児島,1992-01-16,pos=DF
sfix-only,,,,,10386,ウェリントン,北九州,1981-09-04,pos=MF
sfix-only,,,,,19272,ウェリントン ロシャ,岐阜,1990-10-04,pos=DF
sfix-only,,,,,32559,上岡 陸,愛媛,2001-06-29,pos=FW
sfix-only,,,,,39629,植竹 優太,浦和,2005-05-21,pos=DF
sfix-only,,,,,45685,植田 圭祐,今治,2005-01-16,pos=DF
sfix-only,,,,,19296,上田 健斗,仙台,1998-08-13,pos=DF
sfix-only,,,,,19565,上田 駿斗,神戸,1998-04-14,pos=DF
sfix-only,,,,,15824,上田 悠起,横浜FC,1996-09-20,pos=MF
sfix-only,,,,,45213,上田 侑輝,湘南,2004-05-05,pos=MF
sfix-only,,,,,29428,上田 龍朋,熊本,2001-12-06,pos=GK
sfix-only,,,,,46841,上西 遥喜,横浜FM,2006-09-19,pos=MF
sfix-only,,,,,37755,上野 瑛太,大分,2004-07-14,pos=GK
sfix-only,,,,,37528,上野 賢人,相模原,1997-04-03,pos=MF
sfix-only,,,,,19502,上野 綜太,川崎Ｆ,2001-01-24,pos=FW
sfix-only,,,,,45287,上野 隆之介,山形,2006-09-11,pos=DF
sfix-only,,,,,39355,上野山 叶夢,水戸,2004-09-01,pos=MF
sfix-only,,,,,54755,上村 朋生,熊本,2007-02-06,pos=GK
sfix-only,,,,,32565,植本 大貴,岡山,2003-07-11,pos=DF
sfix-only,,,,,49400,宇佐川 眞央,長崎,2006-06-11,pos=MF
sfix-only,,,,,29416,牛越 大河,長野,2000-06-04,pos=GK
sfix-only,,,,,45718,臼井 春翔,栃木SC,2005-04-16,pos=DF
sfix-only,,,,,19540,薄葉 迅人,横浜FM,1998-05-18,pos=FW
sfix-only,,,,,39664,内賀嶋 巧,鳥取,2005-08-30,pos=DF
sfix-only,,,,,29486,内田 修人,山口,2001-06-15,pos=MF
sfix-only,,,,,29460,内田 大貴,鳥取,2001-07-19,pos=GK
sfix-only,,,,,48913,内堀 太貴,横浜FC,2006-09-22,pos=MF
sfix-only,,,,,19298,内村 凜太朗,仙台,1998-10-24,pos=MF
sfix-only,,,,,48392,内山 航紀,長崎,2006-09-20,pos=MF
sfix-only,,,,,39347,内山 純,山形,2003-07-11,pos=MF
sfix-only,,,,,52289,内山 拓海,奈良,2007-03-06,pos=GK
sfix-only,,,,,11948,内山 俊彦,福島,1989-04-29,pos=MF
sfix-only,,,,,38917,内海 碧斗,横浜FM,2003-07-25,pos=FW
sfix-only,,,,,32566,内海 柊輝,岡山,2003-07-13,pos=FW
sfix-only,,,,,29563,内海 陽樹,広島,2002-04-12,pos=DF
sfix-only,,,,,19590,畝尾 拳槙,神戸,2000-04-06,pos=MF
sfix-only,,,,,32567,梅田 凱斗,岡山,2003-08-07,pos=FW
sfix-only,,,,,45231,梅津 ダニエル,湘南,2005-04-27,pos=DF
sfix-only,,,,,19302,梅津 怜央,仙台,1999-11-07,pos=MF
sfix-only,,,,,19622,梅津 怜央,新潟,1998-07-24,pos=DF
sfix-only,,,,,37876,梅原 翔琉,FC東京,2002-06-28,pos=MF
sfix-only,,,,,15802,浦 紘史,山口,1992-10-10,pos=MF
sfix-only,,,,,37721,浦川 友希,山口,2004-05-11,pos=GK
sfix-only,,,,,38085,占部 天寿,愛媛,2004-06-06,pos=DF
sfix-only,,,,,32533,ウリンボエフ,徳島,1995-03-30,pos=FW
sfix-only,,,,,7765,ウーゴ,群馬,1980-10-27,pos=MF
sfix-only,,,,,11395,ウーゴ,岡山,1986-01-06,pos=FW
sfix-only,,,,,49392,江上 竜汰,長崎,2004-11-11,pos=DF
sfix-only,,,,,8048,エジウソン,福岡,1978-12-08,pos=FW
sfix-only,,,,,7641,エジソン,大宮,1980-07-26,pos=FW
sfix-only,,,,,10109,エジソン,札幌,1990-02-26,pos=FW
sfix-only,,,,,7676,エジミウソン,熊本,1976-02-17,pos=MF
sfix-only,,,,,7763,エジミウソン,Ｃ大阪,1982-09-15,pos=FW
sfix-only,,,,,2217,エジミウソン,横浜FM,1974-03-26,pos=FW
sfix-only,,,,,6697,エジミウソン,川崎Ｆ,1974-02-23,pos=MF
sfix-only,,,,,45709,江角 健太,京都,2004-08-25,pos=GK
sfix-only,,,,,11993,エデル,湘南,1983-04-07,pos=MF
sfix-only,,,,,10772,エデル,横浜FC,1989-08-21,pos=FW
sfix-only,,,,,32022,江藤 将司,鳥取,1998-01-03,pos=GK
sfix-only,,,,,11468,エドゥアルド,長崎,1993-04-27,pos=DF
sfix-only,,,,,61967,エドゥアルド,讃岐,2000-12-06,pos=MF
sfix-only,,,,,10256,エドゥー,FC東京,1981-11-30,pos=FW
sfix-only,,,,,205,エドゥー,横浜Ｆ,1963-02-02,pos=MF
sfix-only,,,,,765,エドゥー,清水,1967-02-02,pos=MF
sfix-only,,,,,63014,エドワード 真秀,大宮,2008-07-21,pos=MF
sfix-only,,,,,52285,江原 叡志,川崎Ｆ,2005-08-09,pos=DF
sfix-only,,,,,39630,江橋 勇斗,浦和,2005-04-11,pos=GK
sfix-only,,,,,2239,エメルソン,湘南,1973-07-28,pos=FW
sfix-only,,,,,6124,エメルソン,浦和,1981-09-06,pos=FW
sfix-only,,,,,6766,エメルソン,東京Ｖ,1973-03-02,pos=DF
sfix-only,,,,,7280,エメルソン,清水,1975-01-05,pos=DF
sfix-only,,,,,9877,エメルソン,湘南,1980-04-23,pos=MF
sfix-only,,,,,15916,エリック,松本,1985-12-05,pos=MF
sfix-only,,,,,46844,エルシャターブ ブライト海,横浜FM,2007-02-21,pos=FW
sfix-only,,,,,39654,遠藤 才大,鳥取,2005-04-21,pos=MF
sfix-only,,,,,4300,エンリケ,東京Ｖ,1966-03-15,pos=DF
sfix-only,,,,,5878,エンリケ,東京Ｖ,1976-12-24,pos=FW
sfix-only,,,,,19228,オ ハンビン,群馬,1996-03-06,pos=FW
sfix-only,,,,,37746,生地 太陽,大分,2003-12-15,pos=DF
sfix-only,,,,,29490,大出 文哉,山口,2002-07-16,pos=DF
sfix-only,,,,,40853,大石 暖,鹿児島,2004-06-07,pos=MF
sfix-only,,,,,61008,大磯 竜輝,名古屋,2004-12-05,pos=DF
sfix-only,,,,,49271,大岩 徹平,新潟,2004-05-05,pos=MF
sfix-only,,,,,15832,大岩 亮太,群馬,1996-08-05,pos=FW
sfix-only,,,,,60355,大亀 司,横浜FC,2007-10-27,pos=GK
sfix-only,,,,,15897,大川 圭為,浦和,1998-03-27,pos=GK
sfix-only,,,,,32568,大河原 優斗,岡山,2003-04-28,pos=DF
sfix-only,,,,,47611,大久保 龍人,長崎,2007-02-12,pos=DF
sfix-only,,,,,49951,大久保 祐希,東京Ｖ,2006-03-08,pos=FW
sfix-only,,,,,37805,大倉 舞駿,今治,2003-04-29,pos=DF
sfix-only,,,,,39180,逢坂 文都,札幌,2003-04-04,pos=GK
sfix-only,,,,,39174,逢坂 大翔,札幌,2003-09-28,pos=DF
sfix-only,,,,,44610,大迫 義明,長崎,2003-10-02,pos=DF
sfix-only,,,,,49258,大澤 羽隠,水戸,2005-06-07,pos=MF
sfix-only,,,,,49401,大澤 元栄,長崎,2006-08-13,pos=FW
sfix-only,,,,,71482,大澤 忠臣,札幌,2009-02-28,pos=DF
sfix-only,,,,,44760,大城 英司,札幌,2003-03-28,pos=MF
sfix-only,,,,,49259,大関 健斗,水戸,2005-08-15,pos=DF
sfix-only,,,,,29524,太田 陽斗,岡山,2002-05-08,pos=DF
sfix-only,,,,,44763,大竹 将吾,水戸,2000-02-27,pos=FW
sfix-only,,,,,37740,大津 響輝,大分,2003-06-02,pos=MF
sfix-only,,,,,19518,大津 佑和,湘南,1998-05-15,pos=MF
sfix-only,,,,,37308,大塚 拓海,愛媛,1997-06-13,pos=FW
sfix-only,,,,,49437,大塚 尋斗,鳥取,2000-08-07,pos=FW
sfix-only,,,,,70834,大坪 謙也,愛媛,2003-06-05,pos=DF
sfix-only,,,,,45668,大坪 十維,岩手,2003-07-31,pos=DF
sfix-only,,,,,40849,大友 千裕,横浜FM,2001-01-10,pos=MF
sfix-only,,,,,47657,大友 侑也,秋田,2004-06-12,pos=MF
sfix-only,,,,,23397,大西 翔也,浦和,1999-10-07,pos=DF
sfix-only,,,,,12180,大西 拓真,FC東京,1996-04-30,pos=DF
sfix-only,,,,,15883,大西 聖哉,磐田,1998-03-07,pos=GK
sfix-only,,,,,61977,大西 利都,名古屋,2007-05-29,pos=FW
sfix-only,,,,,39406,大野 海翔,浦和,2003-05-10,pos=MF
sfix-only,,,,,44922,大野 晃政,愛媛,2005-06-11,pos=MF
sfix-only,,,,,38078,大野 耕平,愛媛,2004-04-07,pos=MF
sfix-only,,,,,37611,大野 秀和,今治,2001-02-23,pos=MF
sfix-only,,,,,45650,大野 剛,岡山,2006-04-02,pos=DF
sfix-only,,,,,29284,大原 彰輝,水戸,1999-08-28,pos=DF
sfix-only,,,,,19579,大原 悠太朗,神戸,1999-05-06,pos=GK
sfix-only,,,,,52281,大峡 龍聖,長野,2005-12-23,pos=DF
sfix-only,,,,,44037,大平 卓海,栃木SC,2003-05-15,pos=MF
sfix-only,,,,,19626,大堀 亮之介,広島,2001-01-10,pos=MF
sfix-only,,,,,44862,大村 康輔,徳島,2005-07-16,pos=MF
sfix-only,,,,,41163,大本 智也,徳島,2003-08-05,pos=MF
sfix-only,,,,,29394,大桃 怜音,浦和,2000-05-13,pos=DF
sfix-only,,,,,19591,大森 涼,神戸,2000-07-21,pos=MF
sfix-only,,,,,44614,大山 晃生,長崎,2004-09-17,pos=MF
sfix-only,,,,,71177,岡 健太,松本,2008-05-27,pos=GK
sfix-only,,,,,52283,岡崎 寅太郎,川崎Ｆ,2005-04-20,pos=FW
sfix-only,,,,,32562,岡田 蒼生,愛媛,2001-08-08,pos=MF
sfix-only,,,,,38123,岡田 珠羽,清水,2005-09-21,pos=MF
sfix-only,,,,,39407,岡田 翼,浦和,2003-06-03,pos=DF
sfix-only,,,,,19408,岡野 周太,広島,1999-05-18,pos=DF
sfix-only,,,,,37754,岡部 聖南,大分,2004-07-12,pos=FW
sfix-only,,,,,63003,岡別府 陽輝,鹿児島,2007-08-25,pos=GK
sfix-only,,,,,49375,岡村 修哉,鳥取,2000-06-22,pos=FW
sfix-only,,,,,39617,岡本 岳,浦和,2004-08-11,pos=FW
sfix-only,,,,,48908,岡本 虎太郎,横浜FC,2005-02-16,pos=GK
sfix-only,,,,,32530,岡本 壮太,山口,2004-03-10,pos=DF
sfix-only,,,,,29481,岡本 泰陽,山口,2002-08-31,pos=MF
sfix-only,,,,,29426,岡本 大知,山口,2000-12-18,pos=GK
sfix-only,,,,,38939,岡本 大和,名古屋,2005-11-09,pos=MF
sfix-only,,,,,41171,岡本 陸,徳島,2004-09-28,pos=MF
sfix-only,,,,,46828,小川 エンハル,横浜FM,2005-03-11,pos=DF
sfix-only,,,,,49376,小川 開世,鳥取,2001-02-25,pos=MF
sfix-only,,,,,52284,尾川 丈,川崎Ｆ,2005-08-05,pos=MF
sfix-only,,,,,39408,小川 聖凪,浦和,2003-09-10,pos=FW
sfix-only,,,,,19498,小川 達也,川崎Ｆ,2000-07-13,pos=DF
sfix-only,,,,,48713,小川 創煌,徳島,2006-10-30,pos=GK
sfix-only,,,,,12122,小川 紘生,浦和,1997-02-23,pos=MF
sfix-only,,,,,37830,小川 麟,千葉,2002-07-08,pos=MF
sfix-only,,,,,29534,起 海斗,山口,2000-11-14,pos=DF
sfix-only,,,,,15928,小木曽 春樹,愛媛,1997-04-12,pos=MF
sfix-only,,,,,19617,荻原 渓太,新潟,1998-04-17,pos=FW
sfix-only,,,,,71145,奥田 悠真,磐田,2008-05-06,pos=MF
sfix-only,,,,,23427,奥津 玲太,湘南,2001-08-20,pos=MF
sfix-only,,,,,38099,奥野 慎太郎,清水,2003-08-18,pos=FW
sfix-only,,,,,19592,奥野 雅晶,神戸,2000-08-09,pos=FW
sfix-only,,,,,70852,奥原 崇陽,栃木Ｃ,2008-02-08,pos=GK
sfix-only,,,,,45232,奥村 海生,湘南,2005-07-17,pos=MF
sfix-only,,,,,29454,奥元 大晴,鳥取,2001-04-08,pos=FW
sfix-only,,,,,19330,奥山 璃空,川崎Ｆ,1999-05-04,pos=MF
sfix-only,,,,,39645,小椋 凱生,鳥取,2004-07-29,pos=MF
sfix-only,,,,,23429,オグヴァーグ 翔星,湘南,2001-06-24,pos=DF
sfix-only,,,,,49006,小澤 秀太郎,札幌,2006-05-21,pos=DF
sfix-only,,,,,32431,小澤 俊介,横浜FM,2002-04-10,pos=GK
sfix-only,,,,,11928,小澤 巧,YS横浜,1990-05-07,pos=FW
sfix-only,,,,,45118,小澤 晴樹,大宮,2004-04-18,pos=DF
sfix-only,,,,,23535,押久保 汐音,新潟,2000-07-04,pos=DF
sfix-only,,,,,37896,押富 大輝,神戸,2002-04-09,pos=MF
sfix-only,,,,,45665,小島 瑞來,岩手,2005-08-28,pos=MF
sfix-only,,,,,11271,オズマール,水戸,1987-08-10,pos=FW
sfix-only,,,,,37782,小田 奏,新潟,2002-09-18,pos=MF
sfix-only,,,,,19360,小田垣 皓己,仙台,2000-12-08,pos=GK
sfix-only,,,,,19638,小田島 怜,湘南,1996-06-10,pos=DF
sfix-only,,,,,37748,鬼木 颯都,大分,2004-01-12,pos=MF
sfix-only,,,,,45214,鬼塚 天夢,湘南,2004-10-23,pos=MF
sfix-only,,,,,39196,小沼 昭人,札幌,2005-11-29,pos=MF
sfix-only,,,,,45307,小沼 樹輝,横浜FM,2000-05-26,pos=MF
sfix-only,,,,,45677,小野 耀路,東京Ｖ,2004-04-09,pos=GK
sfix-only,,,,,23404,小野 広太,広島,2001-05-05,pos=GK
sfix-only,,,,,55411,小野 誠竜,大分,2007-01-15,pos=MF
sfix-only,,,,,38071,小野 成夢,愛媛,2004-12-01,pos=DF
sfix-only,,,,,19382,小野 凌也,名古屋,2000-04-21,pos=DF
sfix-only,,,,,44783,尾上 瑠聖,徳島,2006-07-21,pos=MF
sfix-only,,,,,65127,小野田 亮汰,Ｃ大阪,2007-04-05,pos=FW
sfix-only,,,,,45666,小野寺 巧,岩手,2005-08-10,pos=FW
sfix-only,,,,,44605,小野寺 蓮,横浜FM,2004-04-07,pos=DF
sfix-only,,,,,39658,小幡 瑛成,鳥取,2005-04-05,pos=MF
sfix-only,,,,,39223,小畠 伝人,鹿児島,2004-05-27,pos=DF
sfix-only,,,,,23403,小枇 ランディー エメカ,新潟,1999-04-30,pos=FW
sfix-only,,,,,49287,オボナヤ 朗充於,水戸,2002-07-09,pos=DF
sfix-only,,,,,19394,尾村 航,水戸,1998-04-04,pos=GK
sfix-only,,,,,15839,オリベイラ,群馬,1988-01-02,pos=MF
sfix-only,,,,,44180,甲斐 鉄士,福岡,2004-04-23,pos=GK
sfix-only,,,,,10192,カイオ,京都,1987-07-06,pos=FW
sfix-only,,,,,2232,カイオ,柏,1968-08-10,pos=MF
sfix-only,,,,,19242,カイオ,秋田,1992-12-21,pos=FW
sfix-only,,,,,12167,カイケ,群馬,1996-01-19,pos=FW
sfix-only,,,,,46830,カイケ,徳島,2001-05-30,pos=DF
sfix-only,,,,,44996,カウアン,藤枝,2003-05-12,pos=DF
sfix-only,,,,,9092,カウエ,札幌,1986-05-01,pos=MF
sfix-only,,,,,41165,香川 幹弥,徳島,2003-05-09,pos=MF
sfix-only,,,,,45102,垣内 祥大,長崎,2005-05-03,pos=MF
sfix-only,,,,,44606,柿本 聖太,長崎,2003-08-19,pos=FW
sfix-only,,,,,44869,角田 薫平,水戸,1999-05-08,pos=MF
sfix-only,,,,,18980,加倉井 拓弥,町田,1997-09-25,pos=DF
sfix-only,,,,,45660,懸樋 優,岡山,2006-12-10,pos=GK
sfix-only,,,,,23410,影山 兼三,広島,2001-06-16,pos=FW
sfix-only,,,,,45644,影山 倖大,岡山,2005-06-06,pos=MF
sfix-only,,,,,32549,影山 塁飛,鳥取,2002-08-22,pos=MF
sfix-only,,,,,46806,笠木 優寿,広島,2004-11-06,pos=MF
sfix-only,,,,,32531,笠原 綾也,山口,2003-11-23,pos=FW
sfix-only,,,,,19287,樫崎 桂太,仙台,1998-06-07,pos=DF
sfix-only,,,,,32569,栢原 悠聖,岡山,2003-07-10,pos=DF
sfix-only,,,,,49332,柏木 陽良,鹿島,2004-04-13,pos=MF
sfix-only,,,,,37804,梶原 啓太,今治,2003-04-18,pos=MF
sfix-only,,,,,44867,梶原 陽翔,横浜FM,2005-04-21,pos=DF
sfix-only,,,,,38073,梶原 慧汰,愛媛,2003-04-27,pos=FW
sfix-only,,,,,12110,梶原 夕希也,北九州,1996-06-24,pos=DF
sfix-only,,,,,29475,片岡 翼,山口,2000-07-28,pos=DF
sfix-only,,,,,45700,片上 泰尊,今治,2006-11-10,pos=DF
sfix-only,,,,,37712,片木 泰希,山口,2004-04-06,pos=DF
sfix-only,,,,,41162,片山 寛人,徳島,2003-09-18,pos=FW
sfix-only,,,,,44766,加田 淳哉,水戸,1999-01-21,pos=MF
sfix-only,,,,,37667,勝木 翔也,大分,2002-06-09,pos=GK
sfix-only,,,,,45638,勝部 陽太,岡山,2005-04-04,pos=DF
sfix-only,,,,,61981,勝又 大地,沼津,2007-07-01,pos=DF
sfix-only,,,,,19627,桂 陸人,広島,2000-09-16,pos=FW
sfix-only,,,,,61427,加藤 成悟,高知,2002-01-21,pos=DF
sfix-only,,,,,48684,加藤 嵩寅,横浜FC,2006-01-01,pos=MF
sfix-only,,,,,23528,加藤 大喜,山口,1995-12-26,pos=GK
sfix-only,,,,,38129,加藤 大也,清水,2005-06-16,pos=MF
sfix-only,,,,,38008,加藤 智陽,鳥取,1996-04-11,pos=DF
sfix-only,,,,,19667,加藤 徹,川崎Ｆ,1995-06-10,pos=DF
sfix-only,,,,,19299,加藤 友乃晋,仙台,1998-05-28,pos=DF
sfix-only,,,,,45215,加藤 遼一,湘南,2004-05-10,pos=DF
sfix-only,,,,,45689,加藤 蓮生,今治,2005-05-23,pos=MF
sfix-only,,,,,32747,香取 潤,鳥取,2003-07-10,pos=MF
sfix-only,,,,,39667,門脇 駿斗,鳥取,2005-11-18,pos=DF
sfix-only,,,,,12148,金井 亮太,水戸,1998-05-09,pos=MF
sfix-only,,,,,47612,金ヶ瀬 仁人,長崎,2006-06-03,pos=FW
sfix-only,,,,,32595,金枝 晃平,岡山,1999-02-14,pos=MF
sfix-only,,,,,38094,金子 星太,清水,2003-06-01,pos=MF
sfix-only,,,,,48909,金子 颯太,横浜FC,2004-04-23,pos=MF
sfix-only,,,,,49256,金子 弘樹,水戸,2004-05-15,pos=MF
sfix-only,,,,,32528,金坂 励耶,山口,2004-02-17,pos=FW
sfix-only,,,,,29510,金田 飛鳥,岡山,2001-11-02,pos=FW
sfix-only,,,,,44161,金田 大和,柏,2003-07-02,pos=GK
sfix-only,,,,,11921,鏑木 亮吾,YS横浜,1989-03-23,pos=FW
sfix-only,,,,,49004,上ヶ嶋 柊也,札幌,2006-09-17,pos=MF
sfix-only,,,,,71467,上高原 奏輝,鹿児島,2008-08-24,pos=GK
sfix-only,,,,,63010,上戸 涼生,長崎,2007-09-16,pos=DF
sfix-only,,,,,37727,上西 峻平,大分,2002-07-15,pos=FW
sfix-only,,,,,44215,上東 悠樹斗,鹿児島,2005-10-05,pos=MF
sfix-only,,,,,37710,上村 音生,山口,2004-11-29,pos=FW
sfix-only,,,,,55423,神村 勇翔,琉球,2006-07-19,pos=GK
sfix-only,,,,,44225,紙元 大翔,岡山,2002-02-16,pos=MF
sfix-only,,,,,38962,神谷 悠介,名古屋,2004-04-20,pos=FW
sfix-only,,,,,48978,亀田 光貴,讃岐,2005-04-03,pos=DF
sfix-only,,,,,50483,亀田 大河,神戸,2007-09-05,pos=GK
sfix-only,,,,,71470,亀谷 怜生,琉球,2008-10-30,pos=DF
sfix-only,,,,,63744,亀山 雄汰,愛媛,2007-04-13,pos=GK
sfix-only,,,,,19470,加茂 剛,横浜FC,1999-04-23,pos=GK
sfix-only,,,,,46820,苅米 飛和,名古屋,2006-04-28,pos=DF
sfix-only,,,,,38928,狩俣 瑛斗,琉球,2004-12-03,pos=MF
sfix-only,,,,,44038,軽部 倭太琉,栃木SC,2003-09-26,pos=DF
sfix-only,,,,,11160,カルリーニョス,徳島,1983-03-04,pos=MF
sfix-only,,,,,54740,カルリーニョス,藤枝,1995-06-16,pos=DF
sfix-only,,,,,25,カルロス,鹿島,1971-12-04,pos=MF
sfix-only,,,,,8057,カレカ,湘南,1983-04-13,pos=FW
sfix-only,,,,,29496,河合 駿,岡山,2000-10-30,pos=DF
sfix-only,,,,,45694,川井 桃太朗,今治,2006-04-02,pos=MF
sfix-only,,,,,44194,川井田 稜弥,福岡,2005-08-08,pos=MF
sfix-only,,,,,71466,川上 篤人,鹿児島,2009-07-22,pos=DF
sfix-only,,,,,45657,川上 航生,岡山,2006-06-26,pos=DF
sfix-only,,,,,37793,川上 隼,札幌,2002-07-16,pos=GK
sfix-only,,,,,38951,川上 翼,名古屋,2003-10-15,pos=GK
sfix-only,,,,,29495,川上 悠斗,岡山,2000-05-28,pos=MF
sfix-only,,,,,32586,川上 陽星,岡山,2001-07-09,pos=MF
sfix-only,,,,,49952,川口 和也,東京Ｖ,2006-04-14,pos=DF
sfix-only,,,,,38963,川口 航平,名古屋,2004-04-28,pos=DF
sfix-only,,,,,45125,川口 蒼友,愛媛,2005-10-18,pos=MF
sfix-only,,,,,15910,川口 真史,山口,1993-10-05,pos=FW
sfix-only,,,,,44179,川口 佑真,福岡,2004-04-19,pos=DF
sfix-only,,,,,19311,川崎 晶弘,川崎Ｆ,1998-04-02,pos=DF
sfix-only,,,,,38054,川﨑 淳,浦和,2003-07-05,pos=GK
sfix-only,,,,,39228,川崎 楽生,鹿児島,2005-05-23,pos=DF
sfix-only,,,,,15795,川里 光太郎,琉球,1988-06-10,pos=DF
sfix-only,,,,,11454,川島 大輝,福岡,1996-04-16,pos=GK
sfix-only,,,,,38969,川島 みざき,水戸,1999-02-05,pos=FW
sfix-only,,,,,70867,川田 太陽,FC大阪,2007-08-12,pos=MF
sfix-only,,,,,49267,河田 波大,新潟,2004-04-04,pos=MF
sfix-only,,,,,45070,河田 稜太,沼津,1999-10-20,pos=MF
sfix-only,,,,,37293,河野 陸,徳島,2003-02-14,pos=DF
sfix-only,,,,,39644,川原 那月,鳥取,2004-07-29,pos=MF
sfix-only,,,,,40854,川原 大夢,鹿児島,2004-04-18,pos=FW
sfix-only,,,,,71487,川端 彪英,神戸,2008-04-04,pos=FW
sfix-only,,,,,37996,川前 陽斗,沼津,2002-04-14,pos=DF
sfix-only,,,,,45680,川又 由大,今治,2004-05-17,pos=MF
sfix-only,,,,,39655,河村 颯人,鳥取,2006-01-01,pos=DF
sfix-only,,,,,45193,川村 舞弥,横浜FM,2004-04-11,pos=MF
sfix-only,,,,,61778,川村 悠祐,沼津,2003-02-28,pos=MF
sfix-only,,,,,70205,川本 旺汰,横浜FM,2008-07-09,pos=GK
sfix-only,,,,,39211,河原木 響,浦和,2005-05-12,pos=MF
sfix-only,,,,,19534,河原地 亮太,横浜FM,1998-06-14,pos=FW
sfix-only,,,,,19532,川原田 湧,横浜FM,1998-04-05,pos=MF
sfix-only,,,,,49268,虷沢 旭飛,新潟,2004-12-29,pos=GK
sfix-only,,,,,60246,神田 幸太郎,京都,2006-07-25,pos=DF
sfix-only,,,,,32547,神田 翔哉,鳥取,2003-02-26,pos=DF
sfix-only,,,,,37662,菅野 紘希,札幌,2002-10-25,pos=DF
sfix-only,,,,,29574,菅野 翔斗,広島,2003-01-02,pos=FW
sfix-only,,,,,32327,ガブリエル,柏,1990-01-06,pos=MF
sfix-only,,,,,38013,ガブリエル,福島,1995-08-26,pos=FW
sfix-only,,,,,9054,ガブリエル,神戸,1987-09-08,pos=MF
sfix-only,,,,,23305,鞠 楓,愛媛,1995-01-11,pos=MF
sfix-only,,,,,37806,菊川 晴,今治,2003-05-15,pos=MF
sfix-only,,,,,19346,菊地 貫太,名古屋,1998-08-14,pos=DF
sfix-only,,,,,32600,菊池 柊太,水戸,2001-11-23,pos=GK
sfix-only,,,,,45096,菊池 陸斗,長崎,2004-09-22,pos=FW
sfix-only,,,,,15805,菊野 太紀,琉球,1992-07-07,pos=DF
sfix-only,,,,,19373,岸 寛大,名古屋,1999-08-06,pos=FW
sfix-only,,,,,63005,木下 海斗,鹿児島,2007-04-02,pos=MF
sfix-only,,,,,29505,岸本 望,岡山,2002-01-16,pos=DF
sfix-only,,,,,49395,喜多 涼介,長崎,2005-05-23,pos=DF
sfix-only,,,,,32758,北奥 蓮,広島,2003-05-07,pos=DF
sfix-only,,,,,37773,北里 大地,熊本,2003-06-11,pos=GK
sfix-only,,,,,39612,北澤 元太,町田,2003-05-07,pos=GK
sfix-only,,,,,38964,北橋 将治,名古屋,2004-07-09,pos=GK
sfix-only,,,,,32471,北原 一樹,京都,2001-05-10,pos=GK
sfix-only,,,,,19350,北邑 拓也,名古屋,1999-04-05,pos=MF
sfix-only,,,,,38128,北村 風月,清水,2005-12-06,pos=GK
sfix-only,,,,,63009,木立 希夢,長崎,2008-10-30,pos=DF
sfix-only,,,,,38065,木内 直央,岡山,2004-05-30,pos=DF
sfix-only,,,,,45274,木下 太陽,山形,2005-04-20,pos=MF
sfix-only,,,,,38908,木下 海斗,横浜FM,2001-03-23,pos=MF
sfix-only,,,,,49439,木下 哲星,鳥取,1998-09-08,pos=FW
sfix-only,,,,,45273,木下 晴陽,山形,2005-04-20,pos=FW
sfix-only,,,,,39647,木下 悠,鳥取,2004-10-13,pos=MF
sfix-only,,,,,11332,木部 未嵐,松本,1994-06-18,pos=MF
sfix-only,,,,,19193,キム テソン,金沢,1997-07-22,pos=MF
sfix-only,,,,,29392,金 炫成,相模原,1993-03-28,pos=GK
sfix-only,,,,,23239,キム ヒョンボム,琉球,1998-08-15,pos=DF
sfix-only,,,,,54784,キム ミンジュン,栃木SC,2005-05-19,pos=GK
sfix-only,,,,,11097,キム ヨンギ(金 龍起),水戸,1989-08-01,pos=DF
sfix-only,,,,,19442,金 竜滉,相模原,1994-04-14,pos=MF
sfix-only,,,,,19191,キム ヨンホン,金沢,1997-09-10,pos=DF
sfix-only,,,,,10598,木村 魁人,鹿児島,1993-09-02,pos=DF
sfix-only,,,,,48691,木村 恵允,横浜FC,2005-06-13,pos=MF
sfix-only,,,,,48929,木村 晟明,水戸,2005-07-18,pos=MF
sfix-only,,,,,29491,木村 裕貴,山口,2003-03-26,pos=DF
sfix-only,,,,,70871,木村 大輝,FC大阪,2003-05-10,pos=MF
sfix-only,,,,,37307,肝付 啓人,愛媛,2003-01-24,pos=GK
sfix-only,,,,,37764,木本 蒼翔,大分,2005-03-14,pos=MF
sfix-only,,,,,45123,喜安 康生,愛媛,2006-02-02,pos=DF
sfix-only,,,,,29497,木山 創資,岡山,2000-07-06,pos=GK
sfix-only,,,,,41174,京野 優士,徳島,2003-11-28,pos=MF
sfix-only,,,,,47606,清川 遥,横浜FC,2004-05-10,pos=MF
sfix-only,,,,,32570,桐木 士,岡山,2003-07-08,pos=DF
sfix-only,,,,,39618,桐山 龍人,浦和,2004-04-08,pos=MF
sfix-only,,,,,15733,木和田 匡,岡山,1996-09-29,pos=GK
sfix-only,,,,,19369,金 亮哉,名古屋,1999-04-25,pos=FW
sfix-only,,,,,49636,金川 羅彌,宮崎,2004-08-24,pos=MF
sfix-only,,,,,37310,金城 アンドレ泰樹,愛媛,2001-11-08,pos=FW
sfix-only,,,,,37811,儀間 陸斗,琉球,2003-05-13,pos=DF
sfix-only,,,,,12104,ギリャルメ,東京Ｖ,1993-01-29,pos=DF
sfix-only,,,,,23204,クォン ヨンジン,水戸,1991-01-23,pos=MF
sfix-only,,,,,44859,草刈 啓太,徳島,2005-05-10,pos=DF
sfix-only,,,,,45269,草苅 脩大,山形,2004-10-05,pos=GK
sfix-only,,,,,31509,草野 真人,愛媛,2001-12-09,pos=GK
sfix-only,,,,,23326,楠本 幸雄,清水,1999-05-18,pos=GK
sfix-only,,,,,44752,工藤 亘平,横浜FM,2002-10-09,pos=DF
sfix-only,,,,,37669,工藤 宗大,大分,2002-04-04,pos=DF
sfix-only,,,,,32491,工藤 大雅,大分,2001-07-28,pos=MF
sfix-only,,,,,29487,工藤 瑠衣,山口,2002-06-15,pos=DF
sfix-only,,,,,48686,國枝 蒼空,横浜FC,2005-05-13,pos=DF
sfix-only,,,,,12153,クネズ,長崎,1985-04-15,pos=DF
sfix-only,,,,,49524,久乗 聖亜,栃木SC,2001-03-31,pos=FW
sfix-only,,,,,19305,久保 拓海,仙台,1999-06-30,pos=DF
sfix-only,,,,,41173,久保 力輝,徳島,2003-07-14,pos=GK
sfix-only,,,,,39197,久保島 健晴,札幌,2005-04-29,pos=MF
sfix-only,,,,,63008,窪田 圭吾,札幌,2007-08-02,pos=DF
sfix-only,,,,,39178,久保田 琳太,札幌,2003-12-11,pos=DF
sfix-only,,,,,19288,熊谷 奎哉,仙台,1998-05-04,pos=MF
sfix-only,,,,,45177,熊谷 昂暉,鳥取,2006-05-16,pos=GK
sfix-only,,,,,39402,熊谷 柊治,仙台,2004-02-10,pos=MF
sfix-only,,,,,52282,熊倉 成希,栃木SC,2005-04-26,pos=GK
sfix-only,,,,,70200,熊田 佳斗,大宮,2009-09-05,pos=DF
sfix-only,,,,,23294,久米 航太郎,徳島,2000-05-29,pos=DF
sfix-only,,,,,49335,久米田 聖海,鹿児島,2007-08-04,pos=GK
sfix-only,,,,,37737,倉尾 都夢,大分,2003-05-16,pos=MF
sfix-only,,,,,49000,倉田 楠楽,札幌,2006-06-04,pos=MF
sfix-only,,,,,44854,倉貫 嵐羽,琉球,2005-12-04,pos=MF
sfix-only,,,,,39653,蔵光 利紀,鳥取,2005-03-29,pos=FW
sfix-only,,,,,48702,栗下 心暖明,鹿児島,2006-11-07,pos=MF
sfix-only,,,,,11366,クリスティアーノ,甲府,1987-01-12,pos=FW
sfix-only,,,,,48966,クリスティアーノ,岩手,1999-04-03,pos=FW
sfix-only,,,,,61968,クリスティアーノ,鳥栖,2000-02-22,pos=MF
sfix-only,,,,,23348,栗田 詩音,清水,2000-07-24,pos=DF
sfix-only,,,,,19559,栗原 秀輔,横浜FM,2000-04-24,pos=MF
sfix-only,,,,,40844,栗原 元康,町田,2003-11-18,pos=MF
sfix-only,,,,,19315,栗脇 拓人,川崎Ｆ,1998-12-09,pos=MF
sfix-only,,,,,1665,クレーベル,京都,1972-10-11,pos=FW
sfix-only,,,,,5799,クレーベル,札幌,1976-02-14,pos=MF
sfix-only,,,,,6404,クレーベル,水戸,1976-05-07,pos=FW
sfix-only,,,,,15851,黒木 晃賢,相模原,1996-08-22,pos=MF
sfix-only,,,,,44187,黒瀬 朋希,福岡,2004-10-06,pos=GK
sfix-only,,,,,47613,黒瀬 理仁,長崎,2006-08-01,pos=GK
sfix-only,,,,,44856,黒田 開生,徳島,2005-05-14,pos=GK
sfix-only,,,,,38965,黒野 崇人,名古屋,2004-11-02,pos=FW
sfix-only,,,,,39175,鍬田 一雅,相模原,2000-04-20,pos=MF
sfix-only,,,,,48705,桑鶴 樹,鹿児島,2006-08-12,pos=GK
sfix-only,,,,,44210,桑原 颯太,横浜FM,2005-12-21,pos=MF
sfix-only,,,,,70201,桑原 智琉,札幌,2008-05-12,pos=MF
sfix-only,,,,,54856,桑原 航太,磐田,2004-07-28,pos=DF
sfix-only,,,,,49280,桑本 ユウジ,新潟,2005-09-10,pos=FW
sfix-only,,,,,48981,グエン ゴック ハウ,沼津,2001-06-07,pos=FW
sfix-only,,,,,45673,グエン バン ソン,沼津,2001-02-25,pos=FW
sfix-only,,,,,39611,グスタヴォ,鹿児島,1996-07-25,pos=FW
sfix-only,,,,,52146,グスターボ,FC大阪,2002-04-23,pos=FW
sfix-only,,,,,37821,玄 哉太,富山,2002-07-21,pos=FW
sfix-only,,,,,44758,源河 朝太,琉球,2005-02-11,pos=DF
sfix-only,,,,,29508,現田 歩夢,岡山,2001-07-29,pos=DF
sfix-only,,,,,38930,源平 倭人,名古屋,2005-10-21,pos=MF
sfix-only,,,,,19312,小泉 靖弥,川崎Ｆ,1998-06-24,pos=DF
sfix-only,,,,,32545,河野 歩夢,鳥取,2001-09-10,pos=FW
sfix-only,,,,,71147,小枝 朔太郎,磐田,2009-08-11,pos=MF
sfix-only,,,,,70789,古賀 竣,群馬,2007-08-07,pos=MF
sfix-only,,,,,32439,國場 虎次朗,琉球,2000-09-22,pos=FW
sfix-only,,,,,61736,小窪 太斗,高知,2002-04-03,pos=GK
sfix-only,,,,,29443,小久保 玲央 ブライアン,柏,2001-01-23,pos=GK
sfix-only,,,,,19355,小齋 崚太,仙台,2000-05-19,pos=MF
sfix-only,,,,,29467,越田 颯太,山口,2001-06-15,pos=GK
sfix-only,,,,,32582,越元 佑太,金沢,2001-04-30,pos=DF
sfix-only,,,,,38966,小嶋 健聖,名古屋,2004-07-14,pos=DF
sfix-only,,,,,38107,小島 秀太,清水,2004-09-05,pos=GK
sfix-only,,,,,44753,小菅 颯士,横浜FM,2001-08-13,pos=MF
sfix-only,,,,,48914,小漉 康太,横浜FC,2006-08-05,pos=DF
sfix-only,,,,,45233,小杉 啓太,湘南,2006-03-18,pos=DF
sfix-only,,,,,39226,小杉 晴也,鹿児島,2004-05-14,pos=MF
sfix-only,,,,,63153,小園 泰士朗,熊本,2007-07-11,pos=GK
sfix-only,,,,,61429,児玉 壮琉,高知,2002-01-18,pos=MF
sfix-only,,,,,37720,小鉄 雄太郎,山口,2004-07-28,pos=FW
sfix-only,,,,,38919,小西 龍馬,長崎,2003-10-17,pos=DF
sfix-only,,,,,52278,古野 優斗,大分,2006-08-22,pos=GK
sfix-only,,,,,19580,此島 頼勇,神戸,1999-05-25,pos=FW
sfix-only,,,,,39224,木場 海斗,鹿児島,2004-05-25,pos=MF
sfix-only,,,,,39218,木塲 暖太,鹿児島,2004-03-30,pos=MF
sfix-only,,,,,29509,小橋 丈,岡山,2001-06-05,pos=DF
sfix-only,,,,,32553,小林 海翔,鳥取,2002-11-11,pos=DF
sfix-only,,,,,19554,小林 海也,横浜FM,2000-04-23,pos=DF
sfix-only,,,,,19425,小林 和矢,Ｇ大阪,1998-04-03,pos=MF
sfix-only,,,,,49281,小林 章馬,新潟,2005-04-04,pos=MF
sfix-only,,,,,29502,小林 壮一郎,岡山,2001-01-11,pos=GK
sfix-only,,,,,48905,小林 太陽,山形,2002-04-05,pos=MF
sfix-only,,,,,44620,小林 巧弥,横浜FM,2003-10-28,pos=DF
sfix-only,,,,,44765,小林 夏生,水戸,2001-09-18,pos=DF
sfix-only,,,,,41158,小林 洸翔,徳島,2003-04-29,pos=DF
sfix-only,,,,,9229,小林 誠,群馬,1990-07-12,pos=DF
sfix-only,,,,,23165,小林 祐太,群馬,1998-10-07,pos=FW
sfix-only,,,,,9077,小林 亮太,岩手,1988-06-22,pos=DF
sfix-only,,,,,45137,小林 亮太,仙台,2004-06-07,pos=MF
sfix-only,,,,,45120,小松 隼大,愛媛,2005-07-01,pos=FW
sfix-only,,,,,58717,小松 直哉,岩手,1984-09-14,pos=GK
sfix-only,,,,,44205,小松 雄音,鹿児島,2004-05-18,pos=FW
sfix-only,,,,,39198,小宮 真輝,札幌,2005-09-23,pos=DF
sfix-only,,,,,60452,小森 春輝,浦和,2006-04-11,pos=GK
sfix-only,,,,,44751,小宅 空大,横浜FM,2003-02-02,pos=MF
sfix-only,,,,,19374,小山 彬,名古屋,1999-08-13,pos=DF
sfix-only,,,,,41172,小山 丈偉,徳島,2004-07-28,pos=DF
sfix-only,,,,,45111,小山 真生,京都,2004-06-23,pos=FW
sfix-only,,,,,31523,是枝 真伍,鳥取,1997-02-21,pos=MF
sfix-only,,,,,52152,近藤 嵩悟,いわき,2006-05-17,pos=GK
sfix-only,,,,,9967,近藤 慎吾,水戸,1987-02-23,pos=DF
sfix-only,,,,,44858,近藤 大和,徳島,2005-05-05,pos=GK
sfix-only,,,,,45642,近藤 陸翔,岡山,2005-06-05,pos=GK
sfix-only,,,,,37864,近野 勝大,柏,2003-08-07,pos=GK
sfix-only,,,,,45285,今野 聡一郎,山形,2006-05-23,pos=DF
sfix-only,,,,,19289,今野 滉也,仙台,1998-09-09,pos=FW
sfix-only,,,,,45286,今野 勇夢,山形,2007-02-11,pos=FW
sfix-only,,,,,44036,郷 達哉,栃木SC,2004-02-20,pos=DF
sfix-only,,,,,32524,合田 光希,山口,2003-05-26,pos=FW
sfix-only,,,,,70923,合戸 晴矢,鳥栖,2004-05-08,pos=FW
sfix-only,,,,,38114,後藤 啓太,清水,2004-04-12,pos=MF
sfix-only,,,,,37749,後藤 響,大分,2004-04-06,pos=MF
sfix-only,,,,,61669,後藤 裕二,福島,2000-06-02,pos=DF
sfix-only,,,,,32725,後藤 佑介,清水,2002-06-17,pos=GK
sfix-only,,,,,37739,後藤 雄平,大分,2003-05-31,pos=MF
sfix-only,,,,,49008,後藤 佑也,湘南,2001-12-01,pos=MF
sfix-only,,,,,37902,五味 郁登,神戸,2002-05-09,pos=FW
sfix-only,,,,,32489,西城 響也,大分,2001-07-08,pos=MF
sfix-only,,,,,71469,西条 将太,愛媛,2006-02-01,pos=FW
sfix-only,,,,,70206,齋田 昊,横浜FM,2008-07-05,pos=GK
sfix-only,,,,,60241,齋藤 碧,福島,2006-09-04,pos=DF
sfix-only,,,,,71375,齋藤 翔,横浜FC,2009-02-23,pos=FW
sfix-only,,,,,49752,齊藤 貫太,磐田,2005-10-18,pos=GK
sfix-only,,,,,44853,斎藤 恵人,徳島,2005-06-27,pos=DF
sfix-only,,,,,44176,齋藤 謙二郎,福岡,2003-10-12,pos=GK
sfix-only,,,,,39168,齋藤 滉介,仙台,2004-10-06,pos=MF
sfix-only,,,,,15881,斎藤 宏太,新潟,1997-04-10,pos=MF
sfix-only,,,,,52151,斎藤 聡太,いわき,2006-04-20,pos=GK
sfix-only,,,,,48915,齊藤 大輝,横浜FC,2006-06-24,pos=DF
sfix-only,,,,,39346,斎藤 大珠,山形,2003-09-19,pos=MF
sfix-only,,,,,62994,齋藤 大地,山形,2007-05-30,pos=DF
sfix-only,,,,,70208,齊藤 芭流,横浜FM,2007-11-17,pos=MF
sfix-only,,,,,45194,斉藤 勇真,横浜FM,2004-08-27,pos=MF
sfix-only,,,,,38115,斉藤 柚樹,清水,2004-04-14,pos=FW
sfix-only,,,,,38952,齊藤 洋大,名古屋,2003-07-30,pos=MF
sfix-only,,,,,19290,齋藤 耀之介,仙台,1999-02-15,pos=MF
sfix-only,,,,,48976,齊藤 慈斗,鹿児島,2005-02-14,pos=FW
sfix-only,,,,,45122,佐伯 啓太,愛媛,2005-09-13,pos=MF
sfix-only,,,,,37895,佐伯 清之助,神戸,2002-09-18,pos=MF
sfix-only,,,,,38070,佐伯 竜征,愛媛,2003-07-18,pos=DF
sfix-only,,,,,32546,佐伯 蓮,鳥取,2003-06-02,pos=FW
sfix-only,,,,,63012,酒井 舜哉,大宮,2007-05-28,pos=DF
sfix-only,,,,,32612,阪井 暖,愛媛,2002-04-14,pos=MF
sfix-only,,,,,19475,酒井 将輝,大分,1999-07-24,pos=MF
sfix-only,,,,,23349,酒井 湧暉,清水,2000-06-22,pos=MF
sfix-only,,,,,32551,阪口 颯汰,鳥取,2002-11-14,pos=MF
sfix-only,,,,,38069,坂本 圭佑,愛媛,2003-05-28,pos=DF
sfix-only,,,,,70833,坂本 光,いわき,2004-03-17,pos=DF
sfix-only,,,,,19356,坂本 琉維,仙台,2000-06-23,pos=FW
sfix-only,,,,,29457,坂本 玲,鳥取,2001-07-05,pos=DF
sfix-only,,,,,23213,崎村 祐丞,福岡,1998-06-27,pos=FW
sfix-only,,,,,19593,作田 龍太郎,神戸,2000-05-05,pos=DF
sfix-only,,,,,29451,作原 翔,鳥取,2000-10-15,pos=MF
sfix-only,,,,,37672,佐久間 翔士,湘南,2003-01-07,pos=DF
sfix-only,,,,,49260,佐久間 遼,水戸,2005-05-01,pos=GK
sfix-only,,,,,62129,櫻井 斗真,横浜FC,2008-01-02,pos=GK
sfix-only,,,,,32588,桜木 亮太,福岡,2001-06-05,pos=GK
sfix-only,,,,,38060,佐古 創,岡山,2004-08-07,pos=MF
sfix-only,,,,,44186,迫 大智,福岡,2004-09-11,pos=MF
sfix-only,,,,,45121,酒向 陸斗,愛媛,2005-04-08,pos=GK
sfix-only,,,,,48916,笹 歩睦,横浜FC,2006-05-20,pos=MF
sfix-only,,,,,29499,佐々木 啓太,岡山,2000-11-18,pos=MF
sfix-only,,,,,39191,佐々木 奏太,札幌,2005-02-19,pos=MF
sfix-only,,,,,45168,佐々木 想太郎,町田,2004-06-18,pos=GK
sfix-only,,,,,19516,佐々木 大樹,湘南,1998-04-28,pos=MF
sfix-only,,,,,37894,佐々木 貴哉,神戸,2002-10-19,pos=MF
sfix-only,,,,,49286,佐々木 大貴,水戸,2000-04-16,pos=MF
sfix-only,,,,,19291,佐々木 翼,仙台,1998-07-10,pos=MF
sfix-only,,,,,23548,佐々木 勇輔,仙台,2002-02-06,pos=DF
sfix-only,,,,,37714,佐々木 優吏,山口,2004-08-14,pos=DF
sfix-only,,,,,44926,佐々木 陸生,鳥取,2000-01-15,pos=DF
sfix-only,,,,,38116,笹原 堅信,清水,2004-04-30,pos=DF
sfix-only,,,,,45200,笹原 伸秀,横浜FM,2005-04-05,pos=MF
sfix-only,,,,,71484,笹原 悠,札幌,2008-09-20,pos=MF
sfix-only,,,,,39222,笹山 琉暢,鹿児島,2004-04-13,pos=GK
sfix-only,,,,,29584,定本 佳樹,鳥取,1996-06-04,pos=FW
sfix-only,,,,,23338,佐塚 洋介,清水,2000-05-02,pos=MF
sfix-only,,,,,45265,佐藤 旭,山形,2004-07-05,pos=MF
sfix-only,,,,,19633,佐藤 海斗,広島,2000-07-02,pos=GK
sfix-only,,,,,45234,佐藤 和斗,湘南,2005-07-02,pos=DF
sfix-only,,,,,19307,佐藤 幹太,福岡,1998-07-07,pos=GK
sfix-only,,,,,45297,佐藤 勘太,山形,2006-05-08,pos=DF
sfix-only,,,,,23409,佐藤 幸生,広島,2001-06-07,pos=DF
sfix-only,,,,,23549,佐藤 潤,仙台,2001-04-13,pos=DF
sfix-only,,,,,23164,佐藤 遵樹,群馬,1994-07-12,pos=MF
sfix-only,,,,,19582,佐藤 昴,神戸,1999-06-11,pos=MF
sfix-only,,,,,45667,佐藤 大雅,岩手,2000-07-27,pos=MF
sfix-only,,,,,41177,佐藤 太亮,徳島,2004-04-27,pos=DF
sfix-only,,,,,38953,佐藤 大晴,名古屋,2003-05-13,pos=MF
sfix-only,,,,,38942,佐藤 俊哉,名古屋,2005-04-26,pos=MF
sfix-only,,,,,49666,佐藤 颯人,FC大阪,1999-01-03,pos=DF
sfix-only,,,,,45296,佐藤 遥翔,山形,2006-05-08,pos=DF
sfix-only,,,,,38967,佐藤 尚生,名古屋,2004-07-11,pos=FW
sfix-only,,,,,45192,佐藤 未来也,横浜FM,2004-06-01,pos=MF
sfix-only,,,,,41156,佐藤 悠安,徳島,2003-04-30,pos=DF
sfix-only,,,,,32525,佐藤 有志,山口,2003-04-22,pos=DF
sfix-only,,,,,39219,佐藤 勇盛,鹿児島,2005-02-02,pos=DF
sfix-only,,,,,19357,佐藤 勇大,仙台,2000-08-22,pos=DF
sfix-only,,,,,29396,佐藤 陸人,浦和,2000-09-03,pos=MF
sfix-only,,,,,55417,佐藤 陸斗,山形,2008-10-25,pos=GK
sfix-only,,,,,70791,佐藤 凜弥,群馬,2007-08-01,pos=MF
sfix-only,,,,,39619,佐藤 伶介,浦和,2004-08-15,pos=DF
sfix-only,,,,,19411,里岡 龍人,広島,1999-06-04,pos=DF
sfix-only,,,,,37822,里見 龍太郎,富山,2003-01-25,pos=FW
sfix-only,,,,,29570,佐野 陸歩,広島,2002-09-04,pos=DF
sfix-only,,,,,38954,佐橋 杜真,名古屋,2003-07-10,pos=DF
sfix-only,,,,,32516,佐保 昂兵衛,八戸,1993-12-22,pos=FW
sfix-only,,,,,37742,鮫島 亜々斗,大分,2003-06-30,pos=MF
sfix-only,,,,,49758,皿良 立輝,Ｃ大阪,2005-07-18,pos=MF
sfix-only,,,,,19670,澤島 輝,広島,1998-04-24,pos=FW
sfix-only,,,,,15945,澤田 篤樹,湘南,1996-10-07,pos=MF
sfix-only,,,,,32653,澤田 恒,湘南,1991-12-25,pos=MF
sfix-only,,,,,38041,澤田 将,讃岐,2003-04-12,pos=DF
sfix-only,,,,,19546,澤田 章吾,横浜FM,1999-05-29,pos=DF
sfix-only,,,,,45710,三反畑 篤樹,京都,2005-09-23,pos=GK
sfix-only,,,,,2861,サントス,広島,1964-06-08,pos=MF
sfix-only,,,,,7239,サントス,湘南,1983-04-09,pos=MF
sfix-only,,,,,8171,サントス,福島,1987-03-31,pos=DF
sfix-only,,,,,7258,サンドロ,千葉,1980-03-22,pos=FW
sfix-only,,,,,37655,サンドロ,山口,1988-05-17,pos=DF
sfix-only,,,,,10152,サーレス,横浜FC,1986-06-09,pos=FW
sfix-only,,,,,62292,塩入 尚悟,長野,2007-11-08,pos=DF
sfix-only,,,,,32561,塩﨑 彰,愛媛,2001-08-13,pos=FW
sfix-only,,,,,46811,塩野 空,岩手,2004-09-17,pos=FW
sfix-only,,,,,45276,鹿野 楓太,山形,2005-05-12,pos=DF
sfix-only,,,,,32527,紫垣 慈瑛,山口,2003-09-05,pos=GK
sfix-only,,,,,45001,敷田 唯,長野,1999-07-09,pos=DF
sfix-only,,,,,45651,繁定 蒼,岡山,2006-04-19,pos=DF
sfix-only,,,,,39631,志田 出帆,浦和,2005-05-14,pos=FW
sfix-only,,,,,19185,品川 大輝,讃岐,1990-06-07,pos=GK
sfix-only,,,,,48999,品田 太郎,札幌,2006-08-30,pos=FW
sfix-only,,,,,45246,篠崎 清輝,湘南,2006-04-04,pos=MF
sfix-only,,,,,44866,篠原 佑岳,横浜FM,2004-09-30,pos=MF
sfix-only,,,,,45690,篠森 羅唯,今治,2005-06-13,pos=MF
sfix-only,,,,,45207,柴﨑 海翔,清水,2006-05-12,pos=GK
sfix-only,,,,,44860,柴田 航次郎,徳島,2005-06-18,pos=MF
sfix-only,,,,,48904,芝田 将,山形,2000-05-31,pos=MF
sfix-only,,,,,70793,柴野 快仁,今治,2007-08-01,pos=MF
sfix-only,,,,,71483,渋谷 優里,札幌,2008-12-09,pos=MF
sfix-only,,,,,10013,渋谷 亮,東京Ｖ,1992-07-25,pos=MF
sfix-only,,,,,60352,島 佑成,愛媛,2007-05-31,pos=DF
sfix-only,,,,,39409,島垣 翔,浦和,2003-05-19,pos=MF
sfix-only,,,,,19501,島崎 元,川崎Ｆ,2001-01-17,pos=DF
sfix-only,,,,,38915,島田 春人,横浜FM,2004-04-19,pos=MF
sfix-only,,,,,49461,嶋津 柚杏,岩手,2000-10-03,pos=DF
sfix-only,,,,,39212,清水 星竜,浦和,2005-05-20,pos=FW
sfix-only,,,,,29468,清水 太一,山口,2002-09-30,pos=GK
sfix-only,,,,,49757,清水 大翔,Ｃ大阪,2005-12-23,pos=MF
sfix-only,,,,,45199,清水 春樹,横浜FM,2005-05-06,pos=DF
sfix-only,,,,,50498,清水 飛来,大宮,2006-05-30,pos=GK
sfix-only,,,,,45656,清水 愛都,岡山,2006-06-22,pos=MF
sfix-only,,,,,45646,清水 陽介,岡山,2005-08-07,pos=MF
sfix-only,,,,,29533,清水 綾馬,岡山,2000-10-11,pos=MF
sfix-only,,,,,15763,志村 滉,大宮,1996-04-27,pos=GK
sfix-only,,,,,49438,志村 滉,松本,2000-05-13,pos=DF
sfix-only,,,,,19297,志村 弘樹,仙台,1998-06-17,pos=FW
sfix-only,,,,,29463,下川 哲矢,山口,2000-04-29,pos=FW
sfix-only,,,,,49696,下川 雅人,沼津,1996-06-11,pos=MF
sfix-only,,,,,71478,下鳥 舟平,長野,2009-04-22,pos=GK
sfix-only,,,,,38059,下原 凌空,岡山,2004-06-29,pos=DF
sfix-only,,,,,65126,下村 翔,山口,2007-06-29,pos=DF
sfix-only,,,,,32541,周 余冶,水戸,2000-12-12,pos=FW
sfix-only,,,,,44607,首藤 光翼,長崎,2003-08-17,pos=GK
sfix-only,,,,,2870,シュミット,仙台,1972-11-16,pos=MF
sfix-only,,,,,70578,庄司 一輝,滋賀,2000-12-28,pos=MF
sfix-only,,,,,49390,庄司 宙ノ介,名古屋,2003-01-29,pos=DF
sfix-only,,,,,23347,東海林 泰地,清水,2001-10-07,pos=DF
sfix-only,,,,,48997,庄内 航汰,札幌,2006-06-13,pos=MF
sfix-only,,,,,44184,正村 友希,福岡,2003-05-21,pos=MF
sfix-only,,,,,45072,ショファー ネオ,熊本,2005-05-30,pos=GK
sfix-only,,,,,39199,白井 卓翔,札幌,2005-04-22,pos=DF
sfix-only,,,,,19566,白石 健,神戸,1998-08-01,pos=DF
sfix-only,,,,,11909,白岡 ティモシィ,広島,1996-09-08,pos=GK
sfix-only,,,,,45661,白神 端基,岡山,2007-01-12,pos=MF
sfix-only,,,,,46845,白須 健斗,横浜FM,2006-06-26,pos=MF
sfix-only,,,,,44784,白鳥 悠仁,千葉,2003-08-23,pos=GK
sfix-only,,,,,49756,白濱 聡二郎,Ｃ大阪,2005-04-14,pos=DF
sfix-only,,,,,6945,シルバ,湘南,1981-04-14,pos=MF
sfix-only,,,,,6835,シルビーニョ,横浜FC,1977-01-17,pos=MF
sfix-only,,,,,71424,シルヴァン デランド,群馬,1997-04-25,pos=DF
sfix-only,,,,,12068,代田 敦資,長崎,1991-11-06,pos=DF
sfix-only,,,,,29569,城水 晃太,広島,2002-07-14,pos=MF
sfix-only,,,,,37877,新 良介,FC東京,2002-08-13,pos=DF
sfix-only,,,,,37717,新澤 大知,山口,2004-10-25,pos=FW
sfix-only,,,,,49637,新城 暖基,宮崎,2004-06-28,pos=MF
sfix-only,,,,,39620,新城 愛斗,浦和,2004-07-19,pos=MF
sfix-only,,,,,48388,シーウエ ウワ,長崎,2006-01-25,pos=MF
sfix-only,,,,,6115,ジェフェルソン,山形,1972-10-19,pos=MF
sfix-only,,,,,7443,ジェフェルソン,横浜FC,1981-07-03,pos=FW
sfix-only,,,,,29552,ジエゴ,甲府,1994-09-22,pos=FW
sfix-only,,,,,6019,ジネイ,札幌,1971-10-27,pos=FW
sfix-only,,,,,15906,ジネイ,松本,1983-11-11,pos=FW
sfix-only,,,,,7445,ジュニオール,鳥栖,1977-10-15,pos=MF
sfix-only,,,,,23512,ジュニオール,熊本,1992-04-10,pos=DF
sfix-only,,,,,2238,ジュニオール,FC東京,1969-07-29,pos=DF
sfix-only,,,,,29545,ジュニーニョ,栃木SC,1994-09-26,pos=MF
sfix-only,,,,,6780,ジュニーニョ,鳥栖,1982-07-07,pos=MF
sfix-only,,,,,39398,上西 駿大,Ｇ大阪,2004-08-14,pos=GK
sfix-only,,,,,32457,ジョナス,栃木SC,1998-02-20,pos=DF
sfix-only,,,,,7766,ジョルジーニョ,徳島,1985-12-04,pos=FW
sfix-only,,,,,285,ジョルジーニョ,名古屋,1959-08-23,pos=MF
sfix-only,,,,,1129,ジョルジーニョ,鹿島,1964-08-17,pos=MF
sfix-only,,,,,6203,ジョルジーニョ,甲府,1978-09-05,pos=FW
sfix-only,,,,,37767,ジョン イングォン,相模原,1996-04-24,pos=MF
sfix-only,,,,,6403,ジョン パウロ,水戸,1964-07-09,pos=MF
sfix-only,,,,,11952,ジョン ミンヒョク,熊本,1995-03-13,pos=FW
sfix-only,,,,,61690,ジョー,鳥栖,1999-02-21,pos=FW
sfix-only,,,,,19155,ジヴコヴィッチ,鹿児島,1989-03-10,pos=FW
sfix-only,,,,,23393,末次 敦貴,熊本,1996-12-29,pos=GK
sfix-only,,,,,44787,末次 章悟,福岡,2001-02-16,pos=MF
sfix-only,,,,,29567,末次 颯,福岡,2002-06-21,pos=DF
sfix-only,,,,,48926,菅野 波琉,水戸,2004-07-12,pos=MF
sfix-only,,,,,29527,菅原 脩斗,岡山,2002-05-22,pos=MF
sfix-only,,,,,49003,菅原 心里,札幌,2006-08-30,pos=FW
sfix-only,,,,,45247,杉﨑 皐輔,湘南,2006-05-10,pos=MF
sfix-only,,,,,19378,杉田 将宏,名古屋,1999-11-24,pos=MF
sfix-only,,,,,37744,杉野 伸太朗,大分,2003-10-08,pos=GK
sfix-only,,,,,37305,杉野 太一朗,愛媛,2003-02-05,pos=GK
sfix-only,,,,,29480,杉村 駿介,山口,2002-08-15,pos=MF
sfix-only,,,,,19349,杉本 崇太朗,名古屋,1999-02-12,pos=MF
sfix-only,,,,,19469,杉本 将哉,横浜FC,1998-08-11,pos=GK
sfix-only,,,,,32550,杉山 臣,鳥取,2002-04-18,pos=MF
sfix-only,,,,,70162,杉山 凪,沼津,2007-05-17,pos=MF
sfix-only,,,,,11922,鈴鹿 源太郎,YS横浜,1986-08-10,pos=DF
sfix-only,,,,,38104,鈴木 暁登,清水,2005-03-07,pos=GK
sfix-only,,,,,23390,鈴木 朝日,山形,1999-11-15,pos=FW
sfix-only,,,,,45248,鈴木 蔵之介,湘南,2006-07-24,pos=DF
sfix-only,,,,,19556,鈴木 駿之助,横浜FM,2000-06-09,pos=MF
sfix-only,,,,,70576,鈴木 翔太,滋賀,2000-10-08,pos=MF
sfix-only,,,,,39186,鈴木 颯,札幌,2004-05-04,pos=FW
sfix-only,,,,,2988,鈴木 達也,徳島,1982-08-01,pos=FW
sfix-only,,,,,10484,鈴木 達也,岩手,1993-07-08,pos=DF
sfix-only,,,,,11874,鈴木 翼,相模原,1990-11-04,pos=DF
sfix-only,,,,,46812,鈴木 颯太,岩手,2004-10-16,pos=DF
sfix-only,,,,,23351,鈴木 瑞生,清水,2001-06-22,pos=DF
sfix-only,,,,,45134,鈴木 悠希,愛媛,2007-10-30,pos=MF
sfix-only,,,,,45264,鈴木 雄貴,山形,2004-06-18,pos=DF
sfix-only,,,,,49612,鈴木 悠太,長野,2004-10-25,pos=DF
sfix-only,,,,,39201,鈴木 琉世,札幌,2005-07-28,pos=DF
sfix-only,,,,,19561,鈴木 涼汰,横浜FM,2000-09-10,pos=GK
sfix-only,,,,,48695,須田 龍心,横浜FC,2005-05-18,pos=FW
sfix-only,,,,,45262,須藤 渉,山形,2004-04-13,pos=MF
sfix-only,,,,,39169,砂田 匠,札幌,2003-04-05,pos=MF
sfix-only,,,,,45178,角 健心,鳥取,2006-04-24,pos=DF
sfix-only,,,,,44173,隅 廣太郎,福岡,2003-08-31,pos=DF
sfix-only,,,,,46815,鷲見 星河,岡山,2002-06-11,pos=DF
sfix-only,,,,,37713,角 来夢,山口,2004-08-29,pos=DF
sfix-only,,,,,37756,住野 碧音,大分,2004-07-14,pos=DF
sfix-only,,,,,37711,隅野 遥喜,山口,2004-08-30,pos=DF
sfix-only,,,,,39410,瑞慶山 一真,浦和,2003-05-06,pos=FW
sfix-only,,,,,37747,圖師 好至郎,大分,2003-12-17,pos=DF
sfix-only,,,,,45119,清家 颯太,愛媛,2004-04-08,pos=DF
sfix-only,,,,,19310,清治 大雅,川崎Ｆ,1998-07-19,pos=DF
sfix-only,,,,,61428,瀬尾 純基,高知,1999-06-07,pos=MF
sfix-only,,,,,19529,関 海斗,横浜FM,1998-04-26,pos=DF
sfix-only,,,,,29564,関 祐斗,広島,2002-05-12,pos=MF
sfix-only,,,,,29531,関 龍聖,岩手,2001-05-25,pos=GK
sfix-only,,,,,45216,関口 丈,湘南,2004-04-18,pos=FW
sfix-only,,,,,46839,関野 愛紀,横浜FM,2006-07-21,pos=MF
sfix-only,,,,,40847,関野 喜平,横浜FM,2004-04-23,pos=GK
sfix-only,,,,,39632,関谷 輝,浦和,2005-04-02,pos=MF
sfix-only,,,,,19384,瀬古 寛治,名古屋,2000-04-27,pos=FW
sfix-only,,,,,19594,瀬底 正椰,神戸,2000-06-29,pos=FW
sfix-only,,,,,48714,瀬戸口 脩人,鹿児島,2006-06-15,pos=DF
sfix-only,,,,,39633,瀬山 航生,浦和,2006-03-20,pos=MF
sfix-only,,,,,49495,芹澤 飛勇,新潟,2007-01-24,pos=DF
sfix-only,,,,,5899,セルジオ,福岡,1975-09-19,pos=DF
sfix-only,,,,,23156,セルジーニョ,松本,1990-12-03,pos=MF
sfix-only,,,,,9153,セルジーニョ,大分,1978-05-01,pos=FW
sfix-only,,,,,19494,仙臺 岳斗,鳥取,1999-01-22,pos=FW
sfix-only,,,,,45249,泉福 創太,湘南,2006-09-08,pos=FW
sfix-only,,,,,8113,ゼ カルロス,Ｃ大阪,1980-07-15,pos=MF
sfix-only,,,,,10206,ソウザ,徳島,1987-05-27,pos=FW
sfix-only,,,,,62126,宗田 椛生,広島,2007-11-14,pos=FW
sfix-only,,,,,23543,早乙女 達海,栃木SC,1999-06-22,pos=MF
sfix-only,,,,,45115,蘓鉄 航生,神戸,2004-05-24,pos=FW
sfix-only,,,,,44216,園田 駿,鹿児島,2005-05-09,pos=DF
sfix-only,,,,,44208,薗田 尚大,鹿児島,2005-11-22,pos=DF
sfix-only,,,,,49643,染谷 奎,千葉,2005-09-09,pos=GK
sfix-only,,,,,23364,孫 峻崗,北九州,1995-08-05,pos=MF
sfix-only,,,,,19600,宋 勝鳳,神戸,2000-05-31,pos=DF
sfix-only,,,,,45196,平 誠太朗,清水,2006-05-01,pos=DF
sfix-only,,,,,44171,田尾 日寿,福岡,2004-09-18,pos=MF
sfix-only,,,,,32571,高岩 流星,岡山,2003-05-24,pos=FW
sfix-only,,,,,60416,高岡 伶颯,宮崎,2007-03-12,pos=FW
sfix-only,,,,,45097,髙木 獅道,長崎,2004-08-31,pos=FW
sfix-only,,,,,37733,髙崎 弘輝,大分,2003-01-07,pos=DF
sfix-only,,,,,12124,高須 雄大,浦和,1996-05-09,pos=GK
sfix-only,,,,,45686,髙須賀 惺峯,今治,2005-02-19,pos=FW
sfix-only,,,,,9089,髙杉 亮太(高杉 亮太),栃木SC,1984-01-10,pos=DF
sfix-only,,,,,23558,高瀬 太一,仙台,2001-11-06,pos=MF
sfix-only,,,,,41164,高田 大鳳,徳島,2003-05-14,pos=MF
sfix-only,,,,,44196,高田 聖也,福岡,2005-10-02,pos=FW
sfix-only,,,,,45217,髙田 蒼太,湘南,2004-11-08,pos=FW
sfix-only,,,,,39638,高塚 星弥,鳥取,2004-02-24,pos=DF
sfix-only,,,,,39338,高貫 太瑛,柏,2003-05-01,pos=MF
sfix-only,,,,,49266,髙野 秀哉,新潟,2004-06-26,pos=DF
sfix-only,,,,,32735,高野 捺貴,愛媛,2002-08-27,pos=FW
sfix-only,,,,,60958,高橋 温郎,浦和,2009-02-13,pos=DF
sfix-only,,,,,44222,髙橋 楓,鹿島,2003-05-23,pos=GK
sfix-only,,,,,19524,高橋 和希,湘南,1999-07-17,pos=FW
sfix-only,,,,,29585,高橋 佳,鳥取,1996-08-29,pos=FW
sfix-only,,,,,48979,高橋 慶伍,讃岐,2006-01-01,pos=MF
sfix-only,,,,,38916,高橋 謙豪,横浜FM,2004-04-23,pos=DF
sfix-only,,,,,39202,高橋 昂雅,札幌,2005-06-02,pos=MF
sfix-only,,,,,23560,高橋 昂大,仙台,2001-07-18,pos=GK
sfix-only,,,,,45688,高橋 思瓜芭,今治,2005-04-22,pos=MF
sfix-only,,,,,39348,高橋 昴,浦和,2002-05-03,pos=MF
sfix-only,,,,,40850,髙橋 太陽,横浜FM,2004-07-30,pos=GK
sfix-only,,,,,23552,高橋 拓,仙台,2001-09-01,pos=DF
sfix-only,,,,,48925,高橋 忠男,岩手,2004-02-21,pos=DF
sfix-only,,,,,39646,高橋 直也,鳥取,2004-08-22,pos=DF
sfix-only,,,,,23219,髙橋 成樹,山形,1998-12-17,pos=DF
sfix-only,,,,,46813,高橋 真士,岩手,2005-12-27,pos=GK
sfix-only,,,,,39411,高橋 悠,浦和,2003-07-09,pos=FW
sfix-only,,,,,48906,髙橋 勇太,鳥取,1998-01-20,pos=MF
sfix-only,,,,,38124,高橋 唯月,清水,2005-07-03,pos=DF
sfix-only,,,,,45263,高橋 凛央,山形,2004-05-01,pos=MF
sfix-only,,,,,45235,高橋 龍ノ介,湘南,2005-09-20,pos=GK
sfix-only,,,,,48927,高松 大智,水戸,2004-08-09,pos=GK
sfix-only,,,,,49444,髙本 幹大,水戸,2006-10-17,pos=MF
sfix-only,,,,,32755,高柳 英二郎,広島,2003-05-19,pos=MF
sfix-only,,,,,15789,髙山 和真（高山 和真),富山,1996-07-14,pos=DF
sfix-only,,,,,44863,高山 椋二朗,徳島,2005-06-30,pos=MF
sfix-only,,,,,45218,高良 希生,湘南,2004-05-17,pos=MF
sfix-only,,,,,39621,田上 亜璃,浦和,2005-03-13,pos=MF
sfix-only,,,,,39173,瀧澤 暖,札幌,2003-09-02,pos=FW
sfix-only,,,,,39203,瀧澤 天,札幌,2005-05-27,pos=FW
sfix-only,,,,,39622,滝瀬 健太郎,浦和,2004-09-23,pos=DF
sfix-only,,,,,19362,瀧田 萌人,仙台,2000-09-21,pos=DF
sfix-only,,,,,37750,瀧水 蓮太郎,大分,2004-04-21,pos=GK
sfix-only,,,,,23173,田熊 航洋,鳥取,1999-04-05,pos=GK
sfix-only,,,,,39634,田口 啓太,浦和,2005-10-05,pos=MF
sfix-only,,,,,47608,田口 絢大,長崎,2005-06-04,pos=DF
sfix-only,,,,,49396,田口 達也,長崎,2005-11-07,pos=MF
sfix-only,,,,,49261,田口 聖,水戸,2005-06-12,pos=DF
sfix-only,,,,,37306,武井 邑馬,愛媛,2001-06-16,pos=DF
sfix-only,,,,,23504,竹内 瑛亮,松本,2001-06-29,pos=MF
sfix-only,,,,,48716,竹内 大斗,鹿児島,2006-06-06,pos=DF
sfix-only,,,,,49594,竹内 諒太郎,鳥栖,2004-09-05,pos=DF
sfix-only,,,,,39661,竹岡 寛人,鳥取,2005-10-30,pos=FW
sfix-only,,,,,39204,武田 悠聖,札幌,2005-06-29,pos=MF
sfix-only,,,,,58352,武知 莱陽,徳島,2007-12-13,pos=GK
sfix-only,,,,,39205,竹野 希,札幌,2005-05-14,pos=MF
sfix-only,,,,,70774,竹ノ谷 優駕スベディ,山形,2007-12-27,pos=MF
sfix-only,,,,,48386,竹本 将太,鹿児島,1998-02-08,pos=DF
sfix-only,,,,,37757,田島 凌空,大分,2004-07-25,pos=MF
sfix-only,,,,,37891,田代 紘,神戸,2004-06-03,pos=DF
sfix-only,,,,,45198,田代 寛人,清水,2006-09-01,pos=FW
sfix-only,,,,,63007,多田 蒼生,札幌,2008-12-25,pos=MF
sfix-only,,,,,44185,多田 亘冶,福岡,2003-06-14,pos=MF
sfix-only,,,,,48917,多田 雄貴,横浜FC,2006-06-15,pos=MF
sfix-only,,,,,62296,唯野 鶴眞,札幌,2007-05-28,pos=GK
sfix-only,,,,,15849,橘 一輝,鳥取,1992-06-08,pos=MF
sfix-only,,,,,49263,立花 康生,水戸,2004-05-26,pos=FW
sfix-only,,,,,29501,立花 春輝,岡山,2000-04-18,pos=FW
sfix-only,,,,,19399,立花 響,広島,1999-01-10,pos=MF
sfix-only,,,,,71464,立川 遼翔,京都,2007-02-20,pos=MF
sfix-only,,,,,19292,舘田 晃太,仙台,1998-08-03,pos=MF
sfix-only,,,,,49443,田中 輝里十,水戸,2005-08-19,pos=FW
sfix-only,,,,,39354,田中 吟侍,水戸,2004-04-30,pos=MF
sfix-only,,,,,29474,田中 堅清,山口,2000-12-04,pos=DF
sfix-only,,,,,19340,田中 洸太朗,名古屋,1998-04-09,pos=DF
sfix-only,,,,,32596,田中 翔,岡山,1997-05-27,pos=FW
sfix-only,,,,,37741,田中 翔,大分,2003-06-13,pos=MF
sfix-only,,,,,19344,田中 彰馬,名古屋,1998-06-13,pos=MF
sfix-only,,,,,19364,田中 紳介,仙台,2000-10-10,pos=MF
sfix-only,,,,,45219,田中 颯流,湘南,2004-06-22,pos=DF
sfix-only,,,,,45250,田中 大雅,湘南,2006-05-14,pos=DF
sfix-only,,,,,6452,田中 達也,新潟,1982-11-27,pos=FW
sfix-only,,,,,45251,田中 叶碧,湘南,2006-04-20,pos=GK
sfix-only,,,,,37888,田中 七星,FC東京,2004-08-21,pos=GK
sfix-only,,,,,40855,田中 陽己良,鹿児島,2005-11-26,pos=MF
sfix-only,,,,,11965,田中 宏昌,岡山,1995-04-18,pos=DF
sfix-only,,,,,11986,田中 雄輝,岡山,1995-12-30,pos=DF
sfix-only,,,,,61661,田中 雄大,福島,1999-07-09,pos=GK
sfix-only,,,,,10942,田中 雄大,秋田,1988-08-08,pos=DF
sfix-only,,,,,44983,田中 雄大,鳥栖,1999-12-14,pos=MF
sfix-only,,,,,29361,田中 雄大,広島,1995-11-17,pos=GK
sfix-only,,,,,37729,田中 優也,大分,2002-10-04,pos=DF
sfix-only,,,,,49442,田中 慶延,山形,2002-03-15,pos=MF
sfix-only,,,,,44960,田中 龍志郎,いわき,1995-05-07,pos=DF
sfix-only,,,,,23405,棚田 颯,広島,2001-05-11,pos=FW
sfix-only,,,,,41157,谷 聖己,徳島,2003-08-15,pos=DF
sfix-only,,,,,45679,谷川 尚翼,今治,2005-01-31,pos=DF
sfix-only,,,,,19583,谷川 勇磨,神戸,1999-07-26,pos=MF
sfix-only,,,,,29310,谷口 遼弥,金沢,1999-08-31,pos=FW
sfix-only,,,,,48918,谷田 蓮都,横浜FC,2007-01-07,pos=MF
sfix-only,,,,,37881,谷村 峻,FC東京,2003-04-24,pos=MF
sfix-only,,,,,19595,谷村 尚哉,神戸,2000-12-20,pos=MF
sfix-only,,,,,29513,谷本 薫平,岡山,2001-04-24,pos=MF
sfix-only,,,,,29514,谷本 壮太朗,岡山,2001-04-24,pos=MF
sfix-only,,,,,44855,谷本 雄紀,徳島,2005-06-23,pos=MF
sfix-only,,,,,23263,種岡 岐将,藤枝,1994-04-04,pos=DF
sfix-only,,,,,11451,種村 優志,札幌,1996-06-21,pos=GK
sfix-only,,,,,15952,田上 大地,熊本,1997-04-26,pos=MF
sfix-only,,,,,45641,田野辺 創,岡山,2005-04-12,pos=MF
sfix-only,,,,,45653,田原 悠帆,岡山,2006-05-09,pos=DF
sfix-only,,,,,45100,田橋 征也,長崎,2006-01-24,pos=DF
sfix-only,,,,,48991,田畑 篤郎,長崎,2000-06-03,pos=MF
sfix-only,,,,,48940,田畑 麟,山形,2002-08-30,pos=DF
sfix-only,,,,,19342,田渕 佑,名古屋,1998-05-11,pos=GK
sfix-only,,,,,576,田渕（花垣） 龍二,神戸,1973-02-16,pos=DF
sfix-only,,,,,45684,玉井 智也,今治,2004-08-23,pos=MF
sfix-only,,,,,12107,玉川 健太,甲府,1992-10-24,pos=DF
sfix-only,,,,,23222,玉川 由,琉球,1996-06-14,pos=DF
sfix-only,,,,,29471,田丸 星輝,山口,2000-07-08,pos=FW
sfix-only,,,,,12109,タム シイアンツン,鳥取,1995-05-24,pos=MF
sfix-only,,,,,32552,田村 翔汰,鳥取,2002-05-01,pos=FW
sfix-only,,,,,45116,田村 聡佑,神戸,2004-08-09,pos=GK
sfix-only,,,,,12022,田村 翼,金沢,1996-07-27,pos=GK
sfix-only,,,,,39182,田村 朋也,札幌,2004-04-06,pos=DF
sfix-only,,,,,45236,田村 勇人,湘南,2006-02-09,pos=MF
sfix-only,,,,,19444,賜 正憲,松本,1998-05-03,pos=MF
sfix-only,,,,,19602,丹代 爽弥,仙台,1994-12-16,pos=FW
sfix-only,,,,,29376,ターレス,新潟,1995-05-18,pos=FW
sfix-only,,,,,38023,ターレス,徳島,2001-06-29,pos=MF
sfix-only,,,,,7677,ダ シルバ,鹿島,1974-03-05,pos=MF
sfix-only,,,,,9047,ダ シルバ,鹿島,1986-09-21,pos=MF
sfix-only,,,,,9175,ダ シルバ,徳島,1977-02-21,pos=MF
sfix-only,,,,,45202,大當 侑,横浜FM,2005-04-26,pos=FW
sfix-only,,,,,39412,舘 樹,浦和,2003-09-17,pos=FW
sfix-only,,,,,366,ダニエル,広島,1968-02-21,pos=MF
sfix-only,,,,,4241,ダニエル,神戸,1970-10-10,pos=MF
sfix-only,,,,,4372,ダニエル,東京Ｖ,1973-05-27,pos=DF
sfix-only,,,,,6397,ダニエル,川崎Ｆ,1981-01-04,pos=MF
sfix-only,,,,,6431,ダニエル,川崎Ｆ,1979-11-23,pos=MF
sfix-only,,,,,7692,ダニエル,大宮,1983-12-15,pos=FW
sfix-only,,,,,10275,ダニエル,大分,1982-05-30,pos=DF
sfix-only,,,,,10911,ダニエル,群馬,1981-03-10,pos=DF
sfix-only,,,,,32734,ダニエル サンチェス,琉球,1999-05-14,pos=DF
sfix-only,,,,,8090,ダニーロ,FC東京,1981-10-15,pos=MF
sfix-only,,,,,19655,ダビ,金沢,1989-11-12,pos=FW
sfix-only,,,,,32572,檀野 世那,岡山,2003-05-25,pos=FW
sfix-only,,,,,9093,ダヴィ,北九州,1984-03-10,pos=FW
sfix-only,,,,,9743,ダヴィ,新潟,1984-04-06,pos=MF
sfix-only,,,,,60461,チ ソンミン,FC大阪,2004-02-07,pos=FW
sfix-only,,,,,7762,チアゴ,岡山,1977-12-04,pos=FW
sfix-only,,,,,9087,チアゴ,札幌,1984-05-03,pos=DF
sfix-only,,,,,10348,チアゴ,Ｃ大阪,1980-01-14,pos=DF
sfix-only,,,,,10784,チアゴ,愛媛,1983-02-28,pos=DF
sfix-only,,,,,11303,チアゴ,岐阜,1994-04-30,pos=FW
sfix-only,,,,,19239,チアゴ,群馬,1988-09-25,pos=MF
sfix-only,,,,,23369,チアゴ アウベス,徳島,1993-01-12,pos=FW
sfix-only,,,,,61720,チアゴ サンタナ,松本,1998-04-14,pos=DF
sfix-only,,,,,32709,チェ ジヒョク,相模原,1995-02-18,pos=DF
sfix-only,,,,,19279,千田 奎斗,横浜FM,1998-09-13,pos=GK
sfix-only,,,,,39172,千田 悠貴,札幌,2003-09-01,pos=MF
sfix-only,,,,,12065,千葉 奏汰,町田,1995-06-26,pos=GK
sfix-only,,,,,23551,千葉 武,仙台,2001-12-29,pos=MF
sfix-only,,,,,61728,チャナパット,奈良,2004-03-22,pos=DF
sfix-only,,,,,37766,チャヤトーン,FC東京,2000-03-12,pos=MF
sfix-only,,,,,45038,チャン ヒョンス,岩手,1993-01-01,pos=MF
sfix-only,,,,,11132,チャン ヒョンス,FC東京,1991-09-28,pos=DF
sfix-only,,,,,55407,崔 榮訓,FC大阪,2002-11-16,pos=DF
sfix-only,,,,,23183,張 帥,YS横浜,1997-09-12,pos=MF
sfix-only,,,,,29404,チョン ウォンジェ,北九州,1998-03-28,pos=FW
sfix-only,,,,,70838,チョン ソホ,いわき,2007-06-08,pos=MF
sfix-only,,,,,70786,チョン ヒョンホ,岐阜,2004-11-26,pos=GK
sfix-only,,,,,19493,塚田 裕介,横浜FM,1999-06-09,pos=MF
sfix-only,,,,,44202,塚原 輝,鹿児島,2003-05-23,pos=MF
sfix-only,,,,,70886,塚本 一咲,宮崎,2007-06-16,pos=FW
sfix-only,,,,,39643,塚本 颯,鳥取,2004-07-29,pos=DF
sfix-only,,,,,49272,營田 一燈,新潟,2004-10-13,pos=MF
sfix-only,,,,,32573,津島 克洋,岡山,2003-04-16,pos=MF
sfix-only,,,,,38101,辻 創太,清水,2003-04-21,pos=MF
sfix-only,,,,,48928,辻井 恭平,水戸,2004-05-08,pos=DF
sfix-only,,,,,37809,辻野 航大,琉球,2002-08-20,pos=GK
sfix-only,,,,,39623,土橋 公哉,浦和,2004-06-25,pos=MF
sfix-only,,,,,19400,堤 耕一,広島,1998-04-28,pos=DF
sfix-only,,,,,48689,堤 晃波,横浜FC,2005-07-09,pos=GK
sfix-only,,,,,23553,角田 拓海,仙台,2001-06-14,pos=MF
sfix-only,,,,,48719,津曲 一誠,鹿児島,2006-05-10,pos=MF
sfix-only,,,,,23385,津村 和希,大分,1999-05-04,pos=GK
sfix-only,,,,,49402,鶴井 李成,長崎,2006-09-07,pos=GK
sfix-only,,,,,19567,鶴田 海人,神戸,1998-04-16,pos=GK
sfix-only,,,,,41176,鶴田 剛生,徳島,2004-11-11,pos=FW
sfix-only,,,,,19385,手嶋 秀,名古屋,2001-03-05,pos=FW
sfix-only,,,,,23557,手塚 直樹,仙台,2001-07-03,pos=FW
sfix-only,,,,,45279,手塚 琉惺,山形,2005-11-04,pos=MF
sfix-only,,,,,48980,寺尾 遼太,讃岐,2005-09-27,pos=DF
sfix-only,,,,,45252,寺下 翔和,湘南,2006-06-28,pos=FW
sfix-only,,,,,29383,ディオゴ フェレイラ,栃木SC,1989-10-05,pos=DF
sfix-only,,,,,70169,ディディエ,藤枝,2002-03-21,pos=FW
sfix-only,,,,,32403,デネル ピニェイロ,岡山,1995-04-12,pos=MF
sfix-only,,,,,44178,藤 海太,福岡,2004-04-13,pos=FW
sfix-only,,,,,49583,東郷 翼,熊本,2000-08-23,pos=MF
sfix-only,,,,,32555,田路 耀介,金沢,2001-04-08,pos=MF
sfix-only,,,,,60957,東方田 純永,浦和,2007-08-14,pos=DF
sfix-only,,,,,48715,當房 悠雅,鹿児島,2006-12-25,pos=GK
sfix-only,,,,,37808,當真 蒔音,琉球,2002-08-14,pos=MF
sfix-only,,,,,38932,遠山 湧斗,名古屋,2004-04-22,pos=MF
sfix-only,,,,,38080,得居 大真,愛媛,2004-11-27,pos=MF
sfix-only,,,,,46840,徳田 佑真,横浜FM,2006-08-30,pos=MF
sfix-only,,,,,39214,徳留 尽,鹿児島,2003-06-24,pos=DF
sfix-only,,,,,32526,徳本 奏太,山口,2003-07-11,pos=MF
sfix-only,,,,,70889,徳若 碧都,宮崎,2003-07-14,pos=GK
sfix-only,,,,,71471,渡久地 希来,琉球,2009-01-21,pos=DF
sfix-only,,,,,37859,戸田 伊吹,柏,2002-05-03,pos=DF
sfix-only,,,,,39413,戸田 大翔,浦和,2003-04-25,pos=MF
sfix-only,,,,,251,トニーニョ,清水,1965-03-23,pos=MF
sfix-only,,,,,1698,トニーニョ,Ｃ大阪,1967-05-27,pos=DF
sfix-only,,,,,46822,富川 勇斗,名古屋,2006-07-12,pos=DF
sfix-only,,,,,49441,冨久田 和真,山形,2001-02-13,pos=MF
sfix-only,,,,,45288,冨坂 優仁,山形,2006-05-01,pos=MF
sfix-only,,,,,49007,冨谷 央雅,札幌,2006-04-30,pos=DF
sfix-only,,,,,45253,戸村 総一郎,湘南,2006-06-13,pos=DF
sfix-only,,,,,37807,友寄 慈安,琉球,2002-05-13,pos=DF
sfix-only,,,,,38927,友利 太虹,琉球,2003-09-07,pos=FW
sfix-only,,,,,37812,友利 祐志朗,琉球,2003-06-27,pos=DF
sfix-only,,,,,37585,外山 佳大,群馬,1997-10-26,pos=GK
sfix-only,,,,,37743,豊島 海斗,大分,2003-07-20,pos=DF
sfix-only,,,,,32753,豊田 将大,広島,2004-03-28,pos=DF
sfix-only,,,,,23340,鳥居 大人,清水,1999-05-04,pos=DF
sfix-only,,,,,2856,トーマス,名古屋,1974-08-16,pos=FW
sfix-only,,,,,38081,土井 嘉人,愛媛,2004-06-22,pos=DF
sfix-only,,,,,12168,ドゥドゥ,岐阜,1990-04-21,pos=FW
sfix-only,,,,,19455,ドゥドゥ,柏,1996-02-24,pos=FW
sfix-only,,,,,7755,ドゥドゥ,柏,1983-04-15,pos=MF
sfix-only,,,,,10254,ドゥドゥ,大宮,1980-02-02,pos=FW
sfix-only,,,,,2222,ドゥンガ,磐田,1963-10-31,pos=MF
sfix-only,,,,,38037,ドゥンガ,讃岐,1993-02-24,pos=FW
sfix-only,,,,,11124,ドウグラス,横浜FC,1985-05-18,pos=DF
sfix-only,,,,,8078,ドド,大分,1974-05-02,pos=FW
sfix-only,,,,,10783,ドド,鳥取,1990-06-28,pos=FW
sfix-only,,,,,2323,ドニゼッチ,東京Ｖ,1968-10-24,pos=FW
sfix-only,,,,,32406,内藤 健太,琉球,1996-05-15,pos=DF
sfix-only,,,,,12118,中井 英人,神戸,1996-05-09,pos=MF
sfix-only,,,,,45173,中井 奏,鳥取,2007-01-24,pos=MF
sfix-only,,,,,39662,中井 大翔,鳥取,2005-11-12,pos=DF
sfix-only,,,,,29470,中尾 篤人,山口,2001-01-22,pos=FW
sfix-only,,,,,46846,中尾 洸稀,横浜FM,2005-06-25,pos=DF
sfix-only,,,,,29433,中垣 龍一朗,鳥取,2000-09-23,pos=DF
sfix-only,,,,,12149,中川 洋介,水戸,1998-04-28,pos=MF
sfix-only,,,,,19387,中崎 颯人,名古屋,2000-04-06,pos=DF
sfix-only,,,,,49254,仲里 勇真,岡山,2004-10-31,pos=DF
sfix-only,,,,,19621,中澤 海吏,新潟,1998-08-13,pos=GK
sfix-only,,,,,38923,中島 聖翔,長崎,2003-07-01,pos=FW
sfix-only,,,,,48694,中島 洋之介,横浜FC,2005-06-10,pos=MF
sfix-only,,,,,38100,中島 惇希,清水,2003-04-15,pos=GK
sfix-only,,,,,70918,中島 大翔,大宮,2008-10-16,pos=FW
sfix-only,,,,,10760,仲島 義貴,愛媛,1993-08-18,pos=DF
sfix-only,,,,,41160,中角 海音,徳島,2003-10-02,pos=MF
sfix-only,,,,,19628,中谷 超太,広島,2000-06-12,pos=MF
sfix-only,,,,,29518,中田 樹音,岡山,2002-06-18,pos=FW
sfix-only,,,,,32574,中田 祐暉,岡山,2003-06-12,pos=GK
sfix-only,,,,,48919,中台 翔太,横浜FC,2006-09-20,pos=MF
sfix-only,,,,,29521,仲達 拓斗,岡山,2002-05-24,pos=MF
sfix-only,,,,,44608,中坪 優汰,長崎,2004-01-29,pos=DF
sfix-only,,,,,19336,中土井 稔,Ｃ大阪,1998-06-11,pos=DF
sfix-only,,,,,19214,中西 健人,藤枝,1992-07-09,pos=MF
sfix-only,,,,,65124,中根 槙助,山口,2008-08-15,pos=FW
sfix-only,,,,,19569,中野 颯大,神戸,1998-06-25,pos=GK
sfix-only,,,,,38126,仲野 丈翔,清水,2005-04-22,pos=MF
sfix-only,,,,,45220,中野 大,湘南,2004-05-06,pos=DF
sfix-only,,,,,19623,中野 優也,新潟,1999-01-16,pos=MF
sfix-only,,,,,38904,中野 龍斗,横浜FM,2002-03-07,pos=MF
sfix-only,,,,,46823,中原 蒼空,名古屋,2006-09-06,pos=MF
sfix-only,,,,,44209,中原 弾,横浜FM,2005-06-23,pos=FW
sfix-only,,,,,48692,中林 優友,横浜FC,2005-05-27,pos=FW
sfix-only,,,,,54751,中別府 柊太,宮崎,2002-01-23,pos=MF
sfix-only,,,,,49341,仲丸 慎太郎,大宮,2004-04-22,pos=MF
sfix-only,,,,,23352,中村 亜龍,清水,2001-01-20,pos=DF
sfix-only,,,,,253,中村 樹佳,甲府,1971-05-20,pos=DF
sfix-only,,,,,19233,中村 駿,岐阜,1994-02-24,pos=MF
sfix-only,,,,,45081,中村 駿,YS横浜,1999-05-05,pos=DF
sfix-only,,,,,44211,中村 隼也,鹿児島,2005-10-10,pos=DF
sfix-only,,,,,44177,中村 成吾,福岡,2003-05-12,pos=GK
sfix-only,,,,,12099,中村 将,甲府,1997-10-07,pos=GK
sfix-only,,,,,48923,中村 太記,岩手,2002-09-02,pos=FW
sfix-only,,,,,38968,中村 翼,水戸,1998-06-25,pos=FW
sfix-only,,,,,19235,中村 俊貴,群馬,1993-05-17,pos=DF
sfix-only,,,,,45237,中村 優真,湘南,2005-05-17,pos=FW
sfix-only,,,,,44793,仲村 優良,琉球,2005-10-10,pos=MF
sfix-only,,,,,39171,中村 香紀,札幌,2003-08-07,pos=MF
sfix-only,,,,,37644,中村 龍雅,相模原,2001-07-24,pos=DF
sfix-only,,,,,44214,中村 琉雅,鹿児島,2005-11-07,pos=DF
sfix-only,,,,,47605,中村 琉聖,横浜FC,2004-11-03,pos=DF
sfix-only,,,,,19527,中村 涼,横浜FM,1999-11-14,pos=GK
sfix-only,,,,,29484,中本 一志,山口,2001-06-12,pos=MF
sfix-only,,,,,45201,中山 温樹,清水,2006-06-30,pos=MF
sfix-only,,,,,10669,中山 和弥,YS横浜,1992-05-10,pos=DF
sfix-only,,,,,45719,永井 心温,栃木SC,2005-06-10,pos=MF
sfix-only,,,,,69828,永井 大義,仙台,2007-11-19,pos=DF
sfix-only,,,,,38064,永石 大和,岡山,2004-10-13,pos=FW
sfix-only,,,,,19386,長江 裕真,名古屋,2000-04-14,pos=GK
sfix-only,,,,,38066,長尾 航太,岡山,2004-11-03,pos=MF
sfix-only,,,,,32484,長尾 泰成,長崎,2001-06-09,pos=MF
sfix-only,,,,,15810,長坂 恭樹,広島,1997-04-19,pos=GK
sfix-only,,,,,60239,長﨑 皇,福島,2007-02-26,pos=MF
sfix-only,,,,,38905,長澤 シバ タファリ,横浜FM,2001-12-12,pos=DF
sfix-only,,,,,37897,永澤 海風,岡山,2005-01-25,pos=MF
sfix-only,,,,,23406,長澤 瑞紀,広島,2001-07-06,pos=DF
sfix-only,,,,,19568,永澤 竜亮,神戸,1998-09-25,pos=FW
sfix-only,,,,,61739,長嶋 志歩,熊本,2006-04-21,pos=DF
sfix-only,,,,,29504,永瀬 温大,岡山,2000-04-27,pos=FW
sfix-only,,,,,71477,永添 功樹,Ｃ大阪,2009-04-02,pos=FW
sfix-only,,,,,47607,永田 滉太朗,横浜FC,2005-06-17,pos=MF
sfix-only,,,,,70851,永田 陸,高知,2003-09-11,pos=GK
sfix-only,,,,,38922,長塚 陽,長崎,2004-02-13,pos=DF
sfix-only,,,,,61655,長友 海翔,宮崎,2002-04-05,pos=DF
sfix-only,,,,,44609,長友 大和,長崎,2003-05-01,pos=MF
sfix-only,,,,,71374,長野 大河,FC大阪,2003-09-20,pos=GK
sfix-only,,,,,71481,永野 春樹,熊本,2008-06-12,pos=GK
sfix-only,,,,,44219,永濱 天琉,鹿児島,2005-11-19,pos=MF
sfix-only,,,,,39637,長光 晃輝,鳥取,2003-11-17,pos=DF
sfix-only,,,,,45692,永易 柑太,今治,2005-11-20,pos=DF
sfix-only,,,,,29520,流羽 汰綺,岡山,2002-09-03,pos=MF
sfix-only,,,,,45670,名越 瑛恆,広島,2004-07-23,pos=GK
sfix-only,,,,,10269,ナザ,湘南,1990-06-17,pos=MF
sfix-only,,,,,45643,ナジ ウマル,岡山,2005-04-15,pos=GK
sfix-only,,,,,38944,那須 奏輔,名古屋,2005-05-12,pos=MF
sfix-only,,,,,37726,奈須 哲平,大分,2002-06-11,pos=MF
sfix-only,,,,,29369,ナタン ジュニオール,徳島,1989-03-10,pos=FW
sfix-only,,,,,40857,灘 遥希,鹿児島,2005-04-19,pos=DF
sfix-only,,,,,29476,七木田 快,山口,2001-09-14,pos=FW
sfix-only,,,,,23361,名波 上総,清水,2002-01-23,pos=MF
sfix-only,,,,,71461,ナム ヒョンミン,福島,2005-04-02,pos=DF
sfix-only,,,,,45639,楢崎 光成,岡山,2005-04-09,pos=MF
sfix-only,,,,,38111,成澤 夢行,清水,2004-05-03,pos=FW
sfix-only,,,,,32281,成田 諒介,八戸,1988-09-09,pos=DF
sfix-only,,,,,44312,鳴海 慈,水戸,1998-05-24,pos=FW
sfix-only,,,,,19308,新居 俊介,川崎Ｆ,1998-04-30,pos=GK
sfix-only,,,,,23371,西 洸瑠,福岡,1999-04-10,pos=DF
sfix-only,,,,,38929,西 凜誓,名古屋,2004-08-14,pos=MF
sfix-only,,,,,48977,西井 太陽,岩手,2004-10-10,pos=FW
sfix-only,,,,,39652,西尾 響,鳥取,2004-12-04,pos=DF
sfix-only,,,,,32575,西岡 政智,岡山,2003-08-26,pos=GK
sfix-only,,,,,60245,西岡 佑真,京都,2006-05-24,pos=FW
sfix-only,,,,,71377,西方 瑛太郎,横浜FC,2010-02-15,pos=GK
sfix-only,,,,,23407,西川 歩,広島,2001-08-18,pos=MF
sfix-only,,,,,37993,西川 駿一郎,沼津,1998-08-15,pos=GK
sfix-only,,,,,41167,西川 大翔,徳島,2005-02-13,pos=DF
sfix-only,,,,,71463,西川 楓人,町田,2004-04-28,pos=DF
sfix-only,,,,,49651,西坂 斗和,徳島,2004-06-24,pos=DF
sfix-only,,,,,23358,西島 隆斗,清水,2001-08-24,pos=DF
sfix-only,,,,,45175,西田 快斗,鳥取,2006-11-17,pos=FW
sfix-only,,,,,8943,西田 翼,琉球,1990-06-26,pos=DF
sfix-only,,,,,39624,西田 春斗,浦和,2004-04-22,pos=FW
sfix-only,,,,,39183,西田 将也,札幌,2004-04-12,pos=FW
sfix-only,,,,,19538,西田 優太,横浜FM,1998-05-18,pos=FW
sfix-only,,,,,71146,西野 陽向,磐田,2009-07-26,pos=DF
sfix-only,,,,,31522,西原 広太,鳥取,2001-03-10,pos=DF
sfix-only,,,,,45691,西原 怜央,今治,2005-06-13,pos=DF
sfix-only,,,,,15730,西林 直輝,岡山,1996-04-03,pos=DF
sfix-only,,,,,44930,西見 斗輝,岡山,2000-10-03,pos=DF
sfix-only,,,,,29572,西村 伊織,広島,2002-10-20,pos=MF
sfix-only,,,,,47614,西村 海陽,長崎,2006-04-24,pos=DF
sfix-only,,,,,32757,西村 岳,広島,2003-04-14,pos=MF
sfix-only,,,,,49264,西村 涼,新潟,2004-06-01,pos=MF
sfix-only,,,,,19608,西本 卓申,鹿島,1998-06-12,pos=MF
sfix-only,,,,,46824,西森 脩斗,名古屋,2006-05-23,pos=FW
sfix-only,,,,,46825,西森 悠斗,名古屋,2006-05-23,pos=MF
sfix-only,,,,,37880,西山 草汰,FC東京,2004-06-19,pos=GK
sfix-only,,,,,41168,新田 洸成,徳島,2004-06-15,pos=MF
sfix-only,,,,,8322,二戸 将,栃木SC,1989-05-05,pos=DF
sfix-only,,,,,23322,二宮 和輝,愛媛,2000-02-22,pos=DF
sfix-only,,,,,38056,仁宮 拓夢,岡山,2004-04-17,pos=GK
sfix-only,,,,,45124,二宮 颯,愛媛,2006-01-16,pos=MF
sfix-only,,,,,39206,ニパード リース光,札幌,2005-06-06,pos=DF
sfix-only,,,,,58718,ニン フォンゾン,今治,2005-09-11,pos=MF
sfix-only,,,,,19413,根角 裕基,広島,1999-06-15,pos=MF
sfix-only,,,,,964,根子 達也,仙台,1972-09-25,pos=FW
sfix-only,,,,,44204,子島 諒大,鹿児島,2004-08-11,pos=GK
sfix-only,,,,,19542,根本 圭輔,横浜FM,1998-06-20,pos=MF
sfix-only,,,,,38093,根本 鼓太郎,東京Ｖ,2004-01-11,pos=FW
sfix-only,,,,,39213,根山 翔伍,浦和,2004-04-25,pos=GK
sfix-only,,,,,48706,乃一 悟生,徳島,2006-06-27,pos=FW
sfix-only,,,,,19474,野上 拓哉,大分,1998-11-29,pos=MF
sfix-only,,,,,44217,野上 琉成,鹿児島,2005-05-13,pos=MF
sfix-only,,,,,48690,野口 颯汰,横浜FC,2005-07-10,pos=DF
sfix-only,,,,,38945,野田 愛斗,名古屋,2005-05-22,pos=MF
sfix-only,,,,,48393,野田 秦平,長崎,2006-06-22,pos=MF
sfix-only,,,,,49398,野田 大翔,長崎,2005-07-05,pos=DF
sfix-only,,,,,39614,野津 真聖,鳥取,2003-06-20,pos=MF
sfix-only,,,,,19570,野原 健太,神戸,1998-08-25,pos=FW
sfix-only,,,,,19615,登坂 信裕,新潟,1998-06-25,pos=MF
sfix-only,,,,,49270,野村 俊瑛,新潟,2004-07-12,pos=DF
sfix-only,,,,,45221,野村 祐暉,湘南,2004-07-01,pos=MF
sfix-only,,,,,49391,野村 勇仁,名古屋,2007-06-05,pos=MF
sfix-only,,,,,29507,野村 吏希,岡山,2001-12-04,pos=MF
sfix-only,,,,,63741,河 智聖,FC大阪,2003-08-06,pos=DF
sfix-only,,,,,39625,萩元 雅樹,浦和,2004-04-05,pos=MF
sfix-only,,,,,29453,櫨本 響祈,鳥取,2000-11-03,pos=MF
sfix-only,,,,,48718,橋口 開一,鹿児島,2006-04-09,pos=MF
sfix-only,,,,,48704,橋口 力也,鹿児島,2006-07-17,pos=FW
sfix-only,,,,,37825,橋場 尚貴,富山,2002-04-07,pos=DF
sfix-only,,,,,49262,橋本 峻,水戸,2005-07-14,pos=MF
sfix-only,,,,,61426,橋本 峻輝,高知,1998-11-01,pos=DF
sfix-only,,,,,37299,橋本 空新,徳島,2002-08-08,pos=MF
sfix-only,,,,,19521,橋本 俊樹,湘南,1999-04-02,pos=MF
sfix-only,,,,,12182,蓮川 雄大,FC東京,1996-05-12,pos=MF
sfix-only,,,,,45267,羽角 康生,山形,2004-08-10,pos=DF
sfix-only,,,,,38062,長谷川 晶飛,岡山,2004-09-26,pos=MF
sfix-only,,,,,49275,長谷川 紡,新潟,2005-04-08,pos=MF
sfix-only,,,,,45268,長谷川 諒,山形,2004-08-13,pos=DF
sfix-only,,,,,29500,畑 真暉,岡山,2000-06-29,pos=DF
sfix-only,,,,,49002,畑 嘉人,札幌,2006-11-01,pos=MF
sfix-only,,,,,37784,畑添 隼人,新潟,2004-04-24,pos=DF
sfix-only,,,,,6151,旗手 真也,長野,1983-10-13,pos=DF
sfix-only,,,,,38102,畠中 勇士朗,清水,2003-05-08,pos=MF
sfix-only,,,,,63000,波多野 壮介,栃木SC,2008-08-28,pos=FW
sfix-only,,,,,46807,畑野 遼太,広島,2004-04-27,pos=MF
sfix-only,,,,,49005,畑山 聖那,札幌,2006-11-02,pos=FW
sfix-only,,,,,46829,羽田野 成琉,横浜FM,2004-07-03,pos=MF
sfix-only,,,,,32749,波多野 崇史,広島,2003-07-14,pos=GK
sfix-only,,,,,45640,服部 航大,岡山,2005-04-10,pos=DF
sfix-only,,,,,32417,服部 航平,京都,2000-08-22,pos=FW
sfix-only,,,,,19523,八方 伶央,湘南,1999-06-10,pos=DF
sfix-only,,,,,38931,花田 倖臣,名古屋,2005-04-11,pos=GK
sfix-only,,,,,71489,花元 誉絆,神戸,2010-11-01,pos=MF
sfix-only,,,,,45222,濵川 遥斗,湘南,2004-07-15,pos=FW
sfix-only,,,,,37849,濱口 功聖,鹿児島,1998-04-11,pos=DF
sfix-only,,,,,46826,濱崎 史揮,名古屋,2006-08-22,pos=GK
sfix-only,,,,,32523,濱田 健正,山口,2003-09-30,pos=MF
sfix-only,,,,,45203,濱田 心太朗,横浜FM,2006-02-01,pos=MF
sfix-only,,,,,32705,ハモン,琉球,1998-09-19,pos=MF
sfix-only,,,,,70207,早川 優世,横浜FM,2007-12-14,pos=DF
sfix-only,,,,,23411,早川 嘉紀,広島,2001-07-04,pos=DF
sfix-only,,,,,23428,早坂 翼,湘南,1999-06-28,pos=DF
sfix-only,,,,,39192,早坂 優志,札幌,2004-11-06,pos=MF
sfix-only,,,,,23171,早坂 龍之介,群馬,1994-06-07,pos=MF
sfix-only,,,,,71473,林 和喜,水戸,2008-04-17,pos=DF
sfix-only,,,,,19368,林 莞太,名古屋,1999-04-23,pos=MF
sfix-only,,,,,23357,林 航輝,清水,2001-10-04,pos=DF
sfix-only,,,,,48711,林 壮,徳島,2006-07-20,pos=MF
sfix-only,,,,,45649,林 碧良,岡山,2006-03-21,pos=DF
sfix-only,,,,,32522,林 陸也,山口,2003-07-17,pos=MF
sfix-only,,,,,44928,林田 友彦,福岡,2000-09-12,pos=DF
sfix-only,,,,,23265,林田 隆介,長崎,1999-03-11,pos=MF
sfix-only,,,,,38955,葉山 新之輔,名古屋,2003-06-04,pos=DF
sfix-only,,,,,29503,原 一貴,岡山,2000-10-19,pos=DF
sfix-only,,,,,61862,原 蒼汰,神戸,2007-08-21,pos=DF
sfix-only,,,,,45223,原 ブライアン イケチュク,湘南,2004-07-17,pos=FW
sfix-only,,,,,19596,原 尊,神戸,2000-06-17,pos=FW
sfix-only,,,,,49403,原 龍生,長崎,2006-08-01,pos=MF
sfix-only,,,,,38075,原井川 昇吾,愛媛,2004-10-25,pos=FW
sfix-only,,,,,49379,原崎 颯,清水,2002-01-30,pos=FW
sfix-only,,,,,37716,原田 幹太,山口,2004-09-07,pos=MF
sfix-only,,,,,32370,原田 大雅,藤枝,1996-10-18,pos=DF
sfix-only,,,,,70792,原田 高虎,群馬,2007-11-01,pos=MF
sfix-only,,,,,19343,原田 拓季,名古屋,1998-05-23,pos=MF
sfix-only,,,,,61425,原田 烈志,高知,2000-06-23,pos=FW
sfix-only,,,,,45195,晴柀 匠弥,横浜FM,2006-01-16,pos=GK
sfix-only,,,,,69801,ハレル 武,琉球,2008-07-11,pos=GK
sfix-only,,,,,37769,韓 在民,YS横浜,1995-09-10,pos=MF
sfix-only,,,,,19495,ハン ドンジュン,川崎Ｆ,2000-09-05,pos=GK
sfix-only,,,,,23172,ハン ホドン,群馬,1996-06-04,pos=GK
sfix-only,,,,,45291,半澤 光琉,山形,2006-06-18,pos=MF
sfix-only,,,,,45633,ハーパー タイガ オリバー,柏,2005-05-31,pos=GK
sfix-only,,,,,49523,バエッサ フェリペ,岩手,2001-02-26,pos=DF
sfix-only,,,,,29493,馬場 一博,山口,2001-08-24,pos=MF
sfix-only,,,,,45261,馬場 卓未,山形,2004-04-04,pos=FW
sfix-only,,,,,23226,馬場 将大,沼津,1990-05-06,pos=DF
sfix-only,,,,,44201,バンヒュー ゾン 春希,福岡,2004-04-24,pos=MF
sfix-only,,,,,131,パウリーニョ,東京Ｖ,1971-07-15,pos=FW
sfix-only,,,,,2315,パウリーニョ,湘南,1963-09-28,pos=FW
sfix-only,,,,,8081,パウリーニョ,大分,1982-07-16,pos=FW
sfix-only,,,,,10913,パウリーニョ,松本,1989-01-26,pos=MF
sfix-only,,,,,49702,パク ジュンソ,金沢,2004-04-26,pos=DF
sfix-only,,,,,61430,パク ジョンソク,高知,2001-08-18,pos=GK
sfix-only,,,,,69844,朴 龍二,高知,2000-03-05,pos=MF
sfix-only,,,,,19454,パトリック,柏,1994-03-04,pos=DF
sfix-only,,,,,8051,パトリック,大分,1975-01-17,pos=DF
sfix-only,,,,,11370,パトリック,金沢,1987-10-26,pos=FW
sfix-only,,,,,11488,パトリック,横浜FC,1992-01-11,pos=FW
sfix-only,,,,,15776,パブロ,Ｃ大阪,1992-06-23,pos=MF
sfix-only,,,,,19275,パブロ,富山,1996-04-19,pos=FW
sfix-only,,,,,11343,パブロ,熊本,1994-08-30,pos=FW
sfix-only,,,,,49374,比嘉 将貴,琉球,2000-06-24,pos=MF
sfix-only,,,,,11955,比嘉 雄作,秋田,1987-06-13,pos=FW
sfix-only,,,,,45238,東 克俊,湘南,2005-11-17,pos=MF
sfix-only,,,,,23344,東 駿,清水,2000-07-28,pos=FW
sfix-only,,,,,44220,東 龍之介,鹿児島,2005-12-03,pos=DF
sfix-only,,,,,39605,樋口 耀大,浦和,2003-08-28,pos=GK
sfix-only,,,,,38946,樋口 凛人,名古屋,2005-06-07,pos=DF
sfix-only,,,,,19389,久島 隆維,名古屋,2000-04-18,pos=GK
sfix-only,,,,,44927,日高 智也,福岡,2000-05-03,pos=MF
sfix-only,,,,,38072,日野 壱柊,愛媛,2004-01-11,pos=MF
sfix-only,,,,,38079,日野 晴天,愛媛,2003-07-18,pos=FW
sfix-only,,,,,32597,姫田 耕大,岡山,1997-12-05,pos=MF
sfix-only,,,,,44611,姫野 晃竜,長崎,2003-08-27,pos=MF
sfix-only,,,,,37759,姫野 青空,大分,2004-08-08,pos=MF
sfix-only,,,,,19390,兵藤 健斗,名古屋,2000-09-19,pos=FW
sfix-only,,,,,61041,ヒョン ウビン,いわき,2006-01-17,pos=DF
sfix-only,,,,,37309,平井 龍兵,愛媛,1999-08-06,pos=GK
sfix-only,,,,,19652,平尾 柊人,仙台,1994-11-28,pos=MF
sfix-only,,,,,23329,平岡 卓磨,清水,1999-10-13,pos=MF
sfix-only,,,,,44224,平岡 拓望​​,浦和,2002-02-07,pos=GK
sfix-only,,,,,19293,平澤 健介,仙台,1998-04-10,pos=DF
sfix-only,,,,,19541,平澤 拓巳,横浜FM,1998-10-02,pos=DF
sfix-only,,,,,29462,平田 健斗,山口,1996-04-22,pos=MF
sfix-only,,,,,32558,平田 駿佑,徳島,2001-12-27,pos=MF
sfix-only,,,,,45695,平田 武暉,今治,2006-06-16,pos=MF
sfix-only,,,,,11927,平田 俊英,YS横浜,1990-10-11,pos=GK
sfix-only,,,,,29566,平野 碧,広島,2002-06-08,pos=GK
sfix-only,,,,,70210,平野 遼,横浜FM,2008-09-23,pos=DF
sfix-only,,,,,71176,平野 皓大,愛媛,2009-09-25,pos=DF
sfix-only,,,,,61038,平野 稜太,大分,2008-02-17,pos=GK
sfix-only,,,,,48921,平松 功輝,横浜FC,2000-04-18,pos=MF
sfix-only,,,,,37760,平松 孝汰朗,大分,2004-08-23,pos=DF
sfix-only,,,,,44931,廣井 蘭人,徳島,2005-03-05,pos=MF
sfix-only,,,,,19517,広石 宗大,湘南,1998-10-01,pos=MF
sfix-only,,,,,37511,廣岡 睦樹,山形,2001-08-16,pos=MF
sfix-only,,,,,60240,廣瀬 英斗,福島,2006-08-17,pos=MF
sfix-only,,,,,38026,廣田 公明,熊本,2003-11-27,pos=GK
sfix-only,,,,,41170,廣永 琉樹,徳島,2004-07-07,pos=FW
sfix-only,,,,,44864,廣永 獅旺,徳島,2006-02-11,pos=FW
sfix-only,,,,,45114,廣畑 俊汰,神戸,2005-06-21,pos=DF
sfix-only,,,,,37969,ビスマルク,岩手,2002-07-05,pos=DF
sfix-only,,,,,2946,ビンク,仙台,1972-07-29,pos=MF
sfix-only,,,,,37563,ファビオ,新潟,1997-05-25,pos=FW
sfix-only,,,,,8559,ファビオ,徳島,1987-04-21,pos=FW
sfix-only,,,,,10900,ファビオ,熊本,1990-08-27,pos=MF
sfix-only,,,,,11415,ファビオ,岐阜,1989-03-27,pos=FW
sfix-only,,,,,8111,ファビーニョ,横浜FC,1980-01-10,pos=MF
sfix-only,,,,,4325,ファビーニョ,神戸,1974-06-16,pos=FW
sfix-only,,,,,6839,ファビーニョ,仙台,1973-06-26,pos=MF
sfix-only,,,,,6953,ファビーニョ,清水,1976-10-16,pos=MF
sfix-only,,,,,8647,ファブリシオ,磐田,1982-07-05,pos=MF
sfix-only,,,,,32691,ファン シンポン,岩手,2001-06-20,pos=DF
sfix-only,,,,,12080,フェリペ,横浜FC,1994-08-05,pos=DF
sfix-only,,,,,15848,フェリペ,栃木SC,1993-08-21,pos=DF
sfix-only,,,,,15886,フェリペ,大分,1991-01-05,pos=MF
sfix-only,,,,,11476,フェリペ アウベス,松本,1990-11-18,pos=FW
sfix-only,,,,,7237,フェルナンド,鹿島,1978-06-18,pos=MF
sfix-only,,,,,4259,フェルナンド,横浜Ｆ,1974-03-13,pos=FW
sfix-only,,,,,4339,フェルナンド,福岡,1967-04-03,pos=MF
sfix-only,,,,,4371,フェルナンド,東京Ｖ,1977-10-05,pos=FW
sfix-only,,,,,37781,フェレイラ,東京Ｖ,1964-05-08,pos=FW
sfix-only,,,,,62044,笛田 征衞門,仙台,2008-04-30,pos=GK
sfix-only,,,,,40842,深井 堅仁,町田,2004-01-15,pos=DF
sfix-only,,,,,48920,深澤 莉久,横浜FC,2006-07-18,pos=DF
sfix-only,,,,,45277,深瀬 陽斗,山形,2005-05-13,pos=DF
sfix-only,,,,,29488,深見 光貴,山口,2002-05-14,pos=DF
sfix-only,,,,,44818,福井 大次郎,横浜FM,2005-08-24,pos=GK
sfix-only,,,,,32436,福井 凜音,琉球,2000-10-01,pos=DF
sfix-only,,,,,38118,福井 レオナルド 明,清水,2003-05-03,pos=GK
sfix-only,,,,,71376,福岡 湧大,横浜FC,2008-05-15,pos=MF
sfix-only,,,,,29573,福崎 伶青,広島,2002-11-26,pos=FW
sfix-only,,,,,19535,福島 聡士,横浜FM,1998-04-13,pos=MF
sfix-only,,,,,19150,福島 立也,鹿児島,1996-09-05,pos=FW
sfix-only,,,,,19422,福島 遼,群馬,1992-12-17,pos=FW
sfix-only,,,,,48707,福田 彪馬,徳島,2006-09-09,pos=FW
sfix-only,,,,,29494,福田 旬汰,岡山,2000-08-08,pos=MF
sfix-only,,,,,61431,福田 玲央,高知,2000-08-02,pos=MF
sfix-only,,,,,45647,福永 涼敬,岡山,2005-08-18,pos=FW
sfix-only,,,,,39665,福場 時,鳥取,2005-11-14,pos=MF
sfix-only,,,,,70856,福元 竣,甲府,2004-02-20,pos=DF
sfix-only,,,,,70209,藤井 翔大,横浜FM,2008-08-11,pos=DF
sfix-only,,,,,37718,藤井 翔大,山口,2004-06-21,pos=FW
sfix-only,,,,,29528,藤井 大翔,岡山,2002-08-29,pos=MF
sfix-only,,,,,19317,藤井 柾人,川崎Ｆ,1998-04-21,pos=FW
sfix-only,,,,,71468,藤川 虎三,福岡,2008-07-29,pos=DF
sfix-only,,,,,48931,藤垣 介基,水戸,2004-08-08,pos=DF
sfix-only,,,,,41161,藤崎 琉依,徳島,2003-05-28,pos=MF
sfix-only,,,,,44865,藤澤 優太朗,徳島,2005-05-03,pos=DF
sfix-only,,,,,19571,藤田 剛,神戸,1998-07-23,pos=MF
sfix-only,,,,,38105,藤田 峻佑,清水,2004-07-16,pos=DF
sfix-only,,,,,37297,藤田 樹,徳島,2003-02-06,pos=MF
sfix-only,,,,,15953,藤永 大雅,熊本,1997-10-03,pos=MF
sfix-only,,,,,32543,藤野 快斗,鳥取,2002-08-18,pos=DF
sfix-only,,,,,32750,藤野 和樹,広島,2003-09-09,pos=MF
sfix-only,,,,,15898,藤野 聖也,北九州,1994-12-23,pos=GK
sfix-only,,,,,39663,藤橋 尚之,鳥取,2005-09-16,pos=GK
sfix-only,,,,,44170,藤原 尚篤,福岡,2003-06-23,pos=MF
sfix-only,,,,,19402,藤原 慶人,広島,1999-03-15,pos=MF
sfix-only,,,,,19306,藤村 涼平,仙台,1999-08-27,pos=FW
sfix-only,,,,,54753,藤本 奎詩,宮崎,2001-09-07,pos=DF
sfix-only,,,,,37890,藤本 颯真,神戸,2002-10-07,pos=DF
sfix-only,,,,,49591,藤本 裕也,松本,2000-04-10,pos=DF
sfix-only,,,,,29483,藤本 零音,山口,2001-07-13,pos=MF
sfix-only,,,,,48939,藤原 一途,徳島,2007-11-05,pos=DF
sfix-only,,,,,19620,藤原 十和,新潟,1998-05-15,pos=MF
sfix-only,,,,,41166,藤原 優志,徳島,2004-10-22,pos=MF
sfix-only,,,,,45098,夫津木 駿之介,長崎,2004-08-13,pos=DF
sfix-only,,,,,40851,舩木 大輔,横浜FM,2005-04-24,pos=DF
sfix-only,,,,,19597,船越 大夢,神戸,2000-05-09,pos=MF
sfix-only,,,,,54766,船橋 京汰,フィゲ,2005-07-31,pos=FW
sfix-only,,,,,9032,フラビオ,湘南,1975-04-23,pos=FW
sfix-only,,,,,19496,古岡 佑斗,川崎Ｆ,2001-03-26,pos=MF
sfix-only,,,,,49404,古川 海光,長崎,2006-07-17,pos=DF
sfix-only,,,,,45299,古川 雅矩,山形,2006-09-26,pos=MF
sfix-only,,,,,15857,古川 頌久,富山,1994-10-15,pos=FW
sfix-only,,,,,44218,古垣 風舞,鹿児島,2005-04-22,pos=GK
sfix-only,,,,,38925,古田 東也,長崎,2004-04-02,pos=DF
sfix-only,,,,,44195,古谷 陽太郎,福岡,2005-08-22,pos=DF
sfix-only,,,,,46836,古谷 真基,横浜FM,2006-06-06,pos=DF
sfix-only,,,,,19503,古屋 雄帆,川崎Ｆ,2000-07-09,pos=MF
sfix-only,,,,,44183,古谷 陸翔,福岡,2004-07-08,pos=DF
sfix-only,,,,,10774,ブルーノ,Ｃ大阪,1990-04-18,pos=MF
sfix-only,,,,,11006,ブルーノ,札幌,1984-07-11,pos=MF
sfix-only,,,,,11036,ブルーノ,岐阜,1989-11-12,pos=MF
sfix-only,,,,,23301,ブレーノ セザル,相模原,1995-04-21,pos=DF
sfix-only,,,,,63013,平家 璃久斗,大宮,2007-04-08,pos=FW
sfix-only,,,,,28,ヘジス,鹿島,1973-03-06,pos=MF
sfix-only,,,,,6080,ヘジス,京都,1976-09-22,pos=FW
sfix-only,,,,,11981,ヘナン,福島,1990-04-07,pos=MF
sfix-only,,,,,29402,ヘナン,鹿児島,1996-07-28,pos=DF
sfix-only,,,,,1806,ベット,新潟,1973-03-16,pos=MF
sfix-only,,,,,128,ペレイラ,札幌,1960-03-06,pos=DF
sfix-only,,,,,23546,法師人 将大,栃木SC,1997-03-19,pos=MF
sfix-only,,,,,23420,北條 大地,讃岐,2000-12-07,pos=GK
sfix-only,,,,,39349,北条 真智,水戸,2003-05-13,pos=DF
sfix-only,,,,,44206,外 悠平,鹿児島,2004-12-10,pos=DF
sfix-only,,,,,38127,星戸 成,清水,2005-05-07,pos=MF
sfix-only,,,,,37723,星野 杏,大分,2002-04-24,pos=MF
sfix-only,,,,,38921,細川 楓,横浜FM,2004-06-20,pos=MF
sfix-only,,,,,44868,細田 海斗,水戸,1999-09-16,pos=MF
sfix-only,,,,,45663,細田 裕葵,岩手,2004-10-18,pos=GK
sfix-only,,,,,19605,細谷 圭吾,群馬,1998-07-29,pos=GK
sfix-only,,,,,45280,細谷 唯斗,山形,2005-12-10,pos=MF
sfix-only,,,,,45278,穂積 滉太,山形,2005-09-29,pos=MF
sfix-only,,,,,12075,ホナウド,横浜FC,1991-04-10,pos=FW
sfix-only,,,,,7644,ホベルチ,川崎Ｆ,1981-02-27,pos=FW
sfix-only,,,,,7733,ホベルト,横浜FC,1979-02-20,pos=MF
sfix-only,,,,,32534,堀 伊吹,山口,2003-08-19,pos=MF
sfix-only,,,,,37904,堀 海斗,神戸,2002-07-10,pos=FW
sfix-only,,,,,19614,堀 航輝,新潟,1998-04-30,pos=FW
sfix-only,,,,,44632,堀 脩大,富山,1999-05-14,pos=MF
sfix-only,,,,,45101,堀 友希,長崎,2005-04-25,pos=MF
sfix-only,,,,,49339,堀江 貴大,鹿児島,2000-04-26,pos=DF
sfix-only,,,,,44189,堀江 響希,福岡,2005-04-15,pos=DF
sfix-only,,,,,15909,堀口 皓平,徳島,1997-04-21,pos=GK
sfix-only,,,,,50496,堀口 優人,水戸,2005-08-03,pos=DF
sfix-only,,,,,39353,堀米 遥斗,水戸,2004-05-17,pos=DF
sfix-only,,,,,23544,本庄 竜大,栃木SC,1999-05-11,pos=FW
sfix-only,,,,,61859,本多 敦,京都,2007-10-03,pos=GK
sfix-only,,,,,49393,本田 一真,長崎,2004-04-08,pos=DF
sfix-only,,,,,45073,本田 硬靖,熊本,2005-11-15,pos=GK
sfix-only,,,,,45239,本多 慶貴,湘南,2005-04-08,pos=MF
sfix-only,,,,,44762,本間 温士,水戸,2003-06-30,pos=DF
sfix-only,,,,,19303,本間 佑允,仙台,1999-07-13,pos=DF
sfix-only,,,,,969,本明 利樹,仙台,1970-05-01,pos=MF
sfix-only,,,,,70872,馬 尚勳,FC大阪,1991-07-25,pos=DF
sfix-only,,,,,69826,マイケル クアルク,鳥栖,2004-10-26,pos=FW
sfix-only,,,,,49762,マイコン ドウグラス,FC大阪,2001-04-11,pos=MF
sfix-only,,,,,6353,マウリシオ,柏,1978-07-03,pos=MF
sfix-only,,,,,44861,前川 修音,徳島,2005-09-23,pos=FW
sfix-only,,,,,19672,前川 廉,札幌,2000-07-24,pos=GK
sfix-only,,,,,37738,前里 裕希,大分,2003-05-17,pos=MF
sfix-only,,,,,48717,前村 翔,鹿児島,2006-07-07,pos=DF
sfix-only,,,,,45295,曲山 蹴斗,山形,2006-04-12,pos=MF
sfix-only,,,,,38933,牧嶋 波亜斗,名古屋,2004-04-12,pos=MF
sfix-only,,,,,19586,蒔田 哲平,神戸,1999-06-24,pos=MF
sfix-only,,,,,23426,蒔田 陸斗,湘南,2001-10-17,pos=MF
sfix-only,,,,,23345,牧野 友哉,清水,2000-07-03,pos=DF
sfix-only,,,,,63002,牧野 亮冴,栃木SC,2007-04-04,pos=GK
sfix-only,,,,,70888,マギー ジェラニー 蓮,大宮,2008-12-24,pos=FW
sfix-only,,,,,2869,マグロン,Ｇ大阪,1974-02-21,pos=FW
sfix-only,,,,,15875,間嶋 佑弥,福岡,1997-12-23,pos=GK
sfix-only,,,,,39200,マシュー,札幌,2005-04-19,pos=GK
sfix-only,,,,,11410,マジーニョ,神戸,1987-10-16,pos=FW
sfix-only,,,,,48938,増井 哲平,徳島,2007-04-28,pos=DF
sfix-only,,,,,19572,升岡 栄喜,神戸,1998-04-08,pos=FW
sfix-only,,,,,44978,増崎 大虎,いわき,2000-06-27,pos=DF
sfix-only,,,,,19328,桝谷 岳良,川崎Ｆ,2000-01-09,pos=MF
sfix-only,,,,,37824,益田 欧一,富山,2002-04-23,pos=MF
sfix-only,,,,,41105,増田 健昇,横浜FC,2003-09-22,pos=DF
sfix-only,,,,,49397,増田 開登,長崎,2005-09-22,pos=MF
sfix-only,,,,,49693,桝田 凌我,今治,2000-11-13,pos=FW
sfix-only,,,,,32752,増村 風月,広島,2003-08-18,pos=DF
sfix-only,,,,,45255,増森 正悟,湘南,2006-04-27,pos=DF
sfix-only,,,,,15841,マック,琉球,1992-04-30,pos=MF
sfix-only,,,,,19548,松井 康輔,横浜FM,1999-07-26,pos=DF
sfix-only,,,,,45256,松井 陸希,湘南,2006-09-18,pos=MF
sfix-only,,,,,19607,松浦 航洋,鹿島,1998-09-29,pos=DF
sfix-only,,,,,13981,松浦 尚人,北九州,1994-12-26,pos=GK
sfix-only,,,,,71380,松浦 大翔,新潟,2008-09-21,pos=GK
sfix-only,,,,,37730,松浦 大武,大分,2002-10-27,pos=MF
sfix-only,,,,,29458,松尾 光羅,鳥取,2002-02-11,pos=MF
sfix-only,,,,,44193,松尾 健太,福岡,2005-07-24,pos=GK
sfix-only,,,,,45103,松尾 侑一,長崎,2006-03-18,pos=FW
sfix-only,,,,,23323,松岡 昂哉,愛媛,1999-11-10,pos=DF
sfix-only,,,,,19619,松岡 翔太,新潟,1998-08-11,pos=MF
sfix-only,,,,,45662,松久保 拓斗,岡山,2001-07-07,pos=FW
sfix-only,,,,,44188,松隈 日向太,福岡,2005-01-17,pos=DF
sfix-only,,,,,29590,松坂 暖,富山,1997-08-13,pos=DF
sfix-only,,,,,61011,松澤 成音,川崎Ｆ,2007-11-10,pos=GK
sfix-only,,,,,39615,松澤 隼人,甲府,2004-05-24,pos=GK
sfix-only,,,,,46827,松嶋 好誠,名古屋,2006-04-30,pos=MF
sfix-only,,,,,40856,松田 飛乃舞,鹿児島,2005-05-16,pos=MF
sfix-only,,,,,38086,松田 春文,愛媛,2005-01-25,pos=FW
sfix-only,,,,,23324,松永 海斗,長崎,1999-12-14,pos=GK
sfix-only,,,,,15884,松原 秀模,Ｃ大阪,1997-04-28,pos=GK
sfix-only,,,,,29482,松原 翔太,山口,2002-09-13,pos=MF
sfix-only,,,,,48973,松原 大芽,鹿児島,2000-10-11,pos=FW
sfix-only,,,,,29450,松原 大貴,鳥取,2000-04-21,pos=FW
sfix-only,,,,,32557,松原 蓮,徳島,2001-12-15,pos=MF
sfix-only,,,,,41169,松村 駿佑,徳島,2004-07-18,pos=MF
sfix-only,,,,,45224,松村 遥人,湘南,2004-04-12,pos=GK
sfix-only,,,,,71475,松村 秀明,湘南,2008-06-19,pos=DF
sfix-only,,,,,2947,松村 祐吏,仙台,1979-02-24,pos=DF
sfix-only,,,,,29238,松本 健太郎,岡山,1996-03-14,pos=MF
sfix-only,,,,,23332,松本 陸,清水,1999-04-17,pos=MF
sfix-only,,,,,1582,松山 博明,札幌,1967-08-31,pos=MF
sfix-only,,,,,12060,マテウス,FC東京,1985-02-12,pos=DF
sfix-only,,,,,19241,マテウス,群馬,1989-05-31,pos=MF
sfix-only,,,,,49248,マテウス モラエス,仙台,2001-03-06,pos=DF
sfix-only,,,,,45240,眞中 脩羽,湘南,2005-06-03,pos=DF
sfix-only,,,,,48984,眞中 裕都,松本,2005-10-07,pos=GK
sfix-only,,,,,45681,真鍋 光,今治,2004-06-15,pos=MF
sfix-only,,,,,29365,マラニョン,金沢,1992-12-11,pos=FW
sfix-only,,,,,1697,マルキーニョス,Ｃ大阪,1966-05-09,pos=MF
sfix-only,,,,,4337,マルコ,川崎Ｆ,1977-09-23,pos=MF
sfix-only,,,,,6214,マルコ,新潟,1981-02-28,pos=MF
sfix-only,,,,,4309,マルコン,柏,1965-12-20,pos=DF
sfix-only,,,,,2236,マルセロ,清水,1975-08-20,pos=DF
sfix-only,,,,,6752,マルセロ,広島,1973-06-25,pos=FW
sfix-only,,,,,6776,マルセロ,Ｃ大阪,1976-01-29,pos=MF
sfix-only,,,,,6942,マルセロ,大分,1984-02-10,pos=MF
sfix-only,,,,,39185,丸山 貴羅,札幌,2004-05-02,pos=MF
sfix-only,,,,,49278,丸山 皓己,新潟,2005-04-04,pos=MF
sfix-only,,,,,23353,丸山 優太朗,清水,2001-05-26,pos=MF
sfix-only,,,,,37889,マンビ マーカス,神戸,2002-09-30,pos=GK
sfix-only,,,,,8770,マーロン,群馬,1987-01-26,pos=FW
sfix-only,,,,,19345,三浦 康希,名古屋,1998-07-06,pos=DF
sfix-only,,,,,37734,三浦 豪太,大分,2003-03-16,pos=DF
sfix-only,,,,,45289,三浦 隼太,山形,2006-05-04,pos=MF
sfix-only,,,,,37901,三浦 敏邦,神戸,2002-06-09,pos=FW
sfix-only,,,,,45720,三浦 悠斗,栃木SC,2004-05-18,pos=GK
sfix-only,,,,,45169,美甘 仁愛,鳥取,2006-09-02,pos=DF
sfix-only,,,,,19598,右田 楓,神戸,2000-05-18,pos=DF
sfix-only,,,,,19159,ミゲル,讃岐,1992-05-14,pos=FW
sfix-only,,,,,32560,美佐田 誠大,愛媛,2001-08-20,pos=MF
sfix-only,,,,,45836,見澤 拓歩,いわき,2004-05-14,pos=GK
sfix-only,,,,,44200,三城 怜虎,福岡,2006-01-08,pos=DF
sfix-only,,,,,48688,水木 康誠,横浜FC,2005-08-17,pos=MF
sfix-only,,,,,39627,水倉 慧,浦和,2004-09-18,pos=DF
sfix-only,,,,,39190,水口 由翔,札幌,2004-09-28,pos=DF
sfix-only,,,,,45241,水沢 俊太,湘南,2005-07-10,pos=GK
sfix-only,,,,,19403,水田 雄真,広島,1998-04-10,pos=GK
sfix-only,,,,,38958,水谷 歩夢,名古屋,2003-07-23,pos=DF
sfix-only,,,,,19376,水谷 友哉,名古屋,1999-09-07,pos=GK
sfix-only,,,,,48972,水野 智大,鹿児島,1999-07-17,pos=MF
sfix-only,,,,,70840,水巻 時飛,鳥栖,2007-06-14,pos=MF
sfix-only,,,,,19573,溝上 敬佑,神戸,1999-01-15,pos=DF
sfix-only,,,,,49324,溝口 陽日,栃木SC,2002-01-06,pos=GK
sfix-only,,,,,19197,光崎 伸,清水,1997-08-22,pos=MF
sfix-only,,,,,29517,満園 修太郎,岡山,2002-06-08,pos=DF
sfix-only,,,,,32529,光永 大晟,山口,2003-07-02,pos=MF
sfix-only,,,,,45197,三橋 拓真,横浜FM,2005-10-16,pos=DF
sfix-only,,,,,32751,光廣 健利,広島,2003-06-12,pos=MF
sfix-only,,,,,37294,光藤 海晴,徳島,2002-12-31,pos=MF
sfix-only,,,,,51642,水戸部 東次,山形,2007-11-15,pos=FW
sfix-only,,,,,7780,皆川 翔太,YS横浜,1988-06-02,pos=FW
sfix-only,,,,,29459,水口 耕輔,鳥取,2001-07-30,pos=DF
sfix-only,,,,,61043,南 拓海,大分,2006-10-03,pos=GK
sfix-only,,,,,45206,皆見 宏樹,清水,2006-06-01,pos=MF
sfix-only,,,,,4268,ミネイロ,京都,1969-02-05,pos=MF
sfix-only,,,,,45284,嶺岸 凛音,山形,2006-05-01,pos=GK
sfix-only,,,,,44857,三原 拓也,徳島,2005-09-09,pos=DF
sfix-only,,,,,19414,三原 大幸,広島,1999-09-14,pos=FW
sfix-only,,,,,48995,三舩 煌晴,札幌,2006-08-08,pos=DF
sfix-only,,,,,49739,宮川 大輝,Ｇ大阪,2006-03-24,pos=MF
sfix-only,,,,,44221,宮倉 樹里杏,岡山,1999-08-22,pos=FW
sfix-only,,,,,23337,三宅 浩暉,清水,2000-04-27,pos=DF
sfix-only,,,,,45091,三宅 龍人,千葉,2004-06-26,pos=GK
sfix-only,,,,,47609,宮崎 圭伸,長崎,2006-02-07,pos=GK
sfix-only,,,,,49405,宮崎 航汰,長崎,2006-09-01,pos=FW
sfix-only,,,,,47615,宮崎 陽,長崎,2006-10-29,pos=FW
sfix-only,,,,,49257,宮澤 飛翔,水戸,2004-10-07,pos=DF
sfix-only,,,,,38911,宮下 渓太,横浜FM,2003-07-01,pos=MF
sfix-only,,,,,70842,宮下 菖悟,奈良,2003-07-13,pos=MF
sfix-only,,,,,52280,宮下 隼,長野,2005-10-01,pos=FW
sfix-only,,,,,39340,宮嶋 大輝,浦和,2003-04-19,pos=MF
sfix-only,,,,,19372,宮島 裕,名古屋,1999-05-14,pos=DF
sfix-only,,,,,19587,宮田 健太郎,神戸,1999-07-14,pos=DF
sfix-only,,,,,45185,宮田 遥,横浜FM,2006-05-19,pos=MF
sfix-only,,,,,45225,宮田 涼介,湘南,2004-07-13,pos=MF
sfix-only,,,,,48687,宮本 新,横浜FC,2005-11-01,pos=MF
sfix-only,,,,,37296,宮本 歩蓮,徳島,2002-08-08,pos=MF
sfix-only,,,,,19404,宮本 一貴,広島,1998-04-11,pos=MF
sfix-only,,,,,29473,宮本 拓海,山口,2000-12-25,pos=DF
sfix-only,,,,,49682,宮本 哲宏,熊本,2006-06-02,pos=GK
sfix-only,,,,,15734,宮本 樹明,岡山,1997-03-16,pos=DF
sfix-only,,,,,37752,宮本 幸亜,大分,2004-06-06,pos=DF
sfix-only,,,,,39350,宮本 頼哉,水戸,2003-07-20,pos=DF
sfix-only,,,,,324,ミューレル,京都,1961-02-14,pos=MF
sfix-only,,,,,29477,三好 崇斗,山口,2001-04-18,pos=FW
sfix-only,,,,,32413,ミルトン,相模原,1991-03-07,pos=DF
sfix-only,,,,,1593,ミロ,浦和,1962-12-02,pos=GK
sfix-only,,,,,29277,ミン キョンジュン,山口,1997-10-23,pos=DF
sfix-only,,,,,37518,ミン ソンジュン,山形,1999-07-22,pos=GK
sfix-only,,,,,19574,向井 章人,神戸,1998-11-17,pos=FW
sfix-only,,,,,39639,椋 健太,鳥取,2004-04-06,pos=GK
sfix-only,,,,,37823,向川 空斗,富山,2002-07-04,pos=MF
sfix-only,,,,,29261,武藤 友樹,松本,1995-05-09,pos=DF
sfix-only,,,,,61045,ムハンマド カリル,FC大阪,2005-04-11,pos=MF
sfix-only,,,,,37893,村井 清大,神戸,2005-01-14,pos=DF
sfix-only,,,,,11007,村井 泰希,横浜FC,1992-06-12,pos=GK
sfix-only,,,,,45696,村上 桔平,今治,2006-07-27,pos=DF
sfix-only,,,,,49458,村上 竜規,栃木SC,2005-04-26,pos=FW
sfix-only,,,,,70787,村上 力己,福島,2003-06-05,pos=FW
sfix-only,,,,,49672,村木 伸二,FC大阪,1973-08-01,pos=DF
sfix-only,,,,,45645,村木 輝,岡山,2005-07-12,pos=FW
sfix-only,,,,,15885,村下 将梧,Ｃ大阪,1993-10-14,pos=GK
sfix-only,,,,,49282,村瀬 心,新潟,2005-08-14,pos=DF
sfix-only,,,,,19324,村田 聖樹,川崎Ｆ,1999-08-29,pos=MF
sfix-only,,,,,32613,村中 総一郎,愛媛,2001-04-06,pos=DF
sfix-only,,,,,45170,村本 相太,鳥取,2006-07-26,pos=MF
sfix-only,,,,,19415,村山 勘治,広島,1999-04-07,pos=MF
sfix-only,,,,,19359,村山 拓真,仙台,2000-05-30,pos=DF
sfix-only,,,,,15758,ムリロ アルメイダ,長野,1989-01-21,pos=FW
sfix-only,,,,,45242,メイソン 埜吾,湘南,2005-08-19,pos=FW
sfix-only,,,,,39650,目次 啓悟,鳥取,2004-11-18,pos=MF
sfix-only,,,,,39651,目次 康晟,鳥取,2004-11-18,pos=MF
sfix-only,,,,,61964,モゥローン,相模原,1996-11-23,pos=MF
sfix-only,,,,,38117,茂木 ヒデキ,清水,2003-05-04,pos=FW
sfix-only,,,,,48993,茂木 克行,札幌,2006-09-13,pos=GK
sfix-only,,,,,9342,望月 理人,町田,1992-02-19,pos=DF
sfix-only,,,,,23343,望月 勇伸,清水,2000-10-21,pos=FW
sfix-only,,,,,39414,茂木 柊哉,浦和,2003-09-02,pos=DF
sfix-only,,,,,48941,元木 玲音,山形,2003-07-13,pos=MF
sfix-only,,,,,70885,元木 漣,宮崎,2007-12-18,pos=DF
sfix-only,,,,,48910,許田 新太,横浜FC,2004-08-24,pos=MF
sfix-only,,,,,19676,元田 龍矢,水戸,1994-09-02,pos=MF
sfix-only,,,,,71385,元林 隼太朗,金沢,2008-05-22,pos=GK
sfix-only,,,,,48924,本宮 周東,岩手,2004-03-22,pos=MF
sfix-only,,,,,19551,本山 鐘現,横浜FM,1999-06-30,pos=MF
sfix-only,,,,,71479,モハメド バイ カマラ,琉球,2005-01-10,pos=DF
sfix-only,,,,,37697,モライス,岩手,1993-04-19,pos=FW
sfix-only,,,,,41159,森 厚達,徳島,2004-01-04,pos=DF
sfix-only,,,,,69198,森 洸信,今治,2008-05-02,pos=GK
sfix-only,,,,,293,森 直樹,大宮,1972-05-05,pos=DF
sfix-only,,,,,5395,森 直樹,水戸,1977-11-21,pos=DF
sfix-only,,,,,38057,森 春也,岡山,2004-05-07,pos=DF
sfix-only,,,,,19325,森 陽平,川崎Ｆ,1999-04-24,pos=DF
sfix-only,,,,,49394,森下 虎太郎,長崎,2004-04-24,pos=DF
sfix-only,,,,,37725,森下 悠,大分,2002-05-16,pos=GK
sfix-only,,,,,32028,森園 貴仁,岡山,1997-12-11,pos=MF
sfix-only,,,,,49265,森田 翼,新潟,2005-03-27,pos=FW
sfix-only,,,,,39215,森田 成,鹿児島,2003-04-15,pos=DF
sfix-only,,,,,39659,森田 颯太,鳥取,2005-08-19,pos=MF
sfix-only,,,,,37900,森田 侑樹,神戸,2002-09-15,pos=FW
sfix-only,,,,,39220,森田 友翔,鹿児島,2004-09-15,pos=DF
sfix-only,,,,,37300,森田 蓮,徳島,2003-03-05,pos=DF
sfix-only,,,,,39642,森本 聖希,鳥取,2004-06-21,pos=FW
sfix-only,,,,,50485,森本 慎一,大分,2005-06-27,pos=GK
sfix-only,,,,,32756,森本 空斗,広島,2004-03-01,pos=FW
sfix-only,,,,,45243,森谷 一斗,湘南,2005-09-18,pos=FW
sfix-only,,,,,45306,守屋 颯人,横浜FC,2004-08-02,pos=FW
sfix-only,,,,,19634,森保 陸,広島,2000-07-27,pos=DF
sfix-only,,,,,39640,森山 友裕,鳥取,2004-04-19,pos=GK
sfix-only,,,,,45174,森吉 優太郎,鳥取,2006-05-25,pos=MF
sfix-only,,,,,70203,屋嘉比 奏汰,岐阜,2004-03-11,pos=MF
sfix-only,,,,,32585,矢木 海成,岡山,2001-10-07,pos=MF
sfix-only,,,,,12134,八木 大政,熊本,1997-12-16,pos=GK
sfix-only,,,,,11924,八木沼 瞬,YS横浜,1991-08-20,pos=DF
sfix-only,,,,,48911,薬師寺 大繋,横浜FC,2004-07-02,pos=DF
sfix-only,,,,,44792,保田 成琉,湘南,2004-08-03,pos=DF
sfix-only,,,,,44174,安永 海童,福岡,2005-02-27,pos=DF
sfix-only,,,,,29478,柳井 敦志,山口,2003-03-07,pos=MF
sfix-only,,,,,38934,柳 欧治郎,名古屋,2004-04-02,pos=FW
sfix-only,,,,,45309,柳 陸斗,栃木SC,2000-10-18,pos=MF
sfix-only,,,,,45257,桺田 拓海,湘南,2006-04-02,pos=MF
sfix-only,,,,,32563,柳下 将野,愛媛,2001-05-14,pos=FW
sfix-only,,,,,29464,柳村 治輝,山口,2001-05-11,pos=DF
sfix-only,,,,,55410,矢野 想翔,大分,2006-04-08,pos=DF
sfix-only,,,,,32490,矢野 太一,大分,2001-11-24,pos=DF
sfix-only,,,,,37732,矢野 佑粋,大分,2002-12-10,pos=MF
sfix-only,,,,,44203,山内 勘暉,鹿児島,2004-09-30,pos=MF
sfix-only,,,,,12019,山内 晴貴,金沢,1992-02-09,pos=DF
sfix-only,,,,,29525,山内 悠真,岡山,2002-06-23,pos=DF
sfix-only,,,,,49759,山岡 薫平,Ｃ大阪,2006-05-09,pos=GK
sfix-only,,,,,23376,山賀 和輝,新潟,1999-07-31,pos=DF
sfix-only,,,,,48709,山側 大地,徳島,2006-09-30,pos=MF
sfix-only,,,,,62130,山岸 克斗,横浜FC,2008-08-16,pos=GK
sfix-only,,,,,49283,山倉 渉,YS横浜,2005-07-17,pos=DF
sfix-only,,,,,29313,山口 和樹,長野,1995-05-15,pos=MF
sfix-only,,,,,29384,山口 和樹,Ｃ大阪,2000-08-21,pos=DF
sfix-only,,,,,10391,山口 和樹,福岡,1986-10-07,pos=DF
sfix-only,,,,,49276,山口 将大,新潟,2005-09-28,pos=MF
sfix-only,,,,,11947,山口 優樹,福島,1988-12-12,pos=MF
sfix-only,,,,,23555,山口 勇気,仙台,2001-12-04,pos=MF
sfix-only,,,,,44788,山口 隆希,福岡,2000-07-21,pos=MF
sfix-only,,,,,45697,山﨑 桜我,今治,2006-04-25,pos=MF
sfix-only,,,,,46810,山崎 宗樹,岩手,2004-04-04,pos=MF
sfix-only,,,,,29479,山崎 柊人,山口,2002-09-12,pos=MF
sfix-only,,,,,38926,山﨑 琉空,琉球,2004-06-09,pos=GK
sfix-only,,,,,45172,山﨑 琉夢,鳥取,2006-04-21,pos=FW
sfix-only,,,,,45701,山﨑 琉煌,今治,2006-04-21,pos=GK
sfix-only,,,,,45258,山崎 翔流,湘南,2006-09-14,pos=FW
sfix-only,,,,,45259,山﨑 公誠,湘南,2006-06-13,pos=GK
sfix-only,,,,,23360,山崎 稜介,清水,2001-08-06,pos=FW
sfix-only,,,,,46833,山下 将真,横浜FM,2006-11-15,pos=GK
sfix-only,,,,,44191,山下 湊太郎,福岡,2005-07-07,pos=DF
sfix-only,,,,,40845,山下 莉人,金沢,2004-10-25,pos=DF
sfix-only,,,,,19616,山下 廉,新潟,1998-07-02,pos=MF
sfix-only,,,,,32576,山地 一颯,岡山,2003-06-07,pos=FW
sfix-only,,,,,70790,山田 和季,群馬,2003-12-30,pos=GK
sfix-only,,,,,38947,山田 煌人,名古屋,2005-09-08,pos=DF
sfix-only,,,,,45671,山田 光真,広島,2005-07-29,pos=GK
sfix-only,,,,,29498,山田 周平,岡山,2000-06-02,pos=DF
sfix-only,,,,,45179,山田 士雄,鳥取,2007-02-15,pos=MF
sfix-only,,,,,38063,山田 翼,岡山,2004-10-02,pos=FW
sfix-only,,,,,23554,山田 太翔,仙台,2001-11-19,pos=MF
sfix-only,,,,,70777,山田 陽介,今治,2003-09-03,pos=GK
sfix-only,,,,,38109,山田 理矩,清水,2004-05-15,pos=MF
sfix-only,,,,,41175,山田 凌聖,徳島,2004-12-20,pos=MF
sfix-only,,,,,32583,大和 海里,岡山,2001-05-26,pos=MF
sfix-only,,,,,48712,大和 陽希,徳島,2006-05-03,pos=MF
sfix-only,,,,,29434,山中 健太,鳥取,2000-06-27,pos=MF
sfix-only,,,,,45699,山中 柊生,今治,2006-10-21,pos=MF
sfix-only,,,,,44166,山根 顕星,福岡,2003-04-30,pos=FW
sfix-only,,,,,49269,山根 成陽,新潟,2004-10-04,pos=MF
sfix-only,,,,,39636,山野 悠,浦和,2005-06-18,pos=DF
sfix-only,,,,,29492,山邊 樹,山口,2002-04-23,pos=DF
sfix-only,,,,,19575,山本 彩斗,神戸,1998-07-31,pos=MF
sfix-only,,,,,52293,山本 勇武,讃岐,2005-09-23,pos=DF
sfix-only,,,,,39649,山本 一哉,鳥取,2004-10-23,pos=FW
sfix-only,,,,,37762,山本 楓,大分,2004-11-04,pos=MF
sfix-only,,,,,12138,山本 健司,柏,1996-08-07,pos=MF
sfix-only,,,,,44172,山本 隼輔,福岡,2003-09-25,pos=DF
sfix-only,,,,,54859,山本 将太,磐田,2006-05-08,pos=FW
sfix-only,,,,,19371,山本 将太郎,名古屋,1999-05-11,pos=DF
sfix-only,,,,,48933,山本 陽大,水戸,2004-12-03,pos=DF
sfix-only,,,,,18992,山本 祥輝,長崎,1997-06-21,pos=GK
sfix-only,,,,,65125,山本 龍之介,山口,2007-07-23,pos=FW
sfix-only,,,,,32577,山本 凜,岡山,2003-07-24,pos=DF
sfix-only,,,,,23545,山本 廉,栃木SC,1999-05-08,pos=MF
sfix-only,,,,,45290,鑓水 壮真,山形,2006-05-02,pos=FW
sfix-only,,,,,45301,鑓水 澪星,山形,2006-10-05,pos=MF
sfix-only,,,,,23128,ヤン サンジュン,熊本,1996-11-05,pos=DF
sfix-only,,,,,19545,柳 知廈,横浜FM,1999-06-01,pos=DF
sfix-only,,,,,19685,ユ ロモン,水戸,1991-12-04,pos=DF
sfix-only,,,,,71486,湯浅 友吾,栃木SC,2008-04-15,pos=MF
sfix-only,,,,,41154,湯浅 礼生,徳島,2004-10-25,pos=GK
sfix-only,,,,,29587,寺田 優作,鳥取,1996-05-05,pos=FW
sfix-only,,,,,49527,湯澤 拓士,岩手,2000-05-30,pos=DF
sfix-only,,,,,15821,尹 昌洙,岐阜,1991-07-08,pos=MF
sfix-only,,,,,31501,余 善文,岩手,2000-08-09,pos=FW
sfix-only,,,,,19320,養日 幹大,川崎Ｆ,1999-04-23,pos=DF
sfix-only,,,,,39179,養津 正樹,札幌,2003-04-09,pos=GK
sfix-only,,,,,44615,横田 翔也,長崎,2004-10-09,pos=MF
sfix-only,,,,,19500,横田 大祐,川崎Ｆ,2000-06-15,pos=MF
sfix-only,,,,,63001,横浜 丞,栃木SC,2008-12-12,pos=MF
sfix-only,,,,,38918,横溝 広太,横浜FM,2003-07-04,pos=MF
sfix-only,,,,,46842,横山 俊介,横浜FM,2006-10-11,pos=FW
sfix-only,,,,,48975,横山 翔大,水戸,2000-10-14,pos=MF
sfix-only,,,,,29452,横山 序生,鳥取,2001-01-12,pos=MF
sfix-only,,,,,19348,横山 聡太,名古屋,1998-11-13,pos=FW
sfix-only,,,,,19313,横山 尚貴,川崎Ｆ,1998-08-09,pos=DF
sfix-only,,,,,45171,吉井 泰生,鳥取,2006-08-10,pos=DF
sfix-only,,,,,48930,吉井 拓真,水戸,2005-06-05,pos=MF
sfix-only,,,,,70799,吉岡 優希,熊本,2003-08-19,pos=MF
sfix-only,,,,,70824,吉川 敬進,大分,2003-07-26,pos=MF
sfix-only,,,,,13985,吉川 健太,神戸,1996-06-25,pos=GK
sfix-only,,,,,19539,吉嵜 勝哉,横浜FM,2000-09-27,pos=GK
sfix-only,,,,,13984,吉崎 弘宣,鳥取,1992-08-24,pos=GK
sfix-only,,,,,39613,義澤 将太郎,町田,2003-10-05,pos=MF
sfix-only,,,,,46843,吉沢 実頼,横浜FM,2006-05-01,pos=MF
sfix-only,,,,,38920,義澤 侑樹,横浜FM,2004-04-14,pos=DF
sfix-only,,,,,45687,芳谷 絆,今治,2005-03-13,pos=DF
sfix-only,,,,,301,吉田 顕清,名古屋,1966-09-08,pos=FW
sfix-only,,,,,39208,吉田 和暉,浦和,2000-12-06,pos=DF
sfix-only,,,,,23401,吉田 光希,新潟,1999-05-09,pos=DF
sfix-only,,,,,23331,吉田 峻,清水,1999-06-20,pos=DF
sfix-only,,,,,55418,吉田 空斗,仙台,2006-08-13,pos=DF
sfix-only,,,,,37665,吉田 騎,仙台,2002-09-07,pos=FW
sfix-only,,,,,15826,吉田 颯,YS横浜,1992-10-04,pos=DF
sfix-only,,,,,29489,吉田 光,山口,2003-02-28,pos=DF
sfix-only,,,,,39666,芳田 大将,鳥取,2005-07-21,pos=FW
sfix-only,,,,,60959,吉田 真信,浦和,2009-01-26,pos=MF
sfix-only,,,,,45664,吉田 唯人,岩手,2006-01-15,pos=DF
sfix-only,,,,,19367,吉田 雄汰朗,名古屋,1999-04-19,pos=MF
sfix-only,,,,,44199,吉田 柚輝,福岡,2005-10-21,pos=MF
sfix-only,,,,,39415,吉田 来綺,浦和,2003-05-30,pos=MF
sfix-only,,,,,37298,吉富 駿介,徳島,2002-07-25,pos=MF
sfix-only,,,,,48389,吉直 大翔,琉球,2006-11-07,pos=DF
sfix-only,,,,,29469,吉永 孝政,山口,2000-12-20,pos=DF
sfix-only,,,,,50497,吉成 遥斗,水戸,2005-05-17,pos=MF
sfix-only,,,,,11918,吉野 喜貴,YS横浜,1988-11-08,pos=MF
sfix-only,,,,,23400,吉原 秀祐,新潟,1999-06-02,pos=FW
sfix-only,,,,,48721,吉原 大登,鹿児島,2006-07-01,pos=MF
sfix-only,,,,,44924,吉見 夏樹,愛媛,2005-08-10,pos=FW
sfix-only,,,,,49277,吉水 樹,新潟,2005-05-24,pos=GK
sfix-only,,,,,39225,吉村 伶雄,鹿児島,2004-10-13,pos=MF
sfix-only,,,,,37709,吉本 空雅,山口,2004-05-22,pos=GK
sfix-only,,,,,32599,吉本 勇気,鳥取,2001-04-13,pos=FW
sfix-only,,,,,32438,与那城 智希,琉球,2001-01-25,pos=FW
sfix-only,,,,,44306,與那覇 航和,岐阜,2001-05-08,pos=MF
sfix-only,,,,,49700,ラウール スダティ,沼津,2001-05-26,pos=DF
sfix-only,,,,,9026,ラファエル,大分,1982-08-27,pos=FW
sfix-only,,,,,10782,ラファエル,甲府,1983-05-27,pos=FW
sfix-only,,,,,52110,ラファエル,栃木SC,2000-11-15,pos=DF
sfix-only,,,,,49767,李 京樹,磐田,2005-10-27,pos=DF
sfix-only,,,,,38068,李 将吾,岡山,2004-12-30,pos=DF
sfix-only,,,,,29516,李 将樹,岡山,2001-08-27,pos=MF
sfix-only,,,,,2182,リカルジーニョ,川崎Ｆ,1975-11-26,pos=MF
sfix-only,,,,,5898,リカルジーニョ,札幌,1979-01-20,pos=FW
sfix-only,,,,,7197,リカルジーニョ,柏,1976-06-24,pos=MF
sfix-only,,,,,10884,リカルジーニョ,FC東京,1988-08-08,pos=FW
sfix-only,,,,,7240,リカルド,湘南,1974-01-12,pos=FW
sfix-only,,,,,5764,リカルド,新潟,1973-05-04,pos=MF
sfix-only,,,,,7209,リカルド,柏,1984-05-19,pos=FW
sfix-only,,,,,32578,梁 大翔,岡山,2003-09-02,pos=MF
sfix-only,,,,,9178,リンコン,群馬,1983-06-14,pos=FW
sfix-only,,,,,2316,ルイス,湘南,1973-09-23,pos=DF
sfix-only,,,,,6201,ルイス,甲府,1978-02-20,pos=FW
sfix-only,,,,,32415,ルーカス,相模原,1996-04-01,pos=DF
sfix-only,,,,,19420,ルーカス,相模原,1992-07-10,pos=DF
sfix-only,,,,,7691,ルーカス,FC東京,1979-01-03,pos=FW
sfix-only,,,,,11009,ルーカス,湘南,1991-09-14,pos=FW
sfix-only,,,,,52288,ルーカス マセド,甲府,1997-03-30,pos=FW
sfix-only,,,,,8556,レアンドロ,東京Ｖ,1985-02-12,pos=FW
sfix-only,,,,,9055,レアンドロ,神戸,1985-12-03,pos=FW
sfix-only,,,,,9099,レアンドロ,大宮,1981-08-18,pos=DF
sfix-only,,,,,9745,レアンドロ,東京Ｖ,1980-08-13,pos=FW
sfix-only,,,,,6478,レアンドロ,横浜FM,1974-09-29,pos=FW
sfix-only,,,,,6770,レアンドロ,大分,1982-01-31,pos=FW
sfix-only,,,,,23189,レアンドロ,FC東京,1993-05-12,pos=MF
sfix-only,,,,,38022,レオ ケンタ,熊本,2002-04-02,pos=DF
sfix-only,,,,,29272,レオナルド,浦和,1997-05-28,pos=FW
sfix-only,,,,,7771,レオナルド,山形,1982-07-22,pos=DF
sfix-only,,,,,1816,レオナルド,鹿島,1969-09-05,pos=MF
sfix-only,,,,,48797,レオナルド,藤枝,1992-10-22,pos=FW
sfix-only,,,,,11128,レナト,甲府,1992-12-19,pos=FW
sfix-only,,,,,11248,レナト,鹿島,1984-09-15,pos=MF
sfix-only,,,,,495,レナト,柏,1957-02-21,pos=FW
sfix-only,,,,,29371,呂 薛安,岩手,1999-04-26,pos=DF
sfix-only,,,,,29324,ロドリゲス,千葉,1989-06-25,pos=GK
sfix-only,,,,,15819,ロドリゴ,福島,1985-12-04,pos=FW
sfix-only,,,,,19163,ロドリゴ,北九州,1987-01-25,pos=FW
sfix-only,,,,,2204,ロドリゴ,横浜Ｆ,1977-09-10,pos=MF
sfix-only,,,,,2874,ロドリゴ,大分,1975-08-09,pos=MF
sfix-only,,,,,6140,ロドリゴ,仙台,1979-01-11,pos=FW
sfix-only,,,,,7652,ロブソン,大分,1969-05-10,pos=FW
sfix-only,,,,,6830,ロブソン,札幌,1974-09-21,pos=FW
sfix-only,,,,,7107,ロペス,東京Ｖ,1974-10-29,pos=DF
sfix-only,,,,,19599,若林 頼以弥,神戸,2000-04-26,pos=GK
sfix-only,,,,,387,若松 けん将,広島,1972-08-16,pos=FW
sfix-only,,,,,45652,脇谷 静香,岡山,2006-04-26,pos=GK
sfix-only,,,,,52279,和久 匠,長野,2006-06-25,pos=MF
sfix-only,,,,,579,ワグネル,柏,1966-06-02,pos=FW
sfix-only,,,,,37736,分島 諒,大分,2003-04-10,pos=DF
sfix-only,,,,,6385,ワシントン,山形,1978-11-14,pos=FW
sfix-only,,,,,6768,ワシントン,Ｃ大阪,1975-04-10,pos=FW
sfix-only,,,,,8172,ワシントン,浦和,1975-04-01,pos=FW
sfix-only,,,,,9056,ワシントン,FC東京,1978-07-17,pos=FW
sfix-only,,,,,23250,ワシントン,山口,1986-11-16,pos=MF
sfix-only,,,,,38935,渡辺 桜大,名古屋,2004-04-19,pos=DF
sfix-only,,,,,45260,渡邉 海翔,湘南,2006-06-10,pos=DF
sfix-only,,,,,19630,渡部 快斗,広島,2000-05-08,pos=FW
sfix-only,,,,,38110,渡邊 啓佳,清水,2004-11-28,pos=MF
sfix-only,,,,,62045,渡邊 航聖,仙台,2008-06-26,pos=GK
sfix-only,,,,,37753,渡辺 嵩也,大分,2004-07-05,pos=DF
sfix-only,,,,,29472,渡辺 拓,山口,2000-07-31,pos=MF
sfix-only,,,,,45271,渡辺 哲多,山形,2005-04-08,pos=MF
sfix-only,,,,,19294,渡邊 知生,仙台,1998-10-09,pos=DF
sfix-only,,,,,45698,渡部 飛駆,今治,2006-05-31,pos=FW
sfix-only,,,,,19674,渡辺 夏彦,湘南,1995-06-26,pos=MF
sfix-only,,,,,38077,渡部 広也,愛媛,2003-05-10,pos=MF
sfix-only,,,,,19507,渡邉 真智,熊本,1998-09-08,pos=MF
sfix-only,,,,,38061,渡邊 真宏,岡山,2004-08-19,pos=DF
sfix-only,,,,,19648,渡辺 陽,浦和,1998-10-14,pos=MF
sfix-only,,,,,29526,渡邉 吏海,岡山,2002-08-21,pos=DF
sfix-only,,,,,19533,渡辺 力樹,横浜FM,1998-04-19,pos=FW
sfix-only,,,,,45126,渡部 琉翔,愛媛,2005-04-09,pos=DF
sfix-only,,,,,45244,渡部 一歴,湘南,2005-04-23,pos=MF
sfix-only,,,,,38084,和田 輝斗,愛媛,2003-06-11,pos=DF
sfix-only,,,,,38106,和田 晃生,清水,2004-05-12,pos=DF
sfix-only,,,,,45226,和田 悠,湘南,2004-10-08,pos=DF
sfix-only,,,,,46834,和田 悠青,横浜FM,2006-05-25,pos=DF
sfix-only,,,,,12074,ワンザック,琉球,1991-01-28,pos=MF
sfix-only,,,,,37658,ヴァウド,長崎,1992-02-10,pos=DF
sfix-only,,,,,10917,ヴァウド,湘南,1980-11-22,pos=FW
sfix-only,,,,,37695,ヴァンデルソン,岩手,1994-02-07,pos=MF
sfix-only,,,,,32458,ヴィニシウス,栃木SC,1996-06-07,pos=FW
sfix-only,,,,,32726,ヴィニシウス,相模原,1994-06-06,pos=MF